Order_ID,Customer_ID,Order_Date,Product_Name,Category,Quantity,Unit_Price,Discount,Payment_Method,City,State,Customer_Age,Customer_Gender,Revenue,Month,Year
ORD001783,CUST0060,2025-12-12,Backpack,Fashion,5,2433.79,0.0,Credit Card,Hyderabad,Telangana,31.0,Male,12168.95,2025-12,2025
ORD003918,CUST1199,2025-01-13,Jacket,Fashion,1,4589.62,0.0,Net Banking,Chennai,Tamil Nadu,30.0,Male,4589.62,2025-01,2025
ORD000222,CUST0387,2025-08-27,Mixer Grinder,Home & Kitchen,1,7547.01,0.1,UPI,Chennai,Tamil Nadu,31.0,Male,6792.31,2025-08,2025
ORD002136,CUST0898,2024-04-10,Bluetooth Speaker,Electronics,2,66406.83,0.15,Debit Card,Coimbatore,Tamil Nadu,32.0,Male,112891.61,2024-04,2024
ORD005225,CUST0870,2025-02-23,Python Programming,Books,1,1546.5,0.0,Debit Card,New Delhi,Delhi,42.0,Female,1546.5,2025-02,2025
ORD001169,CUST0920,2024-10-03,Power Bank,Electronics,3,70181.8,0.05,Credit Card,Bengaluru,Karnataka,18.0,Male,200018.13,2024-10,2024
ORD000880,CUST0858,2024-05-11,Yoga Mat,Sports,4,5365.61,0.05,Credit Card,New Delhi,Delhi,35.0,Female,20389.32,2024-05,2024
ORD000157,CUST0311,2024-06-28,Bluetooth Speaker,Electronics,1,43546.82,0.1,Debit Card,New Delhi,Delhi,18.0,Female,39192.14,2024-06,2024
ORD001658,CUST0445,2024-08-09,Bluetooth Speaker,Electronics,4,57563.42,0.15,Net Banking,New Delhi,Delhi,18.0,Female,195715.63,2024-08,2024
ORD000324,CUST0616,2024-07-11,Moisturizer,Beauty,1,2820.23,0.0,UPI,Salem,Tamil Nadu,26.0,Female,2820.23,2024-07,2024
ORD005303,CUST0196,2024-03-24,T-Shirt,Fashion,1,4242.68,0.05,Cash on Delivery,New Delhi,Delhi,28.0,Female,4030.55,2024-03,2024
ORD002612,CUST0026,2025-03-29,Bluetooth Speaker,Electronics,2,71528.94,0.0,Cash on Delivery,Nagpur,Maharashtra,27.0,Male,143057.88,2025-03,2025
ORD000812,CUST0684,2024-10-12,Face Wash,Beauty,2,1842.55,0.0,Cash on Delivery,Trichy,Tamil Nadu,33.0,Male,3685.1,2024-10,2024
ORD000394,CUST0652,2025-10-27,Jacket,Fashion,4,5861.01,0.15,UPI,Thiruvananthapuram,Kerala,34.0,Female,19927.43,2025-10,2025
ORD003594,CUST0977,2024-07-04,Running Shoes,Sports,5,4004.15,0.15,UPI,New Delhi,Delhi,23.0,Male,17017.64,2024-07,2024
ORD002639,CUST0513,2025-07-27,Face Wash,Beauty,5,3094.46,0.0,Credit Card,Thiruvananthapuram,Kerala,41.0,Male,15472.3,2025-07,2025
ORD002188,CUST0981,2025-09-08,Yoga Mat,Sports,4,4638.75,0.15,Debit Card,Chennai,Tamil Nadu,28.0,Male,15771.75,2025-09,2025
ORD005352,CUST0789,2024-11-15,Perfume,Beauty,2,3932.16,0.05,Credit Card,Hyderabad,Telangana,30.0,Male,7471.1,2024-11,2024
ORD000320,CUST0207,2025-11-25,Mixer Grinder,Home & Kitchen,3,9010.58,0.1,Net Banking,Nagpur,Maharashtra,19.0,Female,24328.57,2025-11,2025
ORD000168,CUST0425,2025-01-27,Perfume,Beauty,1,3631.61,0.05,Debit Card,Kochi,Kerala,18.0,Female,3450.03,2025-01,2025
ORD000747,CUST0869,2024-06-10,Power Bank,Electronics,3,70053.63,0.15,Debit Card,New Delhi,Delhi,32.0,Male,178636.76,2024-06,2024
ORD005471,CUST0832,2025-04-12,Data Analytics Book,Books,2,1221.4,0.0,Cash on Delivery,Bengaluru,Karnataka,41.0,Male,2442.8,2025-04,2025
ORD003708,CUST0945,2025-11-13,Bedsheet,Home & Kitchen,1,708.28,0.1,UPI,Hyderabad,Telangana,18.0,Male,637.45,2025-11,2025
ORD002765,CUST0481,2025-10-23,Table Lamp,Home & Kitchen,2,1613.99,0.05,UPI,Trichy,Tamil Nadu,45.0,Female,3066.58,2025-10,2025
ORD005113,CUST1111,2024-01-19,T-Shirt,Fashion,2,2184.6,0.05,Credit Card,Thiruvananthapuram,Kerala,25.0,Male,4150.74,2024-01,2024
ORD004007,CUST0817,2024-07-16,Jacket,Fashion,4,4840.86,0.1,Debit Card,Mangaluru,Karnataka,32.0,Female,17427.1,2024-07,2024
ORD001872,CUST1132,2025-07-01,Face Wash,Beauty,1,1699.41,0.0,Cash on Delivery,New Delhi,Delhi,42.0,Female,1699.41,2025-07,2025
ORD005757,CUST0414,2025-09-30,Sneakers,Fashion,1,1859.75,0.0,UPI,Bengaluru,Karnataka,37.0,Female,1859.75,2025-09,2025
ORD003194,CUST0827,2024-01-13,Smart Watch,Electronics,1,11794.66,0.0,UPI,Hyderabad,Telangana,34.0,Female,11794.66,2024-01,2024
ORD003755,CUST1136,2025-10-13,Face Wash,Beauty,1,1344.97,0.1,Cash on Delivery,Mangaluru,Karnataka,35.0,Male,1210.47,2025-10,2025
ORD005626,CUST0277,2025-01-22,Smart Watch,Electronics,1,9638.85,0.05,UPI,Kochi,Kerala,33.0,Male,9156.91,2025-01,2025
ORD004895,CUST1090,2025-11-14,Football,Sports,1,6435.08,0.1,Credit Card,Warangal,Telangana,33.0,Female,5791.57,2025-11,2025
ORD004103,CUST0963,2024-07-12,Python Programming,Books,2,259.94,0.05,Debit Card,Warangal,Telangana,18.0,Male,493.89,2024-07,2024
ORD001262,CUST1077,2025-06-03,Wireless Headphones,Electronics,5,45034.48,0.05,Cash on Delivery,Pune,Maharashtra,39.0,Male,213913.78,2025-06,2025
ORD002339,CUST0976,2024-03-23,Laptop Stand,Electronics,3,54652.48,0.15,UPI,Salem,Tamil Nadu,36.0,Female,139363.82,2024-03,2024
ORD000085,CUST0096,2025-02-21,SQL Guide,Books,4,279.25,0.0,UPI,Warangal,Telangana,21.0,Male,1117.0,2025-02,2025
ORD003822,CUST0602,2024-11-09,Running Shoes,Sports,2,1481.81,0.1,Credit Card,Chennai,Tamil Nadu,30.0,Female,2667.26,2024-11,2024
ORD002654,CUST1092,2025-08-07,Cookware Set,Home & Kitchen,2,6751.88,0.0,UPI,Hyderabad,Telangana,21.0,Male,13503.76,2025-08,2025
ORD005546,CUST0463,2024-05-30,Football,Sports,5,6568.51,0.1,Cash on Delivery,Kochi,Kerala,42.0,Male,29558.3,2024-05,2024
ORD002747,CUST1126,2024-05-18,Running Shoes,Sports,2,8461.34,0.05,Cash on Delivery,Trichy,Tamil Nadu,20.0,Female,16076.55,2024-05,2024
ORD002859,CUST0328,2025-02-28,Backpack,Fashion,1,5406.31,0.2,Credit Card,Pune,Maharashtra,32.0,Male,4325.05,2025-02,2025
ORD000997,CUST0564,2025-10-12,Power Bank,Electronics,1,52792.54,0.0,Cash on Delivery,Thiruvananthapuram,Kerala,26.0,Female,52792.54,2025-10,2025
ORD000229,CUST0431,2024-02-28,Wireless Headphones,Electronics,2,43703.02,0.15,Cash on Delivery,Thiruvananthapuram,Kerala,35.0,Male,74295.13,2024-02,2024
ORD003265,CUST0911,2024-03-05,Jacket,Fashion,4,488.65,0.0,UPI,Bengaluru,Karnataka,31.0,Female,1954.6,2024-03,2024
ORD004829,CUST1102,2024-04-01,Backpack,Fashion,2,4340.29,0.1,Cash on Delivery,Hyderabad,Telangana,37.0,Male,7812.52,2024-04,2024
ORD003943,CUST0725,2024-11-26,Football,Sports,1,5512.66,0.1,Cash on Delivery,New Delhi,Delhi,18.0,Male,4961.39,2024-11,2024
ORD005460,CUST0929,2024-01-30,Football,Sports,1,3433.2,0.15,UPI,Warangal,Telangana,23.0,Male,2918.22,2024-01,2024
ORD003833,CUST0159,2024-04-15,Table Lamp,Home & Kitchen,3,11910.73,0.15,Credit Card,Nagpur,Maharashtra,23.0,Male,30372.36,2024-04,2024
ORD001653,CUST1189,2025-11-05,Yoga Mat,Sports,3,7804.68,0.05,Debit Card,Pune,Maharashtra,18.0,Female,22243.34,2025-11,2025
ORD000080,CUST1003,2024-03-03,Cookware Set,Home & Kitchen,5,7155.34,0.1,Cash on Delivery,Bengaluru,Karnataka,29.0,Female,32199.03,2024-03,2024
ORD000965,CUST0015,2025-11-13,Power Bank,Electronics,2,4855.54,0.1,Credit Card,Kochi,Kerala,31.0,Female,8739.97,2025-11,2025
ORD000927,CUST0386,2024-02-28,Data Analytics Book,Books,4,1677.07,0.05,Credit Card,Kochi,Kerala,30.0,Female,6372.87,2024-02,2024
ORD000795,CUST0596,2025-07-18,Face Wash,Beauty,3,3421.41,0.0,Net Banking,Hyderabad,Telangana,18.0,Female,10264.23,2025-07,2025
ORD003380,CUST0132,2024-01-20,Running Shoes,Sports,1,2774.35,0.05,Debit Card,Kochi,Kerala,32.0,Female,2635.63,2024-01,2024
ORD003165,CUST0063,2025-05-13,Face Wash,Beauty,2,3732.86,0.05,Net Banking,Mumbai,Maharashtra,44.0,Male,7092.43,2025-05,2025
ORD004658,CUST1182,2025-09-26,Jeans,Fashion,1,5224.4,0.05,Credit Card,Mysuru,Karnataka,31.0,Female,4963.18,2025-09,2025
ORD003312,CUST1054,2025-02-13,Football,Sports,1,8207.91,0.05,UPI,Madurai,Tamil Nadu,26.0,Male,7797.51,2025-02,2025
ORD003935,CUST0270,2024-05-02,T-Shirt,Fashion,4,3349.76,0.0,Credit Card,Mumbai,Maharashtra,40.0,Male,13399.04,2024-05,2024
ORD001075,CUST0107,2025-12-13,Bluetooth Speaker,Electronics,1,31348.76,0.15,UPI,Thiruvananthapuram,Kerala,25.0,Male,26646.45,2025-12,2025
ORD004841,CUST0177,2024-04-20,Table Lamp,Home & Kitchen,1,3425.68,0.1,UPI,Bengaluru,Karnataka,35.0,Female,3083.11,2024-04,2024
ORD004184,CUST0148,2024-10-05,SQL Guide,Books,2,675.59,0.0,UPI,Coimbatore,Tamil Nadu,35.0,Male,1351.18,2024-10,2024
ORD002025,CUST0742,2025-10-18,Cricket Bat,Sports,3,8699.2,0.0,Net Banking,Hyderabad,Telangana,29.0,Female,26097.6,2025-10,2025
ORD005678,CUST0962,2024-02-10,Bluetooth Speaker,Electronics,3,9571.42,0.15,Debit Card,Warangal,Telangana,18.0,Male,24407.12,2024-02,2024
ORD004635,CUST0258,2025-01-11,Jacket,Fashion,3,3073.28,0.0,UPI,Warangal,Telangana,19.0,Male,9219.84,2025-01,2025
ORD001746,CUST0234,2024-06-14,Coffee Maker,Home & Kitchen,2,8878.41,0.0,Credit Card,New Delhi,Delhi,38.0,Female,17756.82,2024-06,2024
ORD003144,CUST1139,2025-03-03,Sneakers,Fashion,5,3318.25,0.0,UPI,Mumbai,Maharashtra,41.0,Male,16591.25,2025-03,2025
ORD003264,CUST0362,2025-12-31,Business Analytics,Books,3,1638.87,0.0,Cash on Delivery,Mumbai,Maharashtra,29.0,Male,4916.61,2025-12,2025
ORD003122,CUST0302,2025-11-14,Bluetooth Speaker,Electronics,2,19390.46,0.1,Cash on Delivery,Warangal,Telangana,36.0,Female,34902.83,2025-11,2025
ORD001452,CUST0891,2025-01-05,Business Analytics,Books,2,1406.32,0.0,Debit Card,Salem,Tamil Nadu,32.0,Female,2812.64,2025-01,2025
ORD000440,CUST1189,2025-09-08,Power Bank,Electronics,2,41427.96,0.05,Cash on Delivery,Bengaluru,Karnataka,35.0,Male,78713.12,2025-09,2025
ORD003317,CUST0333,2024-09-22,Yoga Mat,Sports,1,9594.22,0.05,Debit Card,Coimbatore,Tamil Nadu,27.0,Other,9114.51,2024-09,2024
ORD004544,CUST1190,2025-07-03,Dumbbells,Sports,3,6470.22,0.0,Credit Card,New Delhi,Delhi,35.0,Male,19410.66,2025-07,2025
ORD002982,CUST0753,2024-12-10,Smart Watch,Electronics,2,71305.67,0.0,Debit Card,Coimbatore,Tamil Nadu,24.0,Male,142611.34,2024-12,2024
ORD002081,CUST0654,2024-04-16,Jeans,Fashion,4,1605.6,0.2,Debit Card,Coimbatore,Tamil Nadu,37.0,Male,5137.92,2024-04,2024
ORD004021,CUST1115,2024-09-27,Jacket,Fashion,1,1774.4,0.1,Net Banking,Bengaluru,Karnataka,41.0,Female,1596.96,2024-09,2024
ORD001455,CUST0782,2024-04-20,Bedsheet,Home & Kitchen,1,6070.32,0.15,Cash on Delivery,Kochi,Kerala,30.0,Female,5159.77,2024-04,2024
ORD000255,CUST1083,2024-02-14,Sneakers,Fashion,1,4161.2,0.1,Net Banking,Kochi,Kerala,32.0,Male,3745.08,2024-02,2024
ORD000466,CUST0480,2024-03-11,Football,Sports,3,8551.7,0.0,Credit Card,Mumbai,Maharashtra,63.0,Male,25655.1,2024-03,2024
ORD002118,CUST0556,2025-08-04,Machine Learning Book,Books,1,747.06,0.1,Cash on Delivery,Warangal,Telangana,31.0,Female,672.35,2025-08,2025
ORD000507,CUST0688,2024-04-02,Power Bank,Electronics,2,56559.29,0.0,UPI,Mysuru,Karnataka,22.0,Male,113118.58,2024-04,2024
ORD004272,CUST1191,2025-12-04,Shampoo,Beauty,2,2534.23,0.05,Debit Card,Warangal,Telangana,33.0,Female,4815.04,2025-12,2025
ORD004289,CUST0251,2024-11-03,Laptop Stand,Electronics,3,4724.24,0.1,Credit Card,Hyderabad,Telangana,43.0,Female,12755.45,2024-11,2024
ORD004214,CUST0522,2024-10-18,Jacket,Fashion,3,5440.98,0.1,Credit Card,Pune,Maharashtra,34.0,Male,14690.65,2024-10,2024
ORD000234,CUST1023,2025-08-04,Backpack,Fashion,2,2870.85,0.1,Cash on Delivery,New Delhi,Delhi,38.0,Female,5167.53,2025-08,2025
ORD000554,CUST0064,2024-10-25,Jeans,Fashion,2,5889.46,0.1,Debit Card,New Delhi,Delhi,41.0,Female,10601.03,2024-10,2024
ORD005315,CUST1129,2025-03-23,Sneakers,Fashion,2,4165.27,0.15,UPI,Chennai,Tamil Nadu,39.0,Female,7080.96,2025-03,2025
ORD000545,CUST0825,2025-09-01,SQL Guide,Books,1,269.39,0.0,Credit Card,Warangal,Telangana,28.0,Female,269.39,2025-09,2025
ORD003701,CUST0582,2024-03-17,Jacket,Fashion,3,5575.73,0.0,Credit Card,Coimbatore,Tamil Nadu,36.0,Female,16727.19,2024-03,2024
ORD003541,CUST0800,2024-02-20,Sneakers,Fashion,5,748.52,0.15,UPI,Mumbai,Maharashtra,18.0,Female,3181.21,2024-02,2024
ORD002789,CUST0132,2024-12-05,Dumbbells,Sports,2,583.69,0.1,Net Banking,Madurai,Tamil Nadu,18.0,Male,1050.64,2024-12,2024
ORD002865,CUST1047,2025-11-10,Running Shoes,Sports,1,6940.33,0.1,UPI,Mysuru,Karnataka,24.0,Male,6246.3,2025-11,2025
ORD002084,CUST0475,2025-01-16,Bedsheet,Home & Kitchen,3,5331.46,0.1,Cash on Delivery,Mysuru,Karnataka,35.0,Female,14394.94,2025-01,2025
ORD005543,CUST1183,2024-08-08,Bluetooth Speaker,Electronics,4,20399.69,0.15,UPI,Mysuru,Karnataka,33.0,Male,69358.95,2024-08,2024
ORD000309,CUST0644,2025-07-27,Cookware Set,Home & Kitchen,3,12713.72,0.05,Debit Card,Pune,Maharashtra,36.0,Male,36234.1,2025-07,2025
ORD000711,CUST0237,2025-08-28,Bluetooth Speaker,Electronics,3,51503.35,0.0,Credit Card,New Delhi,Delhi,29.0,Male,154510.05,2025-08,2025
ORD004104,CUST0849,2025-12-31,Shampoo,Beauty,2,1472.54,0.0,UPI,Warangal,Telangana,25.0,Male,2945.08,2025-12,2025
ORD001581,CUST1194,2025-04-12,Bedsheet,Home & Kitchen,1,8384.04,0.05,UPI,Mangaluru,Karnataka,20.0,Male,7964.84,2025-04,2025
ORD001311,CUST0276,2025-02-23,Bedsheet,Home & Kitchen,1,2727.66,0.15,Debit Card,Madurai,Tamil Nadu,43.0,Male,2318.51,2025-02,2025
ORD000626,CUST0464,2024-01-07,T-Shirt,Fashion,3,596.88,0.1,Debit Card,Mumbai,Maharashtra,22.0,Female,1611.58,2024-01,2024
ORD000024,CUST0128,2024-06-09,Jeans,Fashion,2,944.19,0.1,Net Banking,New Delhi,Delhi,37.0,Female,1699.54,2024-06,2024
ORD002532,CUST0249,2024-02-24,Jeans,Fashion,2,1726.59,0.15,UPI,Salem,Tamil Nadu,37.0,Female,2935.2,2024-02,2024
ORD001871,CUST0362,2025-06-02,Cricket Bat,Sports,1,9217.67,0.0,Cash on Delivery,Mangaluru,Karnataka,47.0,Male,9217.67,2025-06,2025
ORD005111,CUST0935,2024-02-09,Cookware Set,Home & Kitchen,1,11539.6,0.1,Cash on Delivery,Mangaluru,Karnataka,32.0,Male,10385.64,2024-02,2024
ORD003489,CUST0185,2024-03-17,SQL Guide,Books,3,1903.01,0.1,Debit Card,Kochi,Kerala,31.0,Female,5138.13,2024-03,2024
ORD001171,CUST0760,2025-06-30,Sunscreen,Beauty,4,1196.68,0.05,Cash on Delivery,Thiruvananthapuram,Kerala,27.0,Male,4547.38,2025-06,2025
ORD004746,CUST1005,2024-09-29,Backpack,Fashion,5,5817.59,0.0,UPI,Mangaluru,Karnataka,27.0,Male,29087.95,2024-09,2024
ORD002119,CUST0614,2024-05-13,Jacket,Fashion,1,3843.69,0.0,UPI,New Delhi,Delhi,25.0,Female,3843.69,2024-05,2024
ORD003019,CUST0088,2024-03-12,Cricket Bat,Sports,1,5195.89,0.0,UPI,Mangaluru,Karnataka,37.0,Male,5195.89,2024-03,2024
ORD001195,CUST1143,2025-07-29,Mixer Grinder,Home & Kitchen,2,13571.24,0.1,Debit Card,Pune,Maharashtra,43.0,Male,24428.23,2025-07,2025
ORD002246,CUST1088,2024-05-04,Running Shoes,Sports,1,7411.58,0.1,Credit Card,Mysuru,Karnataka,32.0,Female,6670.42,2024-05,2024
ORD002874,CUST0084,2024-02-21,Shampoo,Beauty,1,1754.19,0.0,Credit Card,Kochi,Kerala,29.0,Female,1754.19,2024-02,2024
ORD005640,CUST0962,2025-05-14,T-Shirt,Fashion,1,2418.9,0.05,Debit Card,Mangaluru,Karnataka,39.0,Male,2297.96,2025-05,2025
ORD002550,CUST0721,2025-12-16,Data Analytics Book,Books,1,607.13,0.2,UPI,Mumbai,Maharashtra,29.0,Female,485.7,2025-12,2025
ORD003155,CUST0084,2025-12-18,Mixer Grinder,Home & Kitchen,4,10711.79,0.1,UPI,Thiruvananthapuram,Kerala,47.0,Female,38562.44,2025-12,2025
ORD000094,CUST0073,2025-05-15,Wireless Headphones,Electronics,2,37206.78,0.0,UPI,Chennai,Tamil Nadu,18.0,Female,74413.56,2025-05,2025
ORD002078,CUST0346,2024-02-15,Sunscreen,Beauty,2,3902.96,0.15,Credit Card,Thiruvananthapuram,Kerala,35.0,Female,6635.03,2024-02,2024
ORD000470,CUST0895,2024-09-23,Jeans,Fashion,3,4953.63,0.05,Debit Card,Mangaluru,Karnataka,39.0,Male,14117.85,2024-09,2024
ORD000788,CUST0848,2024-06-23,Data Analytics Book,Books,1,2292.59,0.1,Debit Card,Warangal,Telangana,38.0,Male,2063.33,2024-06,2024
ORD001700,CUST1173,2024-09-01,Laptop Stand,Electronics,1,28771.34,0.15,UPI,New Delhi,Delhi,36.0,Female,24455.64,2024-09,2024
ORD001838,CUST0709,2025-10-02,Bluetooth Speaker,Electronics,3,50017.33,0.0,UPI,Mangaluru,Karnataka,22.0,Male,150051.99,2025-10,2025
ORD003064,CUST1002,2024-03-14,Machine Learning Book,Books,3,350.89,0.15,Credit Card,Mangaluru,Karnataka,34.0,Male,894.77,2024-03,2024
ORD001707,CUST0073,2024-10-07,Shampoo,Beauty,5,1616.24,0.1,Credit Card,Thiruvananthapuram,Kerala,42.0,Male,7273.08,2024-10,2024
ORD003968,CUST0075,2025-10-23,Bedsheet,Home & Kitchen,1,5903.82,0.1,UPI,Mumbai,Maharashtra,38.0,Female,5313.44,2025-10,2025
ORD003863,CUST0815,2024-09-14,Power Bank,Electronics,1,35575.94,0.1,Net Banking,Mysuru,Karnataka,26.0,Male,32018.35,2024-09,2024
ORD003665,CUST0741,2025-11-27,Moisturizer,Beauty,3,2551.18,0.0,Debit Card,Mysuru,Karnataka,38.0,Male,7653.54,2025-11,2025
ORD005892,CUST0294,2024-03-24,Backpack,Fashion,1,4227.7,0.15,Cash on Delivery,Nagpur,Maharashtra,33.0,Female,3593.54,2024-03,2024
ORD003205,CUST0541,2025-12-17,SQL Guide,Books,1,1959.52,0.2,Debit Card,New Delhi,Delhi,29.0,Female,1567.62,2025-12,2025
ORD000605,CUST0944,2025-11-22,Yoga Mat,Sports,1,4715.16,0.15,Credit Card,Trichy,Tamil Nadu,32.0,Male,4007.89,2025-11,2025
ORD004943,CUST0018,2025-02-08,Jacket,Fashion,5,4862.14,0.1,Credit Card,Salem,Tamil Nadu,43.0,Female,21879.63,2025-02,2025
ORD001551,CUST0302,2024-09-08,Table Lamp,Home & Kitchen,1,7010.58,0.0,,Coimbatore,Tamil Nadu,31.0,Female,7010.58,2024-09,2024
ORD004709,CUST0465,2025-05-22,Python Programming,Books,1,914.59,0.1,UPI,New Delhi,Delhi,20.0,Female,823.13,2025-05,2025
ORD004835,CUST0707,2025-06-02,Wireless Headphones,Electronics,1,59480.36,0.1,Debit Card,Trichy,Tamil Nadu,50.0,Male,53532.32,2025-06,2025
ORD003186,CUST0899,2024-01-30,Sneakers,Fashion,2,4158.26,0.0,Net Banking,Warangal,Telangana,28.0,Female,8316.52,2024-01,2024
ORD004387,CUST0930,2024-01-25,Coffee Maker,Home & Kitchen,2,14576.56,0.0,UPI,Warangal,Telangana,18.0,Female,29153.12,2024-01,2024
ORD001587,CUST0455,2024-07-01,Power Bank,Electronics,3,78043.72,0.1,Credit Card,Thiruvananthapuram,Kerala,18.0,Female,210718.04,2024-07,2024
ORD003120,CUST1057,2024-12-22,Cricket Bat,Sports,2,3265.91,,UPI,Mysuru,Karnataka,34.0,Female,5225.46,2024-12,2024
ORD003400,CUST0187,2024-05-09,Sunscreen,Beauty,1,2174.11,0.0,UPI,New Delhi,Delhi,29.0,Female,2174.11,2024-05,2024
ORD000402,CUST0582,2025-01-24,Bedsheet,Home & Kitchen,4,10247.63,0.05,Cash on Delivery,Thiruvananthapuram,Kerala,21.0,Female,38940.99,2025-01,2025
ORD000032,CUST0912,2025-03-28,Power Bank,Electronics,2,4606.27,0.2,Cash on Delivery,Hyderabad,Telangana,24.0,Male,7370.03,2025-03,2025
ORD001484,CUST1025,2024-12-25,Sunscreen,Beauty,1,3326.87,0.05,Cash on Delivery,Hyderabad,Telangana,38.0,Other,3160.53,2024-12,2024
ORD002681,CUST0712,2024-08-01,Mixer Grinder,Home & Kitchen,2,13076.33,0.05,UPI,Thiruvananthapuram,Kerala,36.0,Male,24845.03,2024-08,2024
ORD000600,CUST0844,2025-09-24,Bluetooth Speaker,Electronics,4,70034.18,0.1,Debit Card,Hyderabad,Telangana,44.0,Male,252123.05,2025-09,2025
ORD003150,CUST0238,2024-10-07,Bluetooth Speaker,Electronics,1,44254.52,0.05,UPI,Warangal,Telangana,33.0,Male,42041.79,2024-10,2024
ORD005545,CUST0851,2024-10-16,SQL Guide,Books,1,1029.83,0.05,UPI,Madurai,Tamil Nadu,32.0,Female,978.34,2024-10,2024
ORD001861,CUST0651,2024-10-09,Cricket Bat,Sports,1,4889.8,0.0,UPI,New Delhi,Delhi,36.0,Female,4889.8,2024-10,2024
ORD000566,CUST0344,2024-07-20,SQL Guide,Books,1,329.11,0.05,Credit Card,Bengaluru,Karnataka,33.0,Male,312.65,2024-07,2024
ORD002214,CUST0221,2024-01-14,Jacket,Fashion,1,648.52,0.1,Cash on Delivery,New Delhi,Delhi,36.0,Male,583.67,2024-01,2024
ORD001967,CUST1036,2025-10-12,Shampoo,Beauty,2,2464.14,0.1,UPI,Thiruvananthapuram,Kerala,29.0,Male,4435.45,2025-10,2025
ORD000866,CUST1125,2024-09-04,Smart Watch,Electronics,1,21777.41,0.05,Debit Card,Mysuru,Karnataka,27.0,Male,20688.54,2024-09,2024
ORD004608,CUST0096,2024-07-29,T-Shirt,Fashion,3,1103.22,0.05,Debit Card,Kochi,Kerala,21.0,Male,3144.18,2024-07,2024
ORD002451,CUST1069,2025-05-31,Face Wash,Beauty,3,1678.52,0.1,UPI,Trichy,Tamil Nadu,42.0,Male,4532.0,2025-05,2025
ORD005693,CUST0961,2025-02-16,Business Analytics,Books,3,2202.52,0.2,UPI,Nagpur,Maharashtra,32.0,Male,5286.05,2025-02,2025
ORD000813,CUST0448,2025-03-31,Data Analytics Book,Books,2,1598.57,0.05,Credit Card,New Delhi,Delhi,24.0,Male,3037.28,2025-03,2025
ORD001478,CUST1071,2025-01-27,Cookware Set,Home & Kitchen,2,10899.21,0.1,Cash on Delivery,Mysuru,Karnataka,45.0,Male,19618.58,2025-01,2025
ORD004735,CUST0102,2024-12-24,Business Analytics,Books,1,1167.54,0.2,UPI,Warangal,Telangana,54.0,Male,934.03,2024-12,2024
ORD002272,CUST0094,2025-01-08,Machine Learning Book,Books,1,2402.95,0.05,UPI,Warangal,Telangana,18.0,Male,2282.8,2025-01,2025
ORD001039,CUST0031,2025-03-05,T-Shirt,Fashion,1,693.96,0.05,Net Banking,Kochi,Kerala,37.0,Male,659.26,2025-03,2025
ORD004527,CUST1191,2024-05-22,Bedsheet,Home & Kitchen,3,8628.96,0.1,Debit Card,Mysuru,Karnataka,35.0,Female,23298.19,2024-05,2024
ORD000081,CUST0561,2024-03-03,Jacket,Fashion,1,1467.85,0.0,Credit Card,New Delhi,Delhi,23.0,Female,1467.85,2024-03,2024
ORD001205,CUST0447,2025-08-10,Wireless Headphones,Electronics,2,79908.51,0.1,UPI,Mysuru,Karnataka,31.0,Female,143835.32,2025-08,2025
ORD003286,CUST0979,2025-01-07,Smart Watch,Electronics,1,14505.85,0.15,UPI,Nagpur,Maharashtra,19.0,Male,12329.97,2025-01,2025
ORD001546,CUST0684,2025-10-23,Sneakers,Fashion,4,3202.35,0.1,Cash on Delivery,New Delhi,Delhi,36.0,Female,11528.46,2025-10,2025
ORD000178,CUST1054,2025-02-16,Yoga Mat,Sports,2,8211.65,0.1,Cash on Delivery,Kochi,Kerala,37.0,Male,14780.97,2025-02,2025
ORD002586,CUST1138,2024-06-07,Face Wash,Beauty,2,1780.72,0.1,Net Banking,Coimbatore,Tamil Nadu,29.0,Male,3205.3,2024-06,2024
ORD005993,CUST0801,2025-03-19,Smart Watch,Electronics,2,73867.38,0.2,UPI,Mangaluru,Karnataka,26.0,Female,118187.81,2025-03,2025
ORD004864,CUST0108,2024-08-03,Python Programming,Books,3,2384.36,0.2,Credit Card,New Delhi,Delhi,22.0,Male,5722.46,2024-08,2024
ORD001439,CUST1198,2024-09-19,Business Analytics,Books,3,1902.41,0.0,Cash on Delivery,New Delhi,Delhi,29.0,Female,5707.23,2024-09,2024
ORD000297,CUST0455,2024-08-29,Perfume,Beauty,1,3034.49,0.0,Cash on Delivery,Nagpur,Maharashtra,30.0,Female,3034.49,2024-08,2024
ORD003616,CUST0206,2024-05-18,Table Lamp,Home & Kitchen,1,13245.2,0.05,Debit Card,Hyderabad,Telangana,27.0,Male,12582.94,2024-05,2024
ORD003648,CUST0382,2025-06-20,Wireless Headphones,Electronics,1,77176.21,0.1,Credit Card,Chennai,Tamil Nadu,18.0,Male,69458.59,2025-06,2025
ORD000158,CUST0134,2025-10-31,Laptop Stand,Electronics,2,14543.14,0.1,UPI,New Delhi,Delhi,41.0,Male,26177.65,2025-10,2025
ORD001028,CUST0373,2024-02-05,Python Programming,Books,4,2037.74,0.0,UPI,Nagpur,Maharashtra,27.0,Female,8150.96,2024-02,2024
ORD000411,CUST1116,2025-03-16,Shampoo,Beauty,1,3879.26,0.1,Net Banking,Trichy,Tamil Nadu,27.0,Other,3491.33,2025-03,2025
ORD003959,CUST0258,2024-02-12,Business Analytics,Books,2,331.2,0.05,Credit Card,Hyderabad,Telangana,18.0,Male,629.28,2024-02,2024
ORD005938,CUST0221,2024-10-02,Bedsheet,Home & Kitchen,1,6414.25,0.1,UPI,Mysuru,Karnataka,49.0,Female,5772.82,2024-10,2024
ORD004957,CUST0274,2025-01-19,Wireless Headphones,Electronics,4,39756.01,0.05,UPI,New Delhi,Delhi,36.0,Male,151072.84,2025-01,2025
ORD004757,CUST1065,2025-01-03,Wireless Headphones,Electronics,2,45688.63,0.1,Credit Card,Salem,Tamil Nadu,20.0,Female,82239.53,2025-01,2025
ORD005448,CUST0097,2024-05-31,Yoga Mat,Sports,1,6485.22,0.05,UPI,Warangal,Telangana,33.0,Female,6160.96,2024-05,2024
ORD002182,CUST0988,2024-06-30,Coffee Maker,Home & Kitchen,1,8345.24,0.05,UPI,Thiruvananthapuram,Kerala,30.0,Male,7927.98,2024-06,2024
ORD005809,CUST0624,2024-11-22,Machine Learning Book,Books,2,1686.57,0.1,UPI,Kochi,Kerala,37.0,Female,3035.83,2024-11,2024
ORD000811,CUST0364,2025-09-04,Jeans,Fashion,2,2154.2,0.15,UPI,Kochi,Kerala,48.0,Female,3662.14,2025-09,2025
ORD004916,CUST1038,2024-05-01,Sneakers,Fashion,2,3390.02,0.05,UPI,Thiruvananthapuram,Kerala,35.0,Female,6441.04,2024-05,2024
ORD004954,CUST0296,2025-06-22,Dumbbells,Sports,1,3166.06,0.15,Credit Card,New Delhi,Delhi,28.0,Female,2691.15,2025-06,2025
ORD003734,CUST1138,2025-10-04,Sneakers,Fashion,1,4108.28,0.0,Credit Card,Warangal,Telangana,18.0,Female,4108.28,2025-10,2025
ORD005164,CUST1063,2025-02-13,Power Bank,Electronics,1,10127.93,0.2,UPI,Pune,Maharashtra,24.0,Female,8102.34,2025-02,2025
ORD002978,CUST0860,2024-09-18,T-Shirt,Fashion,1,2260.2,0.0,UPI,Thiruvananthapuram,Kerala,39.0,Female,2260.2,2024-09,2024
ORD003796,CUST1191,2024-01-10,Jacket,Fashion,1,3445.53,0.1,Credit Card,Madurai,Tamil Nadu,35.0,Female,3100.98,2024-01,2024
ORD002169,CUST0867,2024-07-29,Jeans,Fashion,2,1154.84,0.1,Cash on Delivery,Madurai,Tamil Nadu,37.0,Male,2078.71,2024-07,2024
ORD003078,CUST0905,2025-01-18,Cricket Bat,Sports,1,8017.68,0.1,Credit Card,Bengaluru,Karnataka,23.0,Male,7215.91,2025-01,2025
ORD001695,CUST0130,2024-02-08,Jacket,Fashion,2,5184.8,0.15,Debit Card,Thiruvananthapuram,Kerala,43.0,Female,8814.16,2024-02,2024
ORD001025,CUST0352,2025-06-13,Moisturizer,Beauty,1,655.57,0.05,UPI,Mysuru,Karnataka,18.0,Male,622.79,2025-06,2025
ORD003947,CUST0048,2025-01-13,Yoga Mat,Sports,1,7323.95,0.0,Credit Card,Chennai,Tamil Nadu,28.0,Female,7323.95,2025-01,2025
ORD002125,CUST0757,2025-01-22,Running Shoes,Sports,2,8288.83,0.0,Debit Card,Warangal,Telangana,25.0,Male,16577.66,2025-01,2025
ORD005295,CUST0205,2024-02-17,Jeans,Fashion,2,3720.15,0.0,Cash on Delivery,New Delhi,Delhi,40.0,Male,7440.3,2024-02,2024
ORD002705,CUST0458,2024-09-19,Coffee Maker,Home & Kitchen,2,11229.69,0.05,Cash on Delivery,Salem,Tamil Nadu,24.0,Male,21336.41,2024-09,2024
ORD001034,CUST0617,2025-01-25,Laptop Stand,Electronics,3,25339.31,0.2,UPI,Nagpur,Maharashtra,24.0,Male,60814.34,2025-01,2025
ORD005872,CUST0421,2025-10-16,Backpack,Fashion,1,1480.63,0.05,UPI,Hyderabad,Telangana,32.0,Male,1406.6,2025-10,2025
ORD005365,CUST0423,2024-08-21,T-Shirt,Fashion,2,2145.79,0.2,Credit Card,Chennai,Tamil Nadu,34.0,Male,3433.26,2024-08,2024
ORD004160,CUST0744,2024-04-27,T-Shirt,Fashion,2,5065.53,0.15,UPI,Kochi,Kerala,37.0,Female,8611.4,2024-04,2024
ORD001701,CUST1027,2024-11-21,Wireless Headphones,Electronics,5,76036.9,0.2,Cash on Delivery,Hyderabad,Telangana,41.0,Male,304147.6,2024-11,2024
ORD002914,CUST0884,2024-08-05,Coffee Maker,Home & Kitchen,2,7389.25,0.05,Credit Card,Mysuru,Karnataka,19.0,Female,14039.58,2024-08,2024
ORD004879,CUST0947,2025-01-18,Table Lamp,Home & Kitchen,2,6288.45,0.05,Debit Card,Chennai,Tamil Nadu,29.0,Male,11948.05,2025-01,2025
ORD003321,CUST0444,2024-05-08,Sneakers,Fashion,1,3786.52,0.0,Credit Card,Mangaluru,Karnataka,35.0,Male,3786.52,2024-05,2024
ORD005027,CUST0109,2024-02-07,Smart Watch,Electronics,1,20498.09,0.1,UPI,Thiruvananthapuram,Kerala,32.0,Female,18448.28,2024-02,2024
ORD002583,CUST0566,2024-06-15,Wireless Headphones,Electronics,1,42084.29,0.15,UPI,Kochi,Kerala,29.0,Male,35771.65,2024-06,2024
ORD005284,CUST0708,2024-11-19,Perfume,Beauty,1,745.47,0.15,Cash on Delivery,Mumbai,Maharashtra,45.0,Male,633.65,2024-11,2024
ORD004251,CUST0992,2024-08-23,Face Wash,Beauty,1,2105.95,0.05,Debit Card,Mysuru,Karnataka,31.0,Female,2000.65,2024-08,2024
ORD001187,CUST1121,2024-01-30,Football,Sports,1,1614.08,0.1,Cash on Delivery,Coimbatore,Tamil Nadu,19.0,Female,1452.67,2024-01,2024
ORD003738,CUST0314,2024-05-23,Yoga Mat,Sports,2,3700.77,0.2,Cash on Delivery,Bengaluru,Karnataka,19.0,Male,5921.23,2024-05,2024
ORD000784,CUST0484,2025-09-26,Sneakers,Fashion,1,1514.86,0.1,UPI,Kochi,Kerala,34.0,Male,1363.37,2025-09,2025
ORD004403,CUST0491,2024-11-29,Coffee Maker,Home & Kitchen,3,3347.12,0.0,UPI,Mumbai,Maharashtra,20.0,Male,10041.36,2024-11,2024
ORD000051,CUST1169,2024-03-23,T-Shirt,Fashion,4,4639.2,0.0,UPI,New Delhi,Delhi,23.0,Male,18556.8,2024-03,2024
ORD000713,CUST0007,2024-09-10,Sunscreen,Beauty,3,3384.19,0.05,Debit Card,Kochi,Kerala,41.0,Male,9644.94,2024-09,2024
ORD002307,CUST0860,2025-09-12,Power Bank,Electronics,2,57941.64,0.0,Debit Card,Kochi,Kerala,44.0,Female,115883.28,2025-09,2025
ORD003868,CUST0067,2024-09-15,Laptop Stand,Electronics,4,69010.43,0.1,Credit Card,New Delhi,Delhi,33.0,Female,248437.55,2024-09,2024
ORD002447,CUST0759,2024-04-23,Jacket,Fashion,1,2670.88,0.15,Debit Card,Hyderabad,Telangana,25.0,Other,2270.25,2024-04,2024
ORD002241,CUST0816,2025-08-02,Jacket,Fashion,2,3323.24,0.1,UPI,Thiruvananthapuram,Kerala,32.0,Male,5981.83,2025-08,2025
ORD004604,CUST1048,2025-01-29,Smart Watch,Electronics,2,59431.44,0.1,UPI,New Delhi,Delhi,28.0,Male,106976.59,2025-01,2025
ORD004791,CUST0376,2024-03-30,Smart Watch,Electronics,2,41597.14,0.0,UPI,New Delhi,Delhi,32.0,Male,83194.28,2024-03,2024
ORD003104,CUST0691,2024-12-13,T-Shirt,Fashion,2,4030.09,0.05,UPI,Salem,Tamil Nadu,36.0,Female,7657.17,2024-12,2024
ORD005567,CUST0008,2024-09-23,Football,Sports,4,3346.83,0.05,UPI,Mumbai,Maharashtra,27.0,Male,12717.95,2024-09,2024
ORD000677,CUST0325,2025-03-06,Smart Watch,Electronics,3,48796.3,0.1,UPI,Mysuru,Karnataka,27.0,Male,131750.01,2025-03,2025
ORD005557,CUST1022,2024-02-22,Sneakers,Fashion,2,1387.16,0.1,Credit Card,Warangal,Telangana,36.0,Female,2496.89,2024-02,2024
ORD003640,CUST1042,2025-04-18,Laptop Stand,Electronics,1,61610.54,0.05,Cash on Delivery,New Delhi,Delhi,20.0,Male,58530.01,2025-04,2025
ORD002695,CUST0767,2024-12-14,Running Shoes,Sports,3,4463.78,0.05,Debit Card,Mysuru,Karnataka,18.0,Male,12721.77,2024-12,2024
ORD002996,CUST1149,2025-09-26,Laptop Stand,Electronics,2,32224.05,0.15,Debit Card,Warangal,Telangana,23.0,Male,54780.88,2025-09,2025
ORD001563,CUST0096,2025-04-24,Bluetooth Speaker,Electronics,3,53197.3,0.0,Debit Card,New Delhi,Delhi,18.0,Female,159591.9,2025-04,2025
ORD003650,CUST0275,2025-06-15,SQL Guide,Books,1,1123.42,0.1,UPI,Bengaluru,Karnataka,23.0,Female,1011.08,2025-06,2025
ORD002466,CUST0521,2024-03-06,Smart Watch,Electronics,1,15858.25,0.15,UPI,New Delhi,Delhi,40.0,Male,13479.51,2024-03,2024
ORD000347,CUST0177,2025-08-02,Jeans,Fashion,2,4849.09,0.05,UPI,Thiruvananthapuram,Kerala,35.0,Male,9213.27,2025-08,2025
ORD001497,CUST0859,2024-09-26,Cookware Set,Home & Kitchen,1,8964.23,0.15,UPI,Mangaluru,Karnataka,32.0,Male,7619.6,2024-09,2024
ORD002345,CUST0633,2024-01-14,Bluetooth Speaker,Electronics,3,36188.06,0.05,Credit Card,Thiruvananthapuram,Kerala,42.0,Male,103135.97,2024-01,2024
ORD003906,CUST0891,2024-05-22,Cricket Bat,Sports,3,6758.78,0.1,Credit Card,Kochi,Kerala,24.0,Female,18248.71,2024-05,2024
ORD003659,CUST0804,2024-01-29,Yoga Mat,Sports,1,6819.31,0.05,UPI,Kochi,Kerala,35.0,Male,6478.34,2024-01,2024
ORD000623,CUST0042,2025-11-28,Sneakers,Fashion,3,3546.51,0.1,Debit Card,Pune,Maharashtra,25.0,Female,9575.58,2025-11,2025
ORD004097,CUST0174,2024-09-03,Mixer Grinder,Home & Kitchen,1,558.35,0.2,UPI,New Delhi,Delhi,19.0,Female,446.68,2024-09,2024
ORD001401,CUST0499,2024-12-11,Coffee Maker,Home & Kitchen,1,11140.97,0.05,UPI,Chennai,Tamil Nadu,35.0,Female,10583.92,2024-12,2024
ORD003298,CUST0391,2024-05-25,Power Bank,Electronics,4,30226.91,0.05,UPI,New Delhi,Delhi,27.0,Female,114862.26,2024-05,2024
ORD003986,CUST1068,2025-08-16,Sunscreen,Beauty,2,1847.05,0.2,UPI,Warangal,Telangana,42.0,Male,2955.28,2025-08,2025
ORD005182,CUST0120,2025-09-13,Bluetooth Speaker,Electronics,2,9606.21,0.1,Credit Card,Mysuru,Karnataka,30.0,Female,17291.18,2025-09,2025
ORD004618,CUST1111,2025-10-30,Face Wash,Beauty,4,2970.93,0.1,UPI,Mysuru,Karnataka,25.0,Male,10695.35,2025-10,2025
ORD000325,CUST0780,2024-07-25,Backpack,Fashion,4,3673.2,0.15,Debit Card,New Delhi,Delhi,33.0,Female,12488.88,2024-07,2024
ORD002998,CUST0117,2024-08-24,Face Wash,Beauty,5,1505.07,0.2,UPI,Chennai,Tamil Nadu,34.0,Male,6020.28,2024-08,2024
ORD000038,CUST0699,2025-01-31,Laptop Stand,Electronics,1,26089.64,0.2,Net Banking,Hyderabad,Telangana,38.0,Female,20871.71,2025-01,2025
ORD005375,CUST0394,2025-11-27,Power Bank,Electronics,1,3787.89,0.15,Debit Card,Mangaluru,Karnataka,21.0,Male,3219.71,2025-11,2025
ORD004185,CUST0969,2025-10-16,Machine Learning Book,Books,4,860.35,0.05,Debit Card,Mysuru,Karnataka,34.0,Male,3269.33,2025-10,2025
ORD000531,CUST1127,2025-04-26,Python Programming,Books,1,1727.27,0.15,UPI,Nagpur,Maharashtra,29.0,Female,1468.18,2025-04,2025
ORD002643,CUST0228,2025-02-17,Bluetooth Speaker,Electronics,2,22328.53,0.05,UPI,New Delhi,Delhi,26.0,Male,42424.21,2025-02,2025
ORD003681,CUST0889,2024-06-17,T-Shirt,Fashion,2,3587.76,0.05,UPI,New Delhi,Delhi,31.0,Male,6816.74,2024-06,2024
ORD002349,CUST0312,2024-12-27,Machine Learning Book,Books,4,2045.48,0.1,Net Banking,Kochi,Kerala,29.0,Female,7363.73,2024-12,2024
ORD002785,CUST0837,2024-08-14,Mixer Grinder,Home & Kitchen,2,3359.78,0.05,UPI,Pune,Maharashtra,45.0,Female,6383.58,2024-08,2024
ORD005493,CUST0102,2025-08-21,Python Programming,Books,1,525.91,0.0,Credit Card,New Delhi,Delhi,18.0,Male,525.91,2025-08,2025
ORD002226,CUST0267,2024-07-27,Mixer Grinder,Home & Kitchen,1,9638.05,0.0,UPI,Mysuru,Karnataka,42.0,Male,9638.05,2024-07,2024
ORD001074,CUST0881,2024-05-29,Football,Sports,3,2947.73,0.15,UPI,Pune,Maharashtra,31.0,Male,7516.71,2024-05,2024
ORD001198,CUST0177,2025-09-14,Table Lamp,Home & Kitchen,2,10941.13,0.0,Debit Card,New Delhi,Delhi,35.0,Male,21882.26,2025-09,2025
ORD005139,CUST0948,2024-12-25,Wireless Headphones,Electronics,3,46980.42,0.2,Credit Card,Hyderabad,Telangana,28.0,Male,112753.01,2024-12,2024
ORD000264,CUST1180,2024-03-14,Bluetooth Speaker,Electronics,1,41562.94,0.15,UPI,Thiruvananthapuram,Kerala,41.0,Female,35328.5,2024-03,2024
ORD001730,CUST0333,2024-04-12,Cricket Bat,Sports,1,7631.18,0.0,UPI,Bengaluru,Karnataka,47.0,Male,7631.18,2024-04,2024
ORD005329,CUST0030,2025-03-22,Mixer Grinder,Home & Kitchen,3,14179.71,0.1,Credit Card,Warangal,Telangana,44.0,Male,38285.22,2025-03,2025
ORD000908,CUST0584,2024-12-20,Shampoo,Beauty,2,2250.23,0.1,UPI,Bengaluru,Karnataka,42.0,Male,4050.41,2024-12,2024
ORD001336,CUST1149,2025-06-25,Machine Learning Book,Books,4,330.41,0.15,Debit Card,Kochi,Kerala,18.0,Female,1123.39,2025-06,2025
ORD001394,CUST0359,2025-10-11,Smart Watch,Electronics,2,69502.12,0.05,Cash on Delivery,Salem,Tamil Nadu,29.0,Female,132054.03,2025-10,2025
ORD000961,CUST0569,2025-08-28,Face Wash,Beauty,2,2834.61,0.0,Cash on Delivery,Mysuru,Karnataka,31.0,Male,5669.22,2025-08,2025
ORD000240,CUST1037,2025-03-25,Perfume,Beauty,1,821.24,0.05,UPI,Mangaluru,Karnataka,32.0,Male,780.18,2025-03,2025
ORD000200,CUST0544,2024-12-31,Bluetooth Speaker,Electronics,5,39240.43,0.0,Debit Card,New Delhi,Delhi,27.0,Male,196202.15,2024-12,2024
ORD002418,CUST0460,2025-08-05,Jeans,Fashion,1,1369.02,0.0,Debit Card,Warangal,Telangana,38.0,Male,1369.02,2025-08,2025
ORD005470,CUST0942,2025-01-20,Machine Learning Book,Books,2,1241.5,0.05,Credit Card,Madurai,Tamil Nadu,30.0,Male,2358.85,2025-01,2025
ORD004311,CUST0271,2024-12-09,Jeans,Fashion,2,1157.93,0.0,Credit Card,Thiruvananthapuram,Kerala,26.0,Male,2315.86,2024-12,2024
ORD004715,CUST0167,2025-04-15,Smart Watch,Electronics,2,40583.41,0.2,Net Banking,Warangal,Telangana,40.0,Female,64933.46,2025-04,2025
ORD005791,CUST0085,2025-07-28,Coffee Maker,Home & Kitchen,1,13054.42,0.2,UPI,Coimbatore,Tamil Nadu,29.0,Female,10443.54,2025-07,2025
ORD000326,CUST0876,2025-03-13,Backpack,Fashion,4,3851.36,0.0,Debit Card,Thiruvananthapuram,Kerala,37.0,Male,15405.44,2025-03,2025
ORD002678,CUST0297,2024-06-21,Data Analytics Book,Books,1,1871.3,0.15,UPI,Pune,Maharashtra,42.0,Male,1590.6,2024-06,2024
ORD005824,CUST0061,2024-03-13,Wireless Headphones,Electronics,3,26120.95,0.05,UPI,Hyderabad,Telangana,37.0,Female,74444.71,2024-03,2024
ORD004419,CUST0767,2025-09-09,Smart Watch,Electronics,2,12595.08,0.0,Credit Card,Nagpur,Maharashtra,21.0,Female,25190.16,2025-09,2025
ORD000102,CUST0003,2025-11-19,Mixer Grinder,Home & Kitchen,1,759.17,0.2,Credit Card,Warangal,Telangana,36.0,Male,607.34,2025-11,2025
ORD001738,CUST0715,2025-10-11,Jeans,Fashion,1,1594.03,,Credit Card,Hyderabad,Telangana,22.0,Female,1594.03,2025-10,2025
ORD005262,CUST0941,2025-11-22,Mixer Grinder,Home & Kitchen,1,11238.2,0.05,Credit Card,Trichy,Tamil Nadu,30.0,Male,10676.29,2025-11,2025
ORD000878,CUST0930,2024-01-06,Perfume,Beauty,2,755.18,0.0,Debit Card,Kochi,Kerala,21.0,Female,1510.36,2024-01,2024
ORD005893,CUST0532,2024-07-22,Cricket Bat,Sports,2,6822.84,0.15,Debit Card,Chennai,Tamil Nadu,28.0,Female,11598.83,2024-07,2024
ORD000409,CUST0113,2025-02-28,Face Wash,Beauty,4,3940.12,0.15,Debit Card,Mangaluru,Karnataka,20.0,Male,13396.41,2025-02,2025
ORD003746,CUST1198,2024-04-11,Laptop Stand,Electronics,3,35439.69,0.2,Credit Card,New Delhi,Delhi,25.0,Female,85055.26,2024-04,2024
ORD001245,CUST0063,2025-11-14,Shampoo,Beauty,1,1766.24,0.15,Cash on Delivery,Salem,Tamil Nadu,42.0,Female,1501.3,2025-11,2025
ORD002288,CUST0231,2025-09-11,Moisturizer,Beauty,1,1241.89,0.0,Cash on Delivery,Pune,Maharashtra,44.0,Female,1241.89,2025-09,2025
ORD001355,CUST0321,2025-10-10,Business Analytics,Books,2,1709.62,0.05,Credit Card,Kochi,Kerala,32.0,Male,3248.28,2025-10,2025
ORD002858,CUST0351,2025-02-12,Cricket Bat,Sports,4,8014.6,0.0,UPI,Kochi,Kerala,24.0,Female,32058.4,2025-02,2025
ORD000894,CUST0062,2024-12-22,Jeans,Fashion,1,2582.08,0.1,Credit Card,Trichy,Tamil Nadu,26.0,Male,2323.87,2024-12,2024
ORD001182,CUST0397,2025-10-02,Cookware Set,Home & Kitchen,1,10595.82,0.0,Cash on Delivery,Pune,Maharashtra,34.0,Female,10595.82,2025-10,2025
ORD004656,CUST0367,2024-08-07,Backpack,Fashion,3,612.95,0.05,UPI,Hyderabad,Telangana,22.0,Female,1746.91,2024-08,2024
ORD005323,CUST0492,2024-04-23,Sunscreen,Beauty,1,795.16,0.2,Credit Card,Mangaluru,Karnataka,18.0,Female,636.13,2024-04,2024
ORD003699,CUST0643,2025-10-08,Smart Watch,Electronics,5,13583.11,0.1,Credit Card,Pune,Maharashtra,29.0,Female,61124.0,2025-10,2025
ORD004467,CUST0504,2025-01-09,Smart Watch,Electronics,1,46050.34,0.05,UPI,Pune,Maharashtra,26.0,Male,43747.82,2025-01,2025
ORD004326,CUST0298,2025-11-04,Wireless Headphones,Electronics,1,56678.54,0.1,UPI,New Delhi,Delhi,39.0,Female,51010.69,2025-11,2025
ORD000731,CUST1084,2024-09-27,Sneakers,Fashion,4,2692.58,0.05,UPI,Thiruvananthapuram,Kerala,18.0,Female,10231.8,2024-09,2024
ORD001033,CUST0258,2025-02-08,Jeans,Fashion,2,3027.98,0.05,Cash on Delivery,Mangaluru,Karnataka,37.0,Male,5753.16,2025-02,2025
ORD003067,CUST1114,2025-12-13,Backpack,Fashion,2,3215.43,0.1,UPI,New Delhi,Delhi,46.0,Male,5787.77,2025-12,2025
ORD005659,CUST0625,2025-12-18,Smart Watch,Electronics,1,71354.5,0.15,Net Banking,Hyderabad,Telangana,25.0,Female,60651.32,2025-12,2025
ORD004897,CUST0495,2024-04-08,Jeans,Fashion,5,1822.84,0.0,Credit Card,Mumbai,Maharashtra,28.0,Female,9114.2,2024-04,2024
ORD000978,CUST0914,2024-12-25,Laptop Stand,Electronics,4,47696.16,0.15,Cash on Delivery,Kochi,Kerala,32.0,Male,162166.94,2024-12,2024
ORD004970,CUST1018,2025-05-09,Power Bank,Electronics,2,45651.99,0.1,Credit Card,Mysuru,Karnataka,24.0,Female,82173.58,2025-05,2025
ORD002623,CUST0127,2024-08-15,Perfume,Beauty,2,1307.75,0.05,UPI,Hyderabad,Telangana,24.0,Female,2484.72,2024-08,2024
ORD001226,CUST0818,2025-08-08,Sunscreen,Beauty,3,492.5,0.1,UPI,New Delhi,Delhi,32.0,Female,1329.75,2025-08,2025
ORD001210,CUST0963,2025-06-19,Jeans,Fashion,1,3567.14,0.15,UPI,Mysuru,Karnataka,26.0,Female,3032.07,2025-06,2025
ORD005481,CUST0559,2025-11-21,Laptop Stand,Electronics,1,43541.57,0.15,Debit Card,Nagpur,Maharashtra,21.0,Female,37010.33,2025-11,2025
ORD000587,CUST0298,2025-07-22,Sneakers,Fashion,3,2481.67,0.0,Debit Card,Mangaluru,Karnataka,21.0,Female,7445.01,2025-07,2025
ORD005455,CUST0676,2025-05-19,Cricket Bat,Sports,3,9436.64,0.1,UPI,Hyderabad,Telangana,41.0,Female,25478.93,2025-05,2025
ORD002821,CUST0590,2025-02-01,Sneakers,Fashion,3,5158.14,0.15,Debit Card,New Delhi,Delhi,28.0,Female,13153.26,2025-02,2025
ORD005756,CUST0061,2025-04-01,Dumbbells,Sports,1,3428.66,0.15,Credit Card,New Delhi,Delhi,36.0,Female,2914.36,2025-04,2025
ORD002719,CUST0320,2025-02-15,Sunscreen,Beauty,1,1413.45,0.05,Cash on Delivery,Chennai,Tamil Nadu,33.0,Female,1342.78,2025-02,2025
ORD005625,CUST0245,2025-05-24,Python Programming,Books,2,2143.29,0.05,UPI,Kochi,Kerala,35.0,Male,4072.25,2025-05,2025
ORD001761,CUST0827,2024-08-08,Moisturizer,Beauty,1,476.3,0.0,Debit Card,Thiruvananthapuram,Kerala,45.0,Male,476.3,2024-08,2024
ORD003050,CUST0186,2025-07-27,Shampoo,Beauty,1,2421.98,0.15,Debit Card,Mysuru,Karnataka,,Female,2058.68,2025-07,2025
ORD001870,CUST1152,2025-12-11,Coffee Maker,Home & Kitchen,2,9250.74,0.0,UPI,Coimbatore,Tamil Nadu,31.0,Female,18501.48,2025-12,2025
ORD001545,CUST0976,2025-02-20,Football,Sports,3,805.75,0.0,Debit Card,Mangaluru,Karnataka,43.0,Female,2417.25,2025-02,2025
ORD000473,CUST0070,2024-09-04,Coffee Maker,Home & Kitchen,2,11646.83,0.0,Credit Card,Pune,Maharashtra,26.0,Male,23293.66,2024-09,2024
ORD005240,CUST0794,2024-08-09,Backpack,Fashion,2,3050.84,0.0,Credit Card,Mumbai,Maharashtra,18.0,Female,6101.68,2024-08,2024
ORD001159,CUST0685,2024-03-25,Sunscreen,Beauty,2,1361.01,0.05,Debit Card,Warangal,Telangana,,Female,2585.92,2024-03,2024
ORD000133,CUST0844,2025-08-27,Yoga Mat,Sports,1,4103.91,0.1,UPI,Thiruvananthapuram,Kerala,36.0,Male,3693.52,2025-08,2025
ORD001537,CUST0430,2025-07-05,Coffee Maker,Home & Kitchen,1,818.57,0.2,Credit Card,Trichy,Tamil Nadu,27.0,Male,654.86,2025-07,2025
ORD002489,CUST0817,2025-05-05,Table Lamp,Home & Kitchen,3,6324.45,0.1,UPI,Mumbai,Maharashtra,44.0,Male,17076.02,2025-05,2025
ORD001633,CUST0953,2024-07-30,Wireless Headphones,Electronics,2,54850.07,0.0,Debit Card,Warangal,Telangana,25.0,Female,109700.14,2024-07,2024
ORD001322,CUST0649,2024-07-20,Jeans,Fashion,1,4266.11,0.2,Debit Card,New Delhi,Delhi,29.0,Female,3412.89,2024-07,2024
ORD005428,CUST0552,2025-07-22,Dumbbells,Sports,1,4964.3,0.0,UPI,New Delhi,Delhi,28.0,Male,4964.3,2025-07,2025
ORD001189,CUST0411,2024-09-03,Face Wash,Beauty,2,1385.24,0.05,Credit Card,Chennai,Tamil Nadu,54.0,Female,2631.96,2024-09,2024
ORD004379,CUST0955,2024-12-11,Yoga Mat,Sports,1,9217.66,0.2,UPI,Hyderabad,Telangana,35.0,Male,7374.13,2024-12,2024
ORD003972,CUST0269,2024-10-11,Cricket Bat,Sports,2,5815.09,0.05,UPI,Warangal,Telangana,29.0,Female,11048.67,2024-10,2024
ORD004817,CUST0393,2024-02-23,Football,Sports,1,8392.97,0.1,UPI,Trichy,Tamil Nadu,33.0,Female,7553.67,2024-02,2024
ORD000682,CUST0539,2025-08-28,Sunscreen,Beauty,2,1057.16,0.15,Net Banking,Mangaluru,Karnataka,33.0,Male,1797.17,2025-08,2025
ORD001778,CUST0871,2025-10-24,Football,Sports,4,6992.55,0.0,Credit Card,Hyderabad,Telangana,35.0,Female,27970.2,2025-10,2025
ORD004406,CUST0558,2025-01-19,Sneakers,Fashion,3,1463.87,0.0,Net Banking,Mangaluru,Karnataka,18.0,Male,4391.61,2025-01,2025
ORD004601,CUST0848,2024-10-29,Perfume,Beauty,3,1513.32,0.1,Net Banking,Trichy,Tamil Nadu,24.0,Male,4085.96,2024-10,2024
ORD004563,CUST0682,2024-10-22,Shampoo,Beauty,1,260.34,0.1,Credit Card,New Delhi,Delhi,32.0,Male,234.31,2024-10,2024
ORD002903,CUST0182,2024-07-31,Cookware Set,Home & Kitchen,4,6456.66,0.2,UPI,Mumbai,Maharashtra,36.0,Female,20661.31,2024-07,2024
ORD005687,CUST0053,2025-01-21,Bluetooth Speaker,Electronics,2,60750.09,0.1,Credit Card,Madurai,Tamil Nadu,33.0,Other,109350.16,2025-01,2025
ORD003552,CUST0985,2025-09-10,Machine Learning Book,Books,2,1631.29,0.1,UPI,Warangal,Telangana,46.0,Male,2936.32,2025-09,2025
ORD005643,CUST0772,2024-04-08,Table Lamp,Home & Kitchen,3,9174.47,0.0,Credit Card,Hyderabad,Telangana,26.0,Male,27523.41,2024-04,2024
ORD001375,CUST0721,2024-02-24,T-Shirt,Fashion,2,480.03,0.1,Credit Card,Hyderabad,Telangana,29.0,Female,864.05,2024-02,2024
ORD001946,CUST0220,2025-01-11,Face Wash,Beauty,1,2901.13,0.1,Net Banking,Kochi,Kerala,36.0,Female,2611.02,2025-01,2025
ORD000169,CUST0200,2025-12-26,Wireless Headphones,Electronics,2,54674.04,0.0,UPI,Hyderabad,Telangana,20.0,Female,109348.08,2025-12,2025
ORD004072,CUST0246,2024-10-20,T-Shirt,Fashion,1,1287.42,0.15,UPI,New Delhi,Delhi,32.0,Male,1094.31,2024-10,2024
ORD004748,CUST0234,2024-02-03,Perfume,Beauty,1,3552.97,0.05,UPI,New Delhi,Delhi,47.0,Male,3375.32,2024-02,2024
ORD000502,CUST1062,2025-05-22,T-Shirt,Fashion,5,5765.57,0.0,UPI,Mumbai,Maharashtra,34.0,Male,28827.85,2025-05,2025
ORD001804,CUST0912,2025-11-04,Table Lamp,Home & Kitchen,2,13479.61,0.1,Credit Card,Mumbai,Maharashtra,22.0,Male,24263.3,2025-11,2025
ORD000882,CUST0016,2024-12-08,Cookware Set,Home & Kitchen,1,12563.86,0.1,Credit Card,Warangal,Telangana,28.0,Female,11307.47,2024-12,2024
ORD000707,CUST1160,2024-12-04,Wireless Headphones,Electronics,1,73223.78,0.15,Cash on Delivery,Bengaluru,Karnataka,22.0,Female,62240.21,2024-12,2024
ORD003367,CUST0423,2024-05-18,Wireless Headphones,Electronics,2,36780.32,0.15,UPI,Nagpur,Maharashtra,43.0,Female,62526.54,2024-05,2024
ORD002324,CUST0512,2025-01-19,Bluetooth Speaker,Electronics,1,70296.74,0.0,Credit Card,Kochi,Kerala,37.0,Female,70296.74,2025-01,2025
ORD002894,CUST0925,2024-09-04,SQL Guide,Books,2,1953.06,0.05,Credit Card,New Delhi,Delhi,18.0,Male,3710.81,2024-09,2024
ORD003817,CUST0517,2024-03-07,Cookware Set,Home & Kitchen,1,7268.15,0.1,UPI,Warangal,Telangana,32.0,Female,6541.34,2024-03,2024
ORD002560,CUST0643,2024-12-10,Jeans,Fashion,4,2362.4,0.0,UPI,Kochi,Kerala,42.0,Female,9449.6,2024-12,2024
ORD000231,CUST0483,2024-10-06,Smart Watch,Electronics,1,63567.69,0.05,Debit Card,Nagpur,Maharashtra,37.0,Male,60389.31,2024-10,2024
ORD005092,CUST0757,2025-09-23,Sneakers,Fashion,2,1141.06,0.1,Net Banking,Madurai,Tamil Nadu,24.0,Male,2053.91,2025-09,2025
ORD001555,CUST0304,2025-02-08,Mixer Grinder,Home & Kitchen,2,12658.29,0.1,UPI,Hyderabad,Telangana,50.0,Male,22784.92,2025-02,2025
ORD004240,CUST0189,2024-01-06,Jacket,Fashion,1,1784.69,0.0,Cash on Delivery,Thiruvananthapuram,Kerala,27.0,Female,1784.69,2024-01,2024
ORD005095,CUST0760,2025-09-01,Cricket Bat,Sports,5,7872.06,0.0,Credit Card,Hyderabad,Telangana,31.0,Female,39360.3,2025-09,2025
ORD004787,CUST0219,2024-11-15,Running Shoes,Sports,1,7888.62,0.1,,Thiruvananthapuram,Kerala,33.0,Male,7099.76,2024-11,2024
ORD003602,CUST1155,2025-01-20,Shampoo,Beauty,1,1296.39,0.1,Debit Card,Salem,Tamil Nadu,35.0,Female,1166.75,2025-01,2025
ORD005218,CUST0633,2024-09-24,Football,Sports,2,1177.27,0.15,Cash on Delivery,Warangal,Telangana,36.0,Other,2001.36,2024-09,2024
ORD005076,CUST0585,2024-08-17,Moisturizer,Beauty,1,324.05,0.1,Debit Card,Pune,Maharashtra,29.0,Male,291.65,2024-08,2024
ORD000018,CUST0881,2025-07-25,Backpack,Fashion,1,1961.68,0.1,Cash on Delivery,Kochi,Kerala,28.0,Female,1765.51,2025-07,2025
ORD005176,CUST0202,2024-09-15,Table Lamp,Home & Kitchen,5,12476.5,0.05,Credit Card,New Delhi,Delhi,34.0,Male,59263.38,2024-09,2024
ORD002869,CUST0057,2024-12-04,Mixer Grinder,Home & Kitchen,2,14791.46,0.1,Debit Card,Salem,Tamil Nadu,32.0,Female,26624.63,2024-12,2024
ORD001655,CUST0674,2024-03-15,Jacket,Fashion,1,1943.34,0.1,Credit Card,New Delhi,Delhi,29.0,Male,1749.01,2024-03,2024
ORD001130,CUST0073,2025-07-21,Mixer Grinder,Home & Kitchen,2,5298.96,0.0,Credit Card,Mangaluru,Karnataka,39.0,Female,10597.92,2025-07,2025
ORD002330,CUST0140,2025-06-11,Smart Watch,Electronics,2,46696.99,0.0,Credit Card,Nagpur,Maharashtra,21.0,Female,93393.98,2025-06,2025
ORD001091,CUST1132,2024-08-16,Football,Sports,5,2237.49,0.05,Cash on Delivery,New Delhi,Delhi,40.0,Male,10628.08,2024-08,2024
ORD005604,CUST0761,2024-09-18,Table Lamp,Home & Kitchen,1,10226.58,0.2,Net Banking,Hyderabad,Telangana,23.0,Male,8181.26,2024-09,2024
ORD004459,CUST0571,2024-04-08,Table Lamp,Home & Kitchen,1,12147.38,0.05,Cash on Delivery,Coimbatore,Tamil Nadu,26.0,Female,11540.01,2024-04,2024
ORD001499,CUST0235,2025-03-31,Backpack,Fashion,4,4312.05,0.1,Credit Card,Mangaluru,Karnataka,22.0,Female,15523.38,2025-03,2025
ORD003034,CUST1198,2024-02-22,Python Programming,Books,1,1681.73,0.1,Debit Card,New Delhi,Delhi,33.0,Female,1513.56,2024-02,2024
ORD001882,CUST0799,2025-11-07,Bluetooth Speaker,Electronics,1,27771.62,0.15,Credit Card,Bengaluru,Karnataka,28.0,Male,23605.88,2025-11,2025
ORD002663,CUST0689,2025-02-12,Shampoo,Beauty,1,1310.15,,Credit Card,Mangaluru,Karnataka,38.0,Male,1179.14,2025-02,2025
ORD005114,CUST0417,2025-09-08,Mixer Grinder,Home & Kitchen,1,8798.91,0.0,Cash on Delivery,Mysuru,Karnataka,18.0,Female,8798.91,2025-09,2025
ORD003414,CUST1104,2024-10-24,Backpack,Fashion,2,3635.44,0.05,Cash on Delivery,Mumbai,Maharashtra,25.0,Female,6907.34,2024-10,2024
ORD000697,CUST1144,2024-09-04,Cookware Set,Home & Kitchen,1,9251.99,0.1,Cash on Delivery,New Delhi,Delhi,22.0,Male,8326.79,2024-09,2024
ORD004424,CUST0696,2024-01-20,Face Wash,Beauty,2,2991.71,0.0,Cash on Delivery,New Delhi,Delhi,50.0,Female,5983.42,2024-01,2024
ORD003485,CUST0835,2024-05-05,Sneakers,Fashion,3,3041.79,0.15,Credit Card,New Delhi,Delhi,39.0,Female,7756.56,2024-05,2024
ORD000536,CUST0211,2024-10-23,Running Shoes,Sports,1,1243.87,0.1,UPI,Warangal,Telangana,41.0,Male,1119.48,2024-10,2024
ORD002628,CUST0216,2025-08-06,Moisturizer,Beauty,3,3377.34,0.0,Net Banking,Chennai,Tamil Nadu,29.0,Male,10132.02,2025-08,2025
ORD003164,CUST0196,2024-06-09,Mixer Grinder,Home & Kitchen,3,14092.82,0.0,Debit Card,New Delhi,Delhi,31.0,Male,42278.46,2024-06,2024
ORD003493,CUST0504,2025-07-09,Face Wash,Beauty,3,3638.84,0.1,Cash on Delivery,Nagpur,Maharashtra,18.0,Male,9824.87,2025-07,2025
ORD003654,CUST0438,2025-06-27,Football,Sports,3,4435.5,0.05,Credit Card,New Delhi,Delhi,33.0,Female,12641.18,2025-06,2025
ORD002595,CUST0775,2025-07-07,Bluetooth Speaker,Electronics,1,34390.75,0.1,Credit Card,Trichy,Tamil Nadu,,Female,30951.68,2025-07,2025
ORD005718,CUST0879,2024-01-04,Smart Watch,Electronics,1,19511.94,0.0,Credit Card,Pune,Maharashtra,30.0,Male,19511.94,2024-01,2024
ORD005511,CUST0988,2025-05-22,Machine Learning Book,Books,5,700.18,0.0,Debit Card,Warangal,Telangana,38.0,Male,3500.9,2025-05,2025
ORD001048,CUST0869,2025-06-03,Mixer Grinder,Home & Kitchen,2,7096.92,0.05,Net Banking,Mumbai,Maharashtra,39.0,Female,13484.15,2025-06,2025
ORD005685,CUST0456,2024-05-06,Python Programming,Books,1,1998.27,0.1,Credit Card,Madurai,Tamil Nadu,20.0,Male,1798.44,2024-05,2024
ORD005019,CUST0226,2024-02-03,Backpack,Fashion,1,5061.16,0.1,Credit Card,Kochi,Kerala,27.0,Male,4555.04,2024-02,2024
ORD000015,CUST0203,2025-03-14,T-Shirt,Fashion,2,905.62,0.15,UPI,New Delhi,Delhi,43.0,Female,1539.55,2025-03,2025
ORD003743,CUST0646,2024-04-20,Table Lamp,Home & Kitchen,3,4731.83,0.05,Net Banking,Nagpur,Maharashtra,28.0,Female,13485.72,2024-04,2024
ORD004308,CUST0346,2024-09-02,Running Shoes,Sports,4,4624.73,0.0,Credit Card,New Delhi,Delhi,35.0,Male,18498.92,2024-09,2024
ORD005874,CUST0446,2025-12-17,Backpack,Fashion,3,5848.78,0.2,Cash on Delivery,Bengaluru,Karnataka,34.0,Male,14037.07,2025-12,2025
ORD002348,CUST1156,2025-06-23,Jacket,Fashion,2,5179.17,0.0,UPI,Kochi,Kerala,33.0,Male,10358.34,2025-06,2025
ORD005691,CUST0815,2024-02-14,Moisturizer,Beauty,1,1108.55,0.1,Net Banking,New Delhi,Delhi,26.0,Female,997.7,2024-02,2024
ORD001565,CUST1015,2024-12-07,Laptop Stand,Electronics,3,3628.31,0.05,Credit Card,Madurai,Tamil Nadu,36.0,Female,10340.68,2024-12,2024
ORD005620,CUST0278,2025-01-25,Cookware Set,Home & Kitchen,2,2595.95,0.05,UPI,Mysuru,Karnataka,35.0,Male,4932.3,2025-01,2025
ORD001865,CUST0417,2024-08-21,Machine Learning Book,Books,1,1282.31,0.1,UPI,Coimbatore,Tamil Nadu,,Male,1154.08,2024-08,2024
ORD003095,CUST0693,2024-12-24,Running Shoes,Sports,5,6964.76,0.05,Debit Card,Trichy,Tamil Nadu,38.0,Male,33082.61,2024-12,2024
ORD000066,CUST0845,2025-05-25,Coffee Maker,Home & Kitchen,1,1418.94,0.2,UPI,New Delhi,Delhi,23.0,Male,1135.15,2025-05,2025
ORD003404,CUST1157,2025-11-18,Cricket Bat,Sports,1,2384.71,0.15,Credit Card,Warangal,Telangana,21.0,Female,2027.0,2025-11,2025
ORD005410,CUST0643,2024-02-24,Data Analytics Book,Books,1,1808.57,0.0,UPI,Mumbai,Maharashtra,20.0,Female,1808.57,2024-02,2024
ORD005855,CUST0711,2024-09-05,Machine Learning Book,Books,1,1311.55,0.05,UPI,Thiruvananthapuram,Kerala,45.0,Female,1245.97,2024-09,2024
ORD002411,CUST1181,2024-11-16,Machine Learning Book,Books,1,2169.97,0.1,Credit Card,Trichy,Tamil Nadu,38.0,Female,1952.97,2024-11,2024
ORD005770,CUST0647,2024-04-14,Mixer Grinder,Home & Kitchen,1,14983.12,0.05,UPI,Warangal,Telangana,42.0,Male,14233.96,2024-04,2024
ORD002842,CUST0564,2024-05-26,Bluetooth Speaker,Electronics,2,14215.74,0.0,Debit Card,New Delhi,Delhi,18.0,Female,28431.48,2024-05,2024
ORD002009,CUST0960,2025-02-28,Cricket Bat,Sports,1,2164.66,0.15,Credit Card,Hyderabad,Telangana,41.0,Female,1839.96,2025-02,2025
ORD001273,CUST0997,2024-03-29,Machine Learning Book,Books,3,2222.09,0.15,Net Banking,Mumbai,Maharashtra,23.0,Female,5666.33,2024-03,2024
ORD004946,CUST0651,2024-03-04,Perfume,Beauty,1,1437.07,0.2,Credit Card,Chennai,Tamil Nadu,22.0,Male,1149.66,2024-03,2024
ORD001895,CUST0584,2025-03-23,Face Wash,Beauty,2,3411.72,0.05,Debit Card,Mysuru,Karnataka,36.0,Female,6482.27,2025-03,2025
ORD004318,CUST0986,2025-05-24,Wireless Headphones,Electronics,4,2539.53,0.1,UPI,Mangaluru,Karnataka,26.0,Male,9142.31,2025-05,2025
ORD001972,CUST0132,2024-04-03,Jacket,Fashion,2,5825.69,0.15,Credit Card,Thiruvananthapuram,Kerala,30.0,Female,9903.67,2024-04,2024
ORD004096,CUST0374,2025-12-10,Mixer Grinder,Home & Kitchen,2,11865.64,0.15,UPI,Kochi,Kerala,23.0,Male,20171.59,2025-12,2025
ORD000089,CUST0494,2024-10-04,Python Programming,Books,2,2083.87,0.05,UPI,Kochi,Kerala,40.0,Female,3959.35,2024-10,2024
ORD003091,CUST0599,2024-03-17,Backpack,Fashion,3,1348.96,0.05,Cash on Delivery,Salem,Tamil Nadu,43.0,Female,3844.54,2024-03,2024
ORD004884,CUST0733,2024-11-21,Wireless Headphones,Electronics,2,18990.37,0.0,Net Banking,Kochi,Kerala,22.0,Male,37980.74,2024-11,2024
ORD001500,CUST0536,2024-08-04,Wireless Headphones,Electronics,4,7419.71,0.15,UPI,New Delhi,Delhi,33.0,Male,25227.01,2024-08,2024
ORD002900,CUST0247,2025-05-21,Football,Sports,1,7129.64,0.0,Debit Card,Chennai,Tamil Nadu,32.0,Male,7129.64,2025-05,2025
ORD001408,CUST0008,2024-08-19,Jeans,Fashion,5,5397.22,0.05,Debit Card,Kochi,Kerala,22.0,Female,25636.8,2024-08,2024
ORD003460,CUST1002,2024-07-18,Sunscreen,Beauty,1,2824.33,0.0,UPI,Mangaluru,Karnataka,27.0,Male,2824.33,2024-07,2024
ORD003671,CUST0569,2024-05-09,Cookware Set,Home & Kitchen,3,6236.2,0.1,UPI,Madurai,Tamil Nadu,36.0,Male,16837.74,2024-05,2024
ORD004699,CUST0213,2024-11-03,Table Lamp,Home & Kitchen,3,14503.43,0.0,Credit Card,Warangal,Telangana,27.0,Female,43510.29,2024-11,2024
ORD005778,CUST1076,2025-04-13,Bedsheet,Home & Kitchen,3,6402.74,0.0,Cash on Delivery,Coimbatore,Tamil Nadu,38.0,Female,19208.22,2025-04,2025
ORD004504,CUST0720,2024-12-30,Laptop Stand,Electronics,4,35293.78,0.1,UPI,Warangal,Telangana,,Male,127057.61,2024-12,2024
ORD000764,CUST0724,2025-10-01,Machine Learning Book,Books,1,488.78,0.1,Net Banking,Thiruvananthapuram,Kerala,22.0,Female,439.9,2025-10,2025
ORD001663,CUST0016,2024-04-30,Sneakers,Fashion,3,4275.37,0.15,Debit Card,Mysuru,Karnataka,37.0,Female,10902.19,2024-04,2024
ORD000421,CUST0001,2025-12-02,Power Bank,Electronics,2,64824.87,0.1,UPI,Trichy,Tamil Nadu,33.0,Male,116684.77,2025-12,2025
ORD003015,CUST0650,2025-12-12,Cricket Bat,Sports,2,9055.14,0.15,Debit Card,Bengaluru,Karnataka,52.0,Female,15393.74,2025-12,2025
ORD002585,CUST0205,2024-01-31,Sunscreen,Beauty,4,2572.66,0.0,Net Banking,Thiruvananthapuram,Kerala,18.0,Female,10290.64,2024-01,2024
ORD000374,CUST0045,2024-01-30,Jeans,Fashion,1,5362.08,0.15,UPI,Kochi,Kerala,29.0,Female,4557.77,2024-01,2024
ORD005032,CUST1064,2024-05-30,Cookware Set,Home & Kitchen,2,11046.25,0.0,Credit Card,Trichy,Tamil Nadu,34.0,Male,22092.5,2024-05,2024
ORD004535,CUST0210,2024-01-15,Bluetooth Speaker,Electronics,4,29008.71,0.15,Credit Card,Mangaluru,Karnataka,26.0,Female,98629.61,2024-01,2024
ORD002374,CUST0627,2025-06-24,Running Shoes,Sports,1,5287.26,0.05,Debit Card,Thiruvananthapuram,Kerala,34.0,Female,5022.9,2025-06,2025
ORD002768,CUST1058,2025-11-10,Power Bank,Electronics,3,14276.18,0.0,UPI,Madurai,Tamil Nadu,24.0,Female,42828.54,2025-11,2025
ORD003362,CUST0418,2025-06-08,Football,Sports,2,9480.35,0.05,Debit Card,Pune,Maharashtra,36.0,Male,18012.66,2025-06,2025
ORD001833,CUST0677,2024-08-10,Bedsheet,Home & Kitchen,2,6250.39,0.2,Credit Card,Nagpur,Maharashtra,29.0,Female,10000.62,2024-08,2024
ORD001621,CUST0397,2024-06-08,Cookware Set,Home & Kitchen,2,2063.44,0.05,Debit Card,Salem,Tamil Nadu,41.0,Female,3920.54,2024-06,2024
ORD003276,CUST1014,2025-08-18,Backpack,Fashion,1,3169.78,0.1,UPI,Pune,Maharashtra,25.0,Female,2852.8,2025-08,2025
ORD000539,CUST0062,2025-09-17,Power Bank,Electronics,1,7449.84,0.15,Debit Card,Mysuru,Karnataka,29.0,Female,6332.36,2025-09,2025
ORD003551,CUST0735,2025-07-13,Mixer Grinder,Home & Kitchen,3,5182.04,0.05,UPI,Hyderabad,Telangana,28.0,Female,14768.81,2025-07,2025
ORD000756,CUST0324,2024-04-14,Jacket,Fashion,1,3313.02,0.1,Credit Card,Pune,Maharashtra,38.0,Female,2981.72,2024-04,2024
ORD003607,CUST0132,2025-10-27,Data Analytics Book,Books,1,1892.7,0.1,Credit Card,Pune,Maharashtra,34.0,Male,1703.43,2025-10,2025
ORD000535,CUST0671,2024-07-06,Wireless Headphones,Electronics,5,55184.95,0.0,Debit Card,Thiruvananthapuram,Kerala,40.0,Female,275924.75,2024-07,2024
ORD001449,CUST0849,2024-08-31,Table Lamp,Home & Kitchen,1,9061.48,0.0,Net Banking,Mumbai,Maharashtra,37.0,Male,9061.48,2024-08,2024
ORD000916,CUST1095,2025-10-13,Dumbbells,Sports,1,1967.69,0.05,UPI,New Delhi,Delhi,28.0,Male,1869.31,2025-10,2025
ORD003128,CUST0570,2024-04-09,SQL Guide,Books,3,1976.07,0.05,UPI,Kochi,Kerala,40.0,Other,5631.8,2024-04,2024
ORD004940,CUST0940,2024-10-31,Jeans,Fashion,1,626.73,0.0,Debit Card,Pune,Maharashtra,25.0,Male,626.73,2024-10,2024
ORD005418,CUST0813,2025-05-20,Power Bank,Electronics,1,66037.18,0.2,UPI,Kochi,Kerala,29.0,Female,52829.74,2025-05,2025
ORD000182,CUST1081,2024-07-06,T-Shirt,Fashion,1,3647.91,0.1,Credit Card,Hyderabad,Telangana,37.0,Female,3283.12,2024-07,2024
ORD001770,CUST0911,2024-09-06,Bedsheet,Home & Kitchen,1,2371.57,0.0,Debit Card,Mangaluru,Karnataka,34.0,Male,2371.57,2024-09,2024
ORD004610,CUST0334,2024-07-20,Data Analytics Book,Books,2,1150.69,0.05,UPI,Warangal,Telangana,18.0,Female,2186.31,2024-07,2024
ORD002830,CUST0933,2025-09-27,Wireless Headphones,Electronics,3,15523.27,0.1,Cash on Delivery,Thiruvananthapuram,Kerala,50.0,Female,41912.83,2025-09,2025
ORD003314,CUST0017,2025-01-07,Bluetooth Speaker,Electronics,2,35207.67,0.1,Debit Card,Mangaluru,Karnataka,28.0,Female,63373.81,2025-01,2025
ORD005458,CUST0865,2024-03-10,Mixer Grinder,Home & Kitchen,1,1714.15,0.05,Credit Card,Hyderabad,Telangana,25.0,Male,1628.44,2024-03,2024
ORD001193,CUST0496,2025-10-11,Smart Watch,Electronics,2,69774.53,0.0,Credit Card,Nagpur,Maharashtra,44.0,Male,139549.06,2025-10,2025
ORD004082,CUST1088,2024-07-12,Moisturizer,Beauty,1,765.08,0.0,UPI,Thiruvananthapuram,Kerala,22.0,Male,765.08,2024-07,2024
ORD002128,CUST0351,2024-05-16,Table Lamp,Home & Kitchen,2,3422.3,0.1,Debit Card,Mangaluru,Karnataka,25.0,Female,6160.14,2024-05,2024
ORD005396,CUST0653,2025-03-09,Cookware Set,Home & Kitchen,4,3949.06,0.0,Debit Card,Mangaluru,Karnataka,26.0,Female,15796.24,2025-03,2025
ORD000477,CUST0057,2025-06-13,Mixer Grinder,Home & Kitchen,2,1984.32,0.15,Cash on Delivery,New Delhi,Delhi,29.0,Male,3373.34,2025-06,2025
ORD004921,CUST0523,2025-01-15,Jeans,Fashion,2,2215.37,0.1,Credit Card,Mangaluru,Karnataka,43.0,Female,3987.67,2025-01,2025
ORD001324,CUST0085,2025-05-12,Face Wash,Beauty,2,3953.48,0.05,Credit Card,Coimbatore,Tamil Nadu,31.0,Female,7511.61,2025-05,2025
ORD000260,CUST1117,2025-06-01,Table Lamp,Home & Kitchen,5,8144.87,0.05,Debit Card,Mumbai,Maharashtra,27.0,Male,38688.13,2025-06,2025
ORD000280,CUST0390,2024-12-01,Bluetooth Speaker,Electronics,3,54430.47,0.1,UPI,Nagpur,Maharashtra,57.0,Female,146962.27,2024-12,2024
ORD000562,CUST0649,2024-06-20,Smart Watch,Electronics,3,19308.28,0.1,UPI,Thiruvananthapuram,Kerala,37.0,Male,52132.36,2024-06,2024
ORD004285,CUST0695,2025-01-13,Bluetooth Speaker,Electronics,2,10162.91,0.15,,Thiruvananthapuram,Kerala,18.0,Male,17276.95,2025-01,2025
ORD000199,CUST0877,2025-01-21,Python Programming,Books,4,1722.16,0.0,Credit Card,Pune,Maharashtra,27.0,Male,6888.64,2025-01,2025
ORD003930,CUST1109,2025-11-22,Shampoo,Beauty,1,906.09,0.15,UPI,Pune,Maharashtra,37.0,Male,770.18,2025-11,2025
ORD004378,CUST0434,2025-12-05,Data Analytics Book,Books,1,2401.08,0.1,Debit Card,Warangal,Telangana,34.0,Male,2160.97,2025-12,2025
ORD002276,CUST0479,2024-04-19,Machine Learning Book,Books,4,597.42,0.0,Credit Card,Bengaluru,Karnataka,18.0,Male,2389.68,2024-04,2024
ORD001741,CUST0513,2024-10-07,Jacket,Fashion,1,2408.29,0.0,Debit Card,New Delhi,Delhi,38.0,Male,2408.29,2024-10,2024
ORD001892,CUST0249,2025-03-31,Cookware Set,Home & Kitchen,1,3278.25,0.05,,Bengaluru,Karnataka,20.0,Male,3114.34,2025-03,2025
ORD001860,CUST0675,2024-09-02,Cookware Set,Home & Kitchen,1,13294.04,0.15,Debit Card,Bengaluru,Karnataka,32.0,Female,11299.93,2024-09,2024
ORD004615,CUST0311,2025-02-24,Perfume,Beauty,2,3848.75,0.05,Debit Card,Warangal,Telangana,18.0,Female,7312.62,2025-02,2025
ORD005904,CUST0333,2024-08-24,Data Analytics Book,Books,1,2455.59,0.2,UPI,Pune,Maharashtra,44.0,Male,1964.47,2024-08,2024
ORD003027,CUST0092,2024-08-09,Table Lamp,Home & Kitchen,5,10012.97,0.1,UPI,Coimbatore,Tamil Nadu,38.0,Female,45058.36,2024-08,2024
ORD001384,CUST0727,2024-09-18,Yoga Mat,Sports,5,5183.43,0.0,UPI,Pune,Maharashtra,44.0,Female,25917.15,2024-09,2024
ORD002092,CUST0218,2025-03-08,Backpack,Fashion,1,927.14,0.15,UPI,Hyderabad,Telangana,28.0,Male,788.07,2025-03,2025
ORD003077,CUST0040,2024-08-12,Jeans,Fashion,1,2009.12,0.05,UPI,Hyderabad,Telangana,37.0,Male,1908.66,2024-08,2024
ORD004334,CUST0714,2024-08-03,Coffee Maker,Home & Kitchen,2,8232.94,0.2,Debit Card,Thiruvananthapuram,Kerala,44.0,Male,13172.7,2024-08,2024
ORD003199,CUST0401,2024-06-27,Cookware Set,Home & Kitchen,2,3599.63,0.0,Net Banking,Mumbai,Maharashtra,38.0,Male,7199.26,2024-06,2024
ORD001600,CUST0822,2025-09-11,Jeans,Fashion,1,4714.31,0.15,Net Banking,Kochi,Kerala,44.0,Female,4007.16,2025-09,2025
ORD002575,CUST0863,2025-03-05,Cricket Bat,Sports,1,7059.47,0.0,Cash on Delivery,New Delhi,Delhi,26.0,Female,7059.47,2025-03,2025
ORD001727,CUST0019,2025-11-15,Table Lamp,Home & Kitchen,1,500.13,0.05,Cash on Delivery,Nagpur,Maharashtra,39.0,Female,475.12,2025-11,2025
ORD003238,CUST0042,2025-07-16,Python Programming,Books,3,1812.97,0.05,Debit Card,Nagpur,Maharashtra,46.0,Male,5166.96,2025-07,2025
ORD005247,CUST0452,2025-03-02,Coffee Maker,Home & Kitchen,1,13265.37,0.15,Credit Card,Pune,Maharashtra,49.0,Male,11275.56,2025-03,2025
ORD005694,CUST0244,2025-04-22,Backpack,Fashion,2,1142.52,0.1,Credit Card,Thiruvananthapuram,Kerala,26.0,Male,2056.54,2025-04,2025
ORD004667,CUST0458,2024-01-26,Power Bank,Electronics,5,72530.39,0.05,UPI,Chennai,Tamil Nadu,40.0,Female,344519.35,2024-01,2024
ORD004793,CUST0614,2024-08-21,Wireless Headphones,Electronics,3,70689.15,0.05,UPI,Mangaluru,Karnataka,21.0,Female,201464.08,2024-08,2024
ORD001224,CUST0952,2025-05-17,Wireless Headphones,Electronics,2,57577.23,0.1,Net Banking,New Delhi,Delhi,31.0,Male,103639.01,2025-05,2025
ORD001298,CUST0033,2024-10-27,Power Bank,Electronics,3,32956.19,0.2,Debit Card,New Delhi,Delhi,28.0,Female,79094.86,2024-10,2024
ORD002776,CUST0052,2024-11-10,Sneakers,Fashion,1,1813.91,0.05,Net Banking,Chennai,Tamil Nadu,30.0,Male,1723.21,2024-11,2024
ORD000016,CUST0464,2024-11-21,Laptop Stand,Electronics,3,64912.48,0.05,UPI,Hyderabad,Telangana,18.0,Male,185000.57,2024-11,2024
ORD005426,CUST0688,2024-11-26,Running Shoes,Sports,5,6382.11,0.05,Cash on Delivery,Nagpur,Maharashtra,28.0,Male,30315.02,2024-11,2024
ORD000352,CUST0250,2024-05-22,Wireless Headphones,Electronics,2,72271.11,0.05,Debit Card,Thiruvananthapuram,Kerala,36.0,Male,137315.11,2024-05,2024
ORD005405,CUST0411,2025-06-17,Power Bank,Electronics,3,6420.12,0.05,UPI,Thiruvananthapuram,Kerala,29.0,Female,18297.34,2025-06,2025
ORD001363,CUST1147,2024-02-13,Jacket,Fashion,1,1511.89,0.1,,New Delhi,Delhi,22.0,Other,1360.7,2024-02,2024
ORD002171,CUST0407,2024-12-05,Jacket,Fashion,1,4869.04,0.2,Cash on Delivery,New Delhi,Delhi,57.0,Female,3895.23,2024-12,2024
ORD002032,CUST0106,2025-02-03,Python Programming,Books,5,419.19,0.05,UPI,New Delhi,Delhi,39.0,Female,1991.15,2025-02,2025
ORD003814,CUST0722,2025-04-23,Jeans,Fashion,1,5372.75,0.1,Credit Card,Thiruvananthapuram,Kerala,25.0,Female,4835.48,2025-04,2025
ORD001023,CUST0198,2024-04-06,Perfume,Beauty,4,2531.89,0.05,Cash on Delivery,Coimbatore,Tamil Nadu,45.0,Female,9621.18,2024-04,2024
ORD000372,CUST1199,2025-09-21,Running Shoes,Sports,2,3676.81,0.05,Credit Card,Thiruvananthapuram,Kerala,35.0,Female,6985.94,2025-09,2025
ORD002245,CUST0672,2024-05-18,Jacket,Fashion,2,2269.39,0.1,UPI,Trichy,Tamil Nadu,25.0,Male,4084.9,2024-05,2024
ORD002314,CUST0213,2025-04-28,Backpack,Fashion,2,5673.2,0.15,Credit Card,New Delhi,Delhi,21.0,Female,9644.44,2025-04,2025
ORD005861,CUST1187,2025-10-08,Jeans,Fashion,2,5132.27,0.15,Credit Card,Warangal,Telangana,18.0,Male,8724.86,2025-10,2025
ORD003797,CUST0499,2024-02-04,Power Bank,Electronics,3,9696.36,0.15,Cash on Delivery,New Delhi,Delhi,18.0,Female,24725.72,2024-02,2024
ORD003800,CUST0284,2024-09-27,Bluetooth Speaker,Electronics,4,52410.17,0.15,Credit Card,Warangal,Telangana,32.0,Male,178194.58,2024-09,2024
ORD005805,CUST0376,2025-08-06,Jacket,Fashion,5,3739.97,0.15,Cash on Delivery,Kochi,Kerala,33.0,Female,15894.87,2025-08,2025
ORD000743,CUST0995,2024-08-08,Perfume,Beauty,3,2705.41,0.0,UPI,Bengaluru,Karnataka,28.0,Female,8116.23,2024-08,2024
ORD001269,CUST0263,2025-12-11,Backpack,Fashion,3,2181.96,0.0,Net Banking,Warangal,Telangana,38.0,Female,6545.88,2025-12,2025
ORD002601,CUST0702,2024-04-27,T-Shirt,Fashion,1,1402.59,0.1,Cash on Delivery,New Delhi,Delhi,36.0,Male,1262.33,2024-04,2024
ORD001618,CUST0133,2024-08-03,Table Lamp,Home & Kitchen,2,14022.95,0.05,Credit Card,Mysuru,Karnataka,19.0,Female,26643.6,2024-08,2024
ORD000806,CUST1059,2025-12-06,SQL Guide,Books,2,1507.39,0.1,UPI,Mumbai,Maharashtra,30.0,Female,2713.3,2025-12,2025
ORD004797,CUST0133,2024-02-23,Jeans,Fashion,3,606.93,0.05,UPI,Mangaluru,Karnataka,48.0,Male,1729.75,2024-02,2024
ORD000684,CUST0880,2024-04-26,Machine Learning Book,Books,2,1475.04,0.0,Debit Card,New Delhi,Delhi,31.0,Male,2950.08,2024-04,2024
ORD004984,CUST1074,2024-05-27,Bluetooth Speaker,Electronics,1,21216.73,0.1,Debit Card,Coimbatore,Tamil Nadu,38.0,Male,19095.06,2024-05,2024
ORD003560,CUST0997,2024-05-17,Backpack,Fashion,1,3294.53,0.1,UPI,Chennai,Tamil Nadu,28.0,Male,2965.08,2024-05,2024
ORD003853,CUST0143,2025-03-12,Coffee Maker,Home & Kitchen,4,7942.55,0.05,UPI,New Delhi,Delhi,33.0,Female,30181.69,2025-03,2025
ORD003806,CUST0533,2025-01-21,Sunscreen,Beauty,2,2218.62,0.05,UPI,Salem,Tamil Nadu,36.0,Female,4215.38,2025-01,2025
ORD005564,CUST0528,2024-12-31,T-Shirt,Fashion,3,2562.38,0.05,,Warangal,Telangana,29.0,Male,7302.78,2024-12,2024
ORD004707,CUST0156,2025-08-19,Face Wash,Beauty,3,1415.21,0.2,UPI,Kochi,Kerala,26.0,Female,3396.5,2025-08,2025
ORD004370,CUST0036,2024-08-02,T-Shirt,Fashion,4,5155.15,0.05,Net Banking,Salem,Tamil Nadu,18.0,Female,19589.57,2024-08,2024
ORD005013,CUST1118,2025-06-17,Football,Sports,5,9108.15,0.1,Cash on Delivery,New Delhi,Delhi,18.0,Male,40986.68,2025-06,2025
ORD003857,CUST0713,2025-11-14,Dumbbells,Sports,1,2811.27,0.05,Net Banking,Pune,Maharashtra,18.0,Female,2670.71,2025-11,2025
ORD003860,CUST1139,2024-10-06,Jeans,Fashion,3,1120.36,0.2,UPI,Kochi,Kerala,24.0,Male,2688.86,2024-10,2024
ORD000009,CUST0643,2025-04-06,Moisturizer,Beauty,1,654.59,0.0,Debit Card,New Delhi,Delhi,61.0,Male,654.59,2025-04,2025
ORD001863,CUST1084,2025-08-06,SQL Guide,Books,2,2449.23,0.2,Credit Card,Madurai,Tamil Nadu,29.0,Female,3918.77,2025-08,2025
ORD002820,CUST1040,2024-05-13,Dumbbells,Sports,2,657.09,0.0,UPI,Trichy,Tamil Nadu,39.0,Female,1314.18,2024-05,2024
ORD001352,CUST0800,2024-06-25,Power Bank,Electronics,1,69204.76,0.05,UPI,Thiruvananthapuram,Kerala,28.0,Female,65744.52,2024-06,2024
ORD000577,CUST1180,2024-08-09,T-Shirt,Fashion,1,965.27,0.0,Net Banking,New Delhi,Delhi,24.0,Male,965.27,2024-08,2024
ORD000627,CUST0957,2024-11-23,Mixer Grinder,Home & Kitchen,2,2747.63,0.1,Debit Card,New Delhi,Delhi,29.0,Male,4945.73,2024-11,2024
ORD003619,CUST0532,2025-11-04,Football,Sports,1,3467.98,0.05,UPI,Coimbatore,Tamil Nadu,28.0,Female,3294.58,2025-11,2025
ORD005532,CUST0794,2024-07-05,Jeans,Fashion,1,788.12,0.05,UPI,Salem,Tamil Nadu,31.0,Female,748.71,2024-07,2024
ORD000427,CUST1175,2025-09-06,Jeans,Fashion,1,1132.02,0.1,Debit Card,Mumbai,Maharashtra,37.0,Female,1018.82,2025-09,2025
ORD000034,CUST1192,2025-11-21,Business Analytics,Books,1,337.67,0.1,UPI,Kochi,Kerala,31.0,Male,303.9,2025-11,2025
ORD001047,CUST1089,2025-10-08,Backpack,Fashion,4,5930.96,0.05,Cash on Delivery,Mysuru,Karnataka,18.0,Male,22537.65,2025-10,2025
ORD000045,CUST0203,2024-07-31,Business Analytics,Books,2,1272.72,0.1,Credit Card,Nagpur,Maharashtra,31.0,Female,2290.9,2024-07,2024
ORD003340,CUST0391,2025-08-09,Jeans,Fashion,1,3178.93,0.1,Debit Card,Mumbai,Maharashtra,38.0,Female,2861.04,2025-08,2025
ORD001045,CUST0923,2024-09-03,Sneakers,Fashion,2,1644.83,0.0,Credit Card,Hyderabad,Telangana,35.0,Female,3289.66,2024-09,2024
ORD001102,CUST0989,2024-07-22,Cookware Set,Home & Kitchen,1,2164.54,0.0,Credit Card,Thiruvananthapuram,Kerala,24.0,Female,2164.54,2024-07,2024
ORD001050,CUST0317,2024-04-21,Backpack,Fashion,1,5211.42,0.05,,Mysuru,Karnataka,43.0,Male,4950.85,2024-04,2024
ORD001884,CUST0756,2024-03-04,Wireless Headphones,Electronics,1,70034.29,0.0,Credit Card,New Delhi,Delhi,24.0,Male,70034.29,2024-03,2024
ORD004472,CUST0732,2024-08-31,Perfume,Beauty,1,2597.94,0.15,UPI,Pune,Maharashtra,32.0,Female,2208.25,2024-08,2024
ORD004634,CUST0621,2024-04-06,Yoga Mat,Sports,3,3695.5,0.15,Net Banking,Kochi,Kerala,23.0,Female,9423.52,2024-04,2024
ORD001744,CUST0211,2025-06-12,Mixer Grinder,Home & Kitchen,1,2844.32,0.1,Debit Card,Trichy,Tamil Nadu,32.0,Male,2559.89,2025-06,2025
ORD002578,CUST0521,2024-09-20,Power Bank,Electronics,5,15822.8,0.2,Debit Card,Madurai,Tamil Nadu,49.0,Other,63291.2,2024-09,2024
ORD000064,CUST0006,2024-08-10,Backpack,Fashion,1,1356.97,0.1,Cash on Delivery,Nagpur,Maharashtra,26.0,Female,1221.27,2024-08,2024
ORD004354,CUST0157,2024-04-15,T-Shirt,Fashion,3,788.14,0.05,UPI,Hyderabad,Telangana,31.0,Male,2246.2,2024-04,2024
ORD003071,CUST0172,2025-12-30,Sneakers,Fashion,2,1988.65,0.2,Credit Card,Thiruvananthapuram,Kerala,23.0,Male,3181.84,2025-12,2025
ORD005330,CUST0579,2024-12-09,Yoga Mat,Sports,1,6454.52,0.0,Net Banking,Bengaluru,Karnataka,38.0,Male,6454.52,2024-12,2024
ORD002618,CUST0133,2024-03-12,Jeans,Fashion,4,2024.25,0.05,Cash on Delivery,Kochi,Kerala,36.0,Male,7692.15,2024-03,2024
ORD001120,CUST0574,2024-10-18,Jacket,Fashion,3,5621.47,0.1,Cash on Delivery,Bengaluru,Karnataka,46.0,Female,15177.97,2024-10,2024
ORD002500,CUST0410,2025-08-22,Bluetooth Speaker,Electronics,1,43267.77,0.1,Debit Card,Kochi,Kerala,35.0,Male,38940.99,2025-08,2025
ORD003393,CUST0061,2025-12-02,Bluetooth Speaker,Electronics,2,70031.53,0.1,Credit Card,Mangaluru,Karnataka,37.0,Male,126056.75,2025-12,2025
ORD000706,CUST0208,2024-01-08,Shampoo,Beauty,4,429.4,0.15,Net Banking,Chennai,Tamil Nadu,29.0,Male,1459.96,2024-01,2024
ORD004987,CUST0518,2025-10-10,Perfume,Beauty,2,321.01,0.0,Cash on Delivery,Hyderabad,Telangana,20.0,Female,642.02,2025-10,2025
ORD004963,CUST0410,2024-11-28,Sneakers,Fashion,2,2659.31,0.15,UPI,New Delhi,Delhi,40.0,Female,4520.83,2024-11,2024
ORD003269,CUST0503,2025-09-02,Sunscreen,Beauty,2,2626.49,0.0,Net Banking,Pune,Maharashtra,18.0,Male,5252.98,2025-09,2025
ORD004011,CUST0913,2024-02-12,Running Shoes,Sports,1,7544.84,0.0,UPI,Pune,Maharashtra,32.0,Male,7544.84,2024-02,2024
ORD001613,CUST0186,2025-11-10,Jeans,Fashion,1,1180.13,0.0,Debit Card,Salem,Tamil Nadu,,Female,1180.13,2025-11,2025
ORD004223,CUST0917,2024-05-12,Backpack,Fashion,3,4261.2,0.1,Debit Card,Warangal,Telangana,34.0,Female,11505.24,2024-05,2024
ORD001974,CUST0872,2025-06-11,Football,Sports,4,7037.64,0.0,UPI,New Delhi,Delhi,29.0,Male,28150.56,2025-06,2025
ORD004816,CUST0724,2024-09-11,Shampoo,Beauty,2,2997.71,0.05,Credit Card,New Delhi,Delhi,38.0,Male,5695.65,2024-09,2024
ORD005560,CUST0722,2025-11-15,Laptop Stand,Electronics,2,29222.12,0.15,UPI,Bengaluru,Karnataka,19.0,Other,49677.6,2025-11,2025
ORD003933,CUST0695,2025-04-12,Table Lamp,Home & Kitchen,2,9348.64,0.15,UPI,New Delhi,Delhi,45.0,Female,15892.69,2025-04,2025
ORD001316,CUST0931,2024-11-24,Laptop Stand,Electronics,2,79647.5,0.0,Cash on Delivery,Bengaluru,Karnataka,32.0,Female,159295.0,2024-11,2024
ORD005688,CUST0112,2024-11-08,Perfume,Beauty,2,1039.54,0.2,Debit Card,Warangal,Telangana,30.0,Female,1663.26,2024-11,2024
ORD005695,CUST0902,2025-07-08,Jacket,Fashion,1,5235.03,0.05,UPI,Mangaluru,Karnataka,39.0,Female,4973.28,2025-07,2025
ORD002799,CUST0438,2024-10-22,Data Analytics Book,Books,2,291.7,0.1,UPI,Hyderabad,Telangana,22.0,Male,525.06,2024-10,2024
ORD005783,CUST0591,2024-01-27,Perfume,Beauty,1,2676.07,0.1,Net Banking,New Delhi,Delhi,21.0,Male,2408.46,2024-01,2024
ORD003837,CUST0132,2024-03-08,Face Wash,Beauty,2,1772.47,0.1,UPI,Mysuru,Karnataka,28.0,Male,3190.45,2024-03,2024
ORD004763,CUST0782,2025-07-29,Cricket Bat,Sports,1,9917.01,0.1,Debit Card,Mumbai,Maharashtra,30.0,Female,8925.31,2025-07,2025
ORD000748,CUST0923,2025-06-05,Data Analytics Book,Books,3,1264.72,0.0,Debit Card,Madurai,Tamil Nadu,25.0,Male,3794.16,2025-06,2025
ORD004242,CUST0111,2025-03-18,Bedsheet,Home & Kitchen,1,14350.59,0.05,UPI,Kochi,Kerala,40.0,Male,13633.06,2025-03,2025
ORD000474,CUST0180,2024-02-26,Jacket,Fashion,1,2602.26,0.1,Cash on Delivery,Salem,Tamil Nadu,36.0,Male,2342.03,2024-02,2024
ORD003444,CUST1137,2025-02-06,Mixer Grinder,Home & Kitchen,1,2973.65,0.05,UPI,Madurai,Tamil Nadu,20.0,Female,2824.97,2025-02,2025
ORD005674,CUST0234,2025-07-03,T-Shirt,Fashion,2,2593.3,0.1,Credit Card,Warangal,Telangana,36.0,Male,4667.94,2025-07,2025
ORD000298,CUST0544,2024-11-06,Dumbbells,Sports,2,9440.65,0.15,UPI,Warangal,Telangana,38.0,Male,16049.1,2024-11,2024
ORD000304,CUST0017,2024-10-08,Power Bank,Electronics,3,76154.21,0.15,Credit Card,Bengaluru,Karnataka,31.0,Female,194193.24,2024-10,2024
ORD002477,CUST0940,2024-12-05,Laptop Stand,Electronics,2,8010.34,0.1,UPI,New Delhi,Delhi,26.0,Female,14418.61,2024-12,2024
ORD002378,CUST0204,2025-07-16,Bluetooth Speaker,Electronics,2,73667.87,0.15,Credit Card,Mumbai,Maharashtra,39.0,Female,125235.38,2025-07,2025
ORD003535,CUST0243,2025-02-17,Smart Watch,Electronics,3,57722.51,0.0,UPI,Mysuru,Karnataka,26.0,Male,173167.53,2025-02,2025
ORD003310,CUST0816,2024-03-19,Sneakers,Fashion,1,572.66,0.15,UPI,Mumbai,Maharashtra,27.0,Male,486.76,2024-03,2024
ORD003870,CUST0531,2024-12-22,T-Shirt,Fashion,1,438.39,0.15,Net Banking,Mangaluru,Karnataka,29.0,Female,372.63,2024-12,2024
ORD004129,CUST1083,2025-08-28,Python Programming,Books,1,2171.97,0.1,Cash on Delivery,Warangal,Telangana,21.0,Female,1954.77,2025-08,2025
ORD003617,CUST0593,2024-04-10,Bedsheet,Home & Kitchen,2,13973.03,0.1,Debit Card,Kochi,Kerala,32.0,Female,25151.45,2024-04,2024
ORD002686,CUST0740,2024-09-20,Moisturizer,Beauty,3,1808.81,0.1,Net Banking,Kochi,Kerala,27.0,Female,4883.79,2024-09,2024
ORD000241,CUST0321,2024-08-18,Table Lamp,Home & Kitchen,1,10936.98,0.15,Credit Card,Kochi,Kerala,27.0,Female,9296.43,2024-08,2024
ORD005738,CUST0774,2024-04-08,Coffee Maker,Home & Kitchen,4,2497.63,0.15,Debit Card,Hyderabad,Telangana,29.0,Male,8491.94,2024-04,2024
ORD002293,CUST1113,2025-06-05,Machine Learning Book,Books,4,375.88,0.1,UPI,Nagpur,Maharashtra,18.0,Male,1353.17,2025-06,2025
ORD001672,CUST0451,2025-05-02,Sneakers,Fashion,5,3613.94,0.0,UPI,Kochi,Kerala,28.0,Male,18069.7,2025-05,2025
ORD002100,CUST0076,2025-07-13,Laptop Stand,Electronics,4,5137.29,0.0,UPI,Coimbatore,Tamil Nadu,27.0,Female,20549.16,2025-07,2025
ORD005061,CUST0936,2025-10-05,Wireless Headphones,Electronics,2,62026.52,0.0,Net Banking,Madurai,Tamil Nadu,35.0,Male,124053.04,2025-10,2025
ORD001176,CUST0536,2025-12-15,Jeans,Fashion,2,4511.24,0.2,UPI,Coimbatore,Tamil Nadu,36.0,Female,7217.98,2025-12,2025
ORD003934,CUST0986,2025-10-27,Jeans,Fashion,2,3640.82,0.15,UPI,Warangal,Telangana,25.0,Female,6189.39,2025-10,2025
ORD004384,CUST0221,2024-12-04,Data Analytics Book,Books,1,547.76,0.15,Credit Card,Kochi,Kerala,20.0,Female,465.6,2024-12,2024
ORD003083,CUST0082,2024-02-12,Power Bank,Electronics,1,51173.7,0.05,Cash on Delivery,New Delhi,Delhi,39.0,Female,48615.01,2024-02,2024
ORD002863,CUST0958,2024-05-04,T-Shirt,Fashion,2,2073.22,0.05,UPI,Mysuru,Karnataka,31.0,Male,3939.12,2024-05,2024
ORD005592,CUST0128,2025-09-11,Jacket,Fashion,1,3317.81,0.0,Credit Card,Warangal,Telangana,23.0,Male,3317.81,2025-09,2025
ORD005711,CUST0861,2024-03-02,Moisturizer,Beauty,1,621.74,0.15,Credit Card,Warangal,Telangana,31.0,Female,528.48,2024-03,2024
ORD005177,CUST0468,2025-06-11,Jacket,Fashion,4,2083.32,0.0,Credit Card,New Delhi,Delhi,25.0,Female,8333.28,2025-06,2025
ORD001648,CUST0819,2024-04-06,Wireless Headphones,Electronics,3,36938.06,0.0,Cash on Delivery,Bengaluru,Karnataka,36.0,Male,110814.18,2024-04,2024
ORD003415,CUST0727,2024-10-10,Cookware Set,Home & Kitchen,1,7742.35,0.0,Debit Card,New Delhi,Delhi,38.0,Male,7742.35,2024-10,2024
ORD000334,CUST0831,2024-04-15,Power Bank,Electronics,1,42202.6,0.05,Debit Card,Chennai,Tamil Nadu,18.0,Female,40092.47,2024-04,2024
ORD002603,CUST0007,2025-10-17,Laptop Stand,Electronics,5,25188.95,,UPI,Mumbai,Maharashtra,32.0,Male,119647.51,2025-10,2025
ORD005868,CUST0770,2025-05-06,Shampoo,Beauty,3,1391.37,0.15,Cash on Delivery,Hyderabad,Telangana,30.0,Female,3547.99,2025-05,2025
ORD002158,CUST0502,2024-08-05,Jeans,Fashion,4,4768.75,0.15,UPI,Mumbai,Maharashtra,23.0,Female,16213.75,2024-08,2024
ORD001162,CUST0654,2025-10-16,Data Analytics Book,Books,1,472.03,0.1,UPI,Nagpur,Maharashtra,20.0,Male,424.83,2025-10,2025
ORD003575,CUST0164,2025-05-14,Power Bank,Electronics,3,16041.93,0.0,Debit Card,Chennai,Tamil Nadu,40.0,Male,48125.79,2025-05,2025
ORD004477,CUST1159,2025-06-15,Business Analytics,Books,4,885.96,0.15,UPI,Hyderabad,Telangana,18.0,Female,3012.26,2025-06,2025
ORD004582,CUST0750,2024-12-15,Bedsheet,Home & Kitchen,1,4449.99,0.15,Credit Card,New Delhi,Delhi,25.0,Female,3782.49,2024-12,2024
ORD004951,CUST0612,2024-07-27,Coffee Maker,Home & Kitchen,2,11009.48,0.05,Debit Card,Thiruvananthapuram,Kerala,36.0,Female,20918.01,2024-07,2024
ORD003003,CUST0426,2024-02-26,Backpack,Fashion,1,4906.65,0.1,Debit Card,Kochi,Kerala,23.0,Male,4415.98,2024-02,2024
ORD000248,CUST0873,2024-08-14,Wireless Headphones,Electronics,2,57796.58,0.05,Cash on Delivery,Thiruvananthapuram,Kerala,26.0,Female,109813.5,2024-08,2024
ORD004877,CUST1021,2024-05-06,Perfume,Beauty,4,2662.59,0.1,UPI,Kochi,Kerala,18.0,Female,9585.32,2024-05,2024
ORD003530,CUST1173,2024-08-24,Cookware Set,Home & Kitchen,1,1984.31,0.1,UPI,Trichy,Tamil Nadu,37.0,Female,1785.88,2024-08,2024
ORD000801,CUST0320,2024-11-23,Bedsheet,Home & Kitchen,2,8788.73,0.15,Credit Card,Chennai,Tamil Nadu,27.0,Male,14940.84,2024-11,2024
ORD001685,CUST0569,2025-02-16,Dumbbells,Sports,4,3859.26,0.2,Credit Card,Thiruvananthapuram,Kerala,29.0,Male,12349.63,2025-02,2025
ORD004682,CUST0896,2025-11-08,Jacket,Fashion,1,3828.0,0.0,Credit Card,Hyderabad,Telangana,32.0,Male,3828.0,2025-11,2025
ORD004197,CUST0076,2025-09-14,Smart Watch,Electronics,1,63706.04,0.05,UPI,Chennai,Tamil Nadu,36.0,Male,60520.74,2025-09,2025
ORD001922,CUST0353,2025-11-26,Cookware Set,Home & Kitchen,1,9436.3,0.0,Cash on Delivery,Mangaluru,Karnataka,42.0,Male,9436.3,2025-11,2025
ORD002210,CUST0516,2025-11-19,Machine Learning Book,Books,2,2345.92,0.0,UPI,New Delhi,Delhi,46.0,Other,4691.84,2025-11,2025
ORD001222,CUST0290,2024-06-18,Data Analytics Book,Books,3,2360.3,0.1,UPI,Salem,Tamil Nadu,33.0,Male,6372.81,2024-06,2024
ORD004004,CUST0414,2025-02-15,Machine Learning Book,Books,3,665.67,0.0,UPI,Salem,Tamil Nadu,47.0,Female,1997.01,2025-02,2025
ORD001514,CUST0538,2025-03-10,Machine Learning Book,Books,1,1333.8,0.1,Net Banking,Bengaluru,Karnataka,35.0,Male,1200.42,2025-03,2025
ORD004352,CUST0214,2024-12-06,T-Shirt,Fashion,2,1195.02,0.2,UPI,Thiruvananthapuram,Kerala,32.0,Female,1912.03,2024-12,2024
ORD001254,CUST0978,2024-03-18,Backpack,Fashion,1,1727.94,0.0,Credit Card,Bengaluru,Karnataka,32.0,Male,1727.94,2024-03,2024
ORD005331,CUST0771,2024-06-18,Shampoo,Beauty,4,451.46,0.05,UPI,Bengaluru,Karnataka,37.0,Male,1715.55,2024-06,2024
ORD005170,CUST0654,2024-09-12,Perfume,Beauty,1,2856.26,0.2,Cash on Delivery,Warangal,Telangana,22.0,Male,2285.01,2024-09,2024
ORD000599,CUST0230,2024-08-13,Coffee Maker,Home & Kitchen,2,3122.68,0.1,UPI,New Delhi,Delhi,24.0,Female,5620.82,2024-08,2024
ORD001610,CUST0586,2025-02-05,Laptop Stand,Electronics,2,11550.94,0.1,UPI,Mumbai,Maharashtra,18.0,Male,20791.69,2025-02,2025
ORD000316,CUST0769,2025-01-26,Table Lamp,Home & Kitchen,2,1065.2,0.1,UPI,Thiruvananthapuram,Kerala,42.0,Male,1917.36,2025-01,2025
ORD005243,CUST0706,2025-11-23,Jacket,Fashion,1,3255.44,0.15,UPI,Madurai,Tamil Nadu,38.0,Male,2767.12,2025-11,2025
ORD002277,CUST0587,2024-08-29,Power Bank,Electronics,1,46802.76,0.15,UPI,Kochi,Kerala,21.0,Male,39782.35,2024-08,2024
ORD000150,CUST0921,2024-09-10,SQL Guide,Books,2,1864.59,0.1,Net Banking,Thiruvananthapuram,Kerala,29.0,Male,3356.26,2024-09,2024
ORD004734,CUST0188,2025-01-11,SQL Guide,Books,2,309.99,0.1,UPI,Mysuru,Karnataka,18.0,Male,557.98,2025-01,2025
ORD001845,CUST0883,2025-07-13,Sneakers,Fashion,2,3322.81,0.2,Credit Card,Hyderabad,Telangana,23.0,Male,5316.5,2025-07,2025
ORD000291,CUST0212,2024-06-18,Wireless Headphones,Electronics,1,72964.53,0.05,Credit Card,Kochi,Kerala,30.0,Male,69316.3,2024-06,2024
ORD000454,CUST0056,2024-07-09,Bedsheet,Home & Kitchen,2,7351.47,0.05,Credit Card,Hyderabad,Telangana,27.0,Male,13967.79,2024-07,2024
ORD005962,CUST0493,2025-08-10,Yoga Mat,Sports,2,2721.58,0.05,UPI,Hyderabad,Telangana,34.0,Female,5171.0,2025-08,2025
ORD004809,CUST0311,2025-12-10,Sneakers,Fashion,3,4284.61,0.05,UPI,Bengaluru,Karnataka,39.0,Female,12211.14,2025-12,2025
ORD003397,CUST0776,2024-10-04,Backpack,Fashion,4,4631.31,0.05,UPI,New Delhi,Delhi,33.0,Male,17598.98,2024-10,2024
ORD000692,CUST0285,2025-04-11,Laptop Stand,Electronics,1,11428.83,0.1,UPI,Kochi,Kerala,37.0,Female,10285.95,2025-04,2025
ORD001145,CUST0865,2025-02-22,Mixer Grinder,Home & Kitchen,1,11457.79,0.05,Net Banking,Bengaluru,Karnataka,18.0,Male,10884.9,2025-02,2025
ORD001635,CUST0936,2024-09-09,Running Shoes,Sports,2,1685.77,0.15,Debit Card,Madurai,Tamil Nadu,28.0,Male,2865.81,2024-09,2024
ORD004193,CUST0407,2024-08-20,Smart Watch,Electronics,1,11460.17,0.05,Debit Card,Trichy,Tamil Nadu,32.0,Female,10887.16,2024-08,2024
ORD001781,CUST0583,2025-04-24,Business Analytics,Books,2,2480.6,0.0,UPI,Trichy,Tamil Nadu,37.0,Female,4961.2,2025-04,2025
ORD004971,CUST0756,2025-01-18,Yoga Mat,Sports,2,7938.55,0.0,UPI,Thiruvananthapuram,Kerala,25.0,Female,15877.1,2025-01,2025
ORD003652,CUST0075,2025-11-27,Python Programming,Books,3,1058.8,0.1,Credit Card,New Delhi,Delhi,42.0,Male,2858.76,2025-11,2025
ORD000656,CUST1113,2025-12-02,Face Wash,Beauty,2,3543.45,0.1,Cash on Delivery,New Delhi,Delhi,18.0,Male,6378.21,2025-12,2025
ORD003136,CUST0108,2024-03-11,Mixer Grinder,Home & Kitchen,1,8859.69,0.1,UPI,New Delhi,Delhi,20.0,Male,7973.72,2024-03,2024
ORD001903,CUST0500,2024-01-07,Backpack,Fashion,2,3619.75,0.1,UPI,Madurai,Tamil Nadu,31.0,Female,6515.55,2024-01,2024
ORD004428,CUST0294,2024-04-19,Backpack,Fashion,2,2418.33,0.05,UPI,Warangal,Telangana,34.0,Female,4594.83,2024-04,2024
ORD001040,CUST0306,2024-09-15,Laptop Stand,Electronics,3,1620.81,0.1,Credit Card,New Delhi,Delhi,26.0,Male,4376.19,2024-09,2024
ORD004630,CUST0486,2025-06-09,Perfume,Beauty,5,3956.76,0.05,Net Banking,Mysuru,Karnataka,42.0,Male,18794.61,2025-06,2025
ORD001412,CUST0785,2024-07-16,Backpack,Fashion,2,2501.49,0.05,Credit Card,Madurai,Tamil Nadu,30.0,Male,4752.83,2024-07,2024
ORD005748,CUST0712,2024-05-12,Moisturizer,Beauty,2,2546.07,,Cash on Delivery,Warangal,Telangana,29.0,Male,4328.32,2024-05,2024
ORD001673,CUST0713,2025-04-23,Table Lamp,Home & Kitchen,1,10811.29,0.1,Cash on Delivery,Kochi,Kerala,21.0,Female,9730.16,2025-04,2025
ORD005096,CUST0249,2024-07-20,Power Bank,Electronics,2,32035.52,0.05,Debit Card,Salem,Tamil Nadu,35.0,Female,60867.49,2024-07,2024
ORD001371,CUST0581,2025-08-07,Python Programming,Books,2,1189.91,0.15,UPI,Bengaluru,Karnataka,28.0,Female,2022.85,2025-08,2025
ORD005083,CUST0760,2025-06-29,Perfume,Beauty,1,3047.52,0.2,UPI,Warangal,Telangana,36.0,Female,2438.02,2025-06,2025
ORD003134,CUST0712,2024-04-28,Wireless Headphones,Electronics,2,78797.32,0.05,Cash on Delivery,Mysuru,Karnataka,33.0,Female,149714.91,2024-04,2024
ORD002381,CUST0738,2025-03-10,Cookware Set,Home & Kitchen,1,950.49,0.0,UPI,Salem,Tamil Nadu,23.0,Male,950.49,2025-03,2025
ORD003721,CUST1080,2025-05-23,T-Shirt,Fashion,4,5256.03,0.15,Cash on Delivery,Nagpur,Maharashtra,30.0,Male,17870.5,2025-05,2025
ORD004092,CUST0355,2024-03-25,Perfume,Beauty,2,2880.63,0.05,Credit Card,Thiruvananthapuram,Kerala,35.0,Male,5473.2,2024-03,2024
ORD005007,CUST1138,2025-01-06,Data Analytics Book,Books,3,413.27,0.05,Cash on Delivery,Madurai,Tamil Nadu,24.0,Female,1177.82,2025-01,2025
ORD001624,CUST0652,2024-07-20,Jeans,Fashion,3,3206.53,0.05,UPI,Mysuru,Karnataka,40.0,Male,9138.61,2024-07,2024
ORD003670,CUST0608,2025-12-24,Jeans,Fashion,1,5054.09,0.0,UPI,New Delhi,Delhi,32.0,Female,5054.09,2025-12,2025
ORD000382,CUST0569,2025-01-20,Machine Learning Book,Books,2,1375.63,0.0,UPI,Hyderabad,Telangana,35.0,Female,2751.26,2025-01,2025
ORD003115,CUST0208,2025-03-23,Moisturizer,Beauty,2,818.6,0.05,Debit Card,Bengaluru,Karnataka,42.0,Male,1555.34,2025-03,2025
ORD001821,CUST0594,2024-04-11,Laptop Stand,Electronics,1,4185.37,0.05,Debit Card,Nagpur,Maharashtra,27.0,Male,3976.1,2024-04,2024
ORD003631,CUST0139,2024-03-19,SQL Guide,Books,3,594.82,0.1,Credit Card,New Delhi,Delhi,43.0,Female,1606.01,2024-03,2024
ORD000423,CUST0551,2024-02-17,Moisturizer,Beauty,1,2518.15,0.05,Cash on Delivery,New Delhi,Delhi,36.0,Male,2392.24,2024-02,2024
ORD000809,CUST0551,2024-04-10,Laptop Stand,Electronics,2,38116.87,0.1,Cash on Delivery,Bengaluru,Karnataka,52.0,Female,68610.37,2024-04,2024
ORD001380,CUST0520,2025-01-25,Backpack,Fashion,2,1114.51,0.05,UPI,Kochi,Kerala,20.0,Female,2117.57,2025-01,2025
ORD001670,CUST0784,2024-03-25,Bluetooth Speaker,Electronics,2,33806.85,0.1,Cash on Delivery,Hyderabad,Telangana,18.0,Female,60852.33,2024-03,2024
ORD002099,CUST0272,2024-03-03,Jeans,Fashion,2,2425.4,0.1,Credit Card,Nagpur,Maharashtra,23.0,Male,4365.72,2024-03,2024
ORD005526,CUST0653,2025-06-27,Jeans,Fashion,1,4340.29,0.0,Credit Card,Madurai,Tamil Nadu,41.0,Male,4340.29,2025-06,2025
ORD000125,CUST0900,2024-07-26,Mixer Grinder,Home & Kitchen,1,4083.0,0.0,Cash on Delivery,Nagpur,Maharashtra,46.0,Male,4083.0,2024-07,2024
ORD000103,CUST0964,2024-12-09,Smart Watch,Electronics,4,48383.24,0.15,Net Banking,Kochi,Kerala,36.0,Other,164503.02,2024-12,2024
ORD004059,CUST0052,2024-07-09,Cookware Set,Home & Kitchen,2,3741.0,0.0,,Kochi,Kerala,18.0,Female,7482.0,2024-07,2024
ORD001733,CUST0300,2024-10-06,Bedsheet,Home & Kitchen,1,4488.61,0.1,Debit Card,New Delhi,Delhi,34.0,Male,4039.75,2024-10,2024
ORD003036,CUST0554,2024-08-12,Jeans,Fashion,3,1421.99,0.05,UPI,Mumbai,Maharashtra,36.0,Male,4052.67,2024-08,2024
ORD002916,CUST0288,2025-02-06,Laptop Stand,Electronics,2,61235.57,0.2,Cash on Delivery,New Delhi,Delhi,27.0,Female,97976.91,2025-02,2025
ORD000487,CUST1194,2025-11-16,Moisturizer,Beauty,1,2843.95,0.1,UPI,Trichy,Tamil Nadu,24.0,Female,2559.55,2025-11,2025
ORD001129,CUST0993,2025-11-10,Power Bank,Electronics,1,49657.35,0.1,Net Banking,Hyderabad,Telangana,32.0,Male,44691.62,2025-11,2025
ORD003618,CUST0605,2025-12-18,Wireless Headphones,Electronics,4,39086.66,0.2,UPI,Mumbai,Maharashtra,35.0,Female,125077.31,2025-12,2025
ORD001515,CUST0665,2024-07-28,Jacket,Fashion,1,3976.01,0.1,UPI,Pune,Maharashtra,34.0,Male,3578.41,2024-07,2024
ORD000136,CUST1063,2024-08-04,Sneakers,Fashion,1,567.85,0.05,Debit Card,Mangaluru,Karnataka,22.0,Female,539.46,2024-08,2024
ORD002599,CUST0487,2025-03-26,T-Shirt,Fashion,3,2513.62,0.1,UPI,Thiruvananthapuram,Kerala,48.0,Male,6786.77,2025-03,2025
ORD002003,CUST0022,2024-01-02,Perfume,Beauty,1,3882.77,0.15,UPI,Trichy,Tamil Nadu,28.0,Male,3300.35,2024-01,2024
ORD002834,CUST0252,2024-10-08,Jacket,Fashion,1,2049.72,0.2,UPI,Coimbatore,Tamil Nadu,18.0,Male,1639.78,2024-10,2024
ORD001818,CUST0982,2024-11-05,Sneakers,Fashion,2,5848.38,0.0,UPI,Pune,Maharashtra,42.0,Female,11696.76,2024-11,2024
ORD000753,CUST0758,2024-03-08,Football,Sports,4,4387.64,0.1,UPI,New Delhi,Delhi,21.0,Male,15795.5,2024-03,2024
ORD004002,CUST0093,2024-04-07,Bedsheet,Home & Kitchen,2,3644.24,0.2,Debit Card,New Delhi,Delhi,40.0,Female,5830.78,2024-04,2024
ORD005028,CUST0649,2025-02-06,Sunscreen,Beauty,2,2142.39,0.15,UPI,Salem,Tamil Nadu,22.0,Female,3642.06,2025-02,2025
ORD001104,CUST0721,2024-08-04,Dumbbells,Sports,3,5420.12,0.1,Cash on Delivery,New Delhi,Delhi,26.0,Male,14634.32,2024-08,2024
ORD005371,CUST1113,2024-08-05,Cookware Set,Home & Kitchen,2,12177.79,0.05,Cash on Delivery,Mysuru,Karnataka,24.0,Female,23137.8,2024-08,2024
ORD002317,CUST0552,2025-10-01,Laptop Stand,Electronics,4,68582.5,0.1,UPI,Mysuru,Karnataka,18.0,Male,246897.0,2025-10,2025
ORD001919,CUST0340,2025-12-24,Backpack,Fashion,2,4676.63,0.2,Debit Card,Kochi,Kerala,23.0,Female,7482.61,2025-12,2025
ORD001544,CUST0912,2025-01-28,Table Lamp,Home & Kitchen,4,13942.5,0.05,UPI,Pune,Maharashtra,18.0,Female,52981.5,2025-01,2025
ORD003668,CUST0056,2025-10-25,Backpack,Fashion,2,3736.36,0.05,Net Banking,New Delhi,Delhi,20.0,Male,7099.08,2025-10,2025
ORD004442,CUST0903,2024-12-25,Bedsheet,Home & Kitchen,5,14272.41,0.15,UPI,Warangal,Telangana,27.0,Male,60657.74,2024-12,2024
ORD003707,CUST0948,2024-08-14,Mixer Grinder,Home & Kitchen,2,13449.37,0.05,UPI,Chennai,Tamil Nadu,24.0,Female,25553.8,2024-08,2024
ORD001177,CUST1030,2024-09-19,Coffee Maker,Home & Kitchen,3,3046.43,0.05,UPI,Bengaluru,Karnataka,28.0,Male,8682.33,2024-09,2024
ORD001560,CUST0624,2024-02-18,Jeans,Fashion,5,2311.47,0.15,Cash on Delivery,New Delhi,Delhi,21.0,Female,9823.75,2024-02,2024
ORD005664,CUST0968,2025-10-14,Data Analytics Book,Books,1,2228.66,0.2,UPI,Mumbai,Maharashtra,24.0,Male,1782.93,2025-10,2025
ORD000145,CUST1168,2024-10-17,Smart Watch,Electronics,3,15419.14,0.05,Debit Card,Bengaluru,Karnataka,21.0,Female,43944.55,2024-10,2024
ORD000381,CUST0012,2025-08-23,Backpack,Fashion,2,4753.75,0.1,Debit Card,Bengaluru,Karnataka,41.0,Female,8556.75,2025-08,2025
ORD001434,CUST1047,2025-07-14,Coffee Maker,Home & Kitchen,3,13462.69,0.1,Credit Card,New Delhi,Delhi,34.0,Male,36349.26,2025-07,2025
ORD001096,CUST1000,2025-10-26,Wireless Headphones,Electronics,2,29421.5,0.1,UPI,New Delhi,Delhi,31.0,Male,52958.7,2025-10,2025
ORD005414,CUST0385,2025-05-26,Jeans,Fashion,2,4605.77,0.0,Credit Card,New Delhi,Delhi,25.0,Female,9211.54,2025-05,2025
ORD000122,CUST0714,2025-11-03,Running Shoes,Sports,1,3830.96,0.0,UPI,Hyderabad,Telangana,34.0,Female,3830.96,2025-11,2025
ORD005566,CUST1199,2025-07-24,Perfume,Beauty,1,3354.82,0.0,Net Banking,Warangal,Telangana,38.0,Male,3354.82,2025-07,2025
ORD000612,CUST0500,2024-01-06,Power Bank,Electronics,1,7017.98,0.15,UPI,Madurai,Tamil Nadu,27.0,Female,5965.28,2024-01,2024
ORD004825,CUST0240,2024-02-28,Data Analytics Book,Books,1,1312.34,0.05,UPI,Mangaluru,Karnataka,33.0,Female,1246.72,2024-02,2024
ORD001942,CUST0677,2025-06-29,Mixer Grinder,Home & Kitchen,1,2289.22,0.05,UPI,Madurai,Tamil Nadu,33.0,Female,2174.76,2025-06,2025
ORD000419,CUST0101,2024-12-08,Business Analytics,Books,2,892.66,0.1,UPI,Trichy,Tamil Nadu,18.0,Male,1606.79,2024-12,2024
ORD002253,CUST0387,2024-02-25,Bedsheet,Home & Kitchen,1,1150.19,0.1,Cash on Delivery,New Delhi,Delhi,31.0,Female,1035.17,2024-02,2024
ORD001351,CUST0464,2024-05-19,Table Lamp,Home & Kitchen,2,5325.07,0.05,Debit Card,Mumbai,Maharashtra,38.0,Male,10117.63,2024-05,2024
ORD002304,CUST0768,2025-06-01,Laptop Stand,Electronics,1,44350.78,0.05,Credit Card,Mysuru,Karnataka,31.0,Other,42133.24,2025-06,2025
ORD005434,CUST0095,2025-08-11,Mixer Grinder,Home & Kitchen,1,9805.92,0.15,Cash on Delivery,New Delhi,Delhi,32.0,Male,8335.03,2025-08,2025
ORD004259,CUST0047,2024-05-27,SQL Guide,Books,1,2342.85,0.05,Cash on Delivery,Warangal,Telangana,18.0,Female,2225.71,2024-05,2024
ORD001979,CUST0022,2024-07-19,Power Bank,Electronics,1,50728.2,0.0,Cash on Delivery,Mysuru,Karnataka,33.0,Female,50728.2,2024-07,2024
ORD004480,CUST0043,2024-06-07,Jacket,Fashion,2,3816.7,0.15,Cash on Delivery,Bengaluru,Karnataka,25.0,Female,6488.39,2024-06,2024
ORD001303,CUST0390,2025-12-08,Smart Watch,Electronics,2,23173.91,0.05,UPI,Pune,Maharashtra,34.0,Male,44030.43,2025-12,2025
ORD003056,CUST0780,2024-11-24,Cricket Bat,Sports,3,1640.25,0.1,Net Banking,New Delhi,Delhi,30.0,Female,4428.68,2024-11,2024
ORD000249,CUST0621,2024-04-09,Sunscreen,Beauty,1,2668.12,0.05,Debit Card,Bengaluru,Karnataka,34.0,Female,2534.71,2024-04,2024
ORD001398,CUST0885,2025-04-02,Jacket,Fashion,2,3813.31,0.0,UPI,Thiruvananthapuram,Kerala,24.0,Male,7626.62,2025-04,2025
ORD004029,CUST0958,2024-07-11,Python Programming,Books,1,1843.39,0.15,UPI,Warangal,Telangana,26.0,Female,1566.88,2024-07,2024
ORD000448,CUST0061,2025-05-06,Mixer Grinder,Home & Kitchen,2,708.53,0.15,Net Banking,Hyderabad,Telangana,26.0,Female,1204.5,2025-05,2025
ORD001426,CUST0059,2024-08-13,Cookware Set,Home & Kitchen,2,14697.13,0.1,Debit Card,Warangal,Telangana,28.0,Male,26454.83,2024-08,2024
ORD004687,CUST0899,2024-09-26,Yoga Mat,Sports,3,1172.64,0.15,Net Banking,Pune,Maharashtra,26.0,Male,2990.23,2024-09,2024
ORD001200,CUST1038,2024-09-02,Laptop Stand,Electronics,1,79195.44,0.05,Credit Card,Madurai,Tamil Nadu,28.0,Male,75235.67,2024-09,2024
ORD001422,CUST0360,2025-10-23,Jacket,Fashion,1,4928.08,0.15,Credit Card,Chennai,Tamil Nadu,37.0,Female,4188.87,2025-10,2025
ORD004558,CUST0324,2024-06-04,Sneakers,Fashion,1,4699.59,0.05,UPI,Madurai,Tamil Nadu,30.0,Male,4464.61,2024-06,2024
ORD003765,CUST0426,2024-02-21,Python Programming,Books,1,1473.37,0.0,Cash on Delivery,Mumbai,Maharashtra,35.0,Male,1473.37,2024-02,2024
ORD003917,CUST0116,2025-03-02,Table Lamp,Home & Kitchen,1,3409.3,0.05,UPI,Bengaluru,Karnataka,39.0,Male,3238.84,2025-03,2025
ORD004474,CUST1070,2024-08-23,Wireless Headphones,Electronics,4,17210.21,0.15,Debit Card,Chennai,Tamil Nadu,39.0,Female,58514.71,2024-08,2024
ORD004665,CUST0605,2024-04-09,Shampoo,Beauty,2,829.05,0.05,UPI,Mumbai,Maharashtra,40.0,Male,1575.2,2024-04,2024
ORD004728,CUST0171,2025-04-04,Bedsheet,Home & Kitchen,1,14066.23,0.2,Credit Card,Warangal,Telangana,19.0,Female,11252.98,2025-04,2025
ORD004114,CUST1007,2025-10-30,Smart Watch,Electronics,1,4881.38,0.05,Cash on Delivery,Nagpur,Maharashtra,19.0,Female,4637.31,2025-10,2025
ORD003510,CUST0303,2024-04-21,Bedsheet,Home & Kitchen,3,10340.57,0.1,UPI,New Delhi,Delhi,33.0,Male,27919.54,2024-04,2024
ORD002886,CUST0829,2025-10-19,Laptop Stand,Electronics,3,64152.39,0.15,UPI,Trichy,Tamil Nadu,26.0,Female,163588.59,2025-10,2025
ORD001536,CUST0080,2024-05-03,Wireless Headphones,Electronics,2,65329.68,0.05,Cash on Delivery,Mangaluru,Karnataka,18.0,Female,124126.39,2024-05,2024
ORD000415,CUST0127,2025-09-02,Jacket,Fashion,2,2617.61,0.0,,New Delhi,Delhi,32.0,Male,5235.22,2025-09,2025
ORD004586,CUST0783,2024-03-25,Smart Watch,Electronics,1,66982.58,0.15,UPI,Mysuru,Karnataka,45.0,Male,56935.19,2024-03,2024
ORD001721,CUST0228,2024-06-24,Python Programming,Books,2,1344.87,0.2,Debit Card,New Delhi,Delhi,35.0,Female,2151.79,2024-06,2024
ORD000655,CUST0364,2024-12-30,Running Shoes,Sports,3,4250.67,0.1,UPI,New Delhi,Delhi,46.0,Female,11476.81,2024-12,2024
ORD003561,CUST0206,2025-11-09,Smart Watch,Electronics,2,76655.42,0.05,UPI,Warangal,Telangana,29.0,Female,145645.3,2025-11,2025
ORD001003,CUST0986,2025-02-09,Sneakers,Fashion,2,4008.45,0.15,UPI,Mangaluru,Karnataka,23.0,Female,6814.36,2025-02,2025
ORD004455,CUST0399,2024-09-29,Data Analytics Book,Books,1,2480.44,0.0,UPI,Kochi,Kerala,26.0,Female,2480.44,2024-09,2024
ORD003373,CUST0957,2024-10-25,Sneakers,Fashion,1,5544.43,0.05,UPI,Mumbai,Maharashtra,39.0,Male,5267.21,2024-10,2024
ORD003974,CUST0802,2025-02-20,Coffee Maker,Home & Kitchen,2,12902.58,0.1,UPI,Madurai,Tamil Nadu,36.0,Female,23224.64,2025-02,2025
ORD005913,CUST0455,2025-11-25,Cookware Set,Home & Kitchen,5,7805.12,0.15,Credit Card,Kochi,Kerala,47.0,Male,33171.76,2025-11,2025
ORD001488,CUST0795,2024-12-04,Backpack,Fashion,1,3436.15,0.0,Debit Card,Nagpur,Maharashtra,32.0,Female,3436.15,2024-12,2024
ORD000590,CUST0969,2025-06-05,SQL Guide,Books,1,1863.66,0.1,Credit Card,Pune,Maharashtra,31.0,Male,1677.29,2025-06,2025
ORD002087,CUST0881,2024-12-20,Table Lamp,Home & Kitchen,3,9248.1,0.1,UPI,Thiruvananthapuram,Kerala,52.0,Male,24969.87,2024-12,2024
ORD003609,CUST0141,2024-04-13,Face Wash,Beauty,1,1367.37,0.0,Credit Card,Mangaluru,Karnataka,18.0,Female,1367.37,2024-04,2024
ORD004517,CUST0917,2024-01-25,Running Shoes,Sports,1,5124.27,0.0,UPI,New Delhi,Delhi,23.0,Female,5124.27,2024-01,2024
ORD001601,CUST0056,2025-01-19,Bedsheet,Home & Kitchen,1,4328.97,0.1,UPI,Mysuru,Karnataka,26.0,Female,3896.07,2025-01,2025
ORD005290,CUST0899,2024-01-11,Jeans,Fashion,1,2795.81,0.1,Debit Card,Mangaluru,Karnataka,34.0,Female,2516.23,2024-01,2024
ORD002837,CUST1158,2025-08-23,Sneakers,Fashion,1,3797.13,0.2,Credit Card,Hyderabad,Telangana,27.0,Male,3037.7,2025-08,2025
ORD002358,CUST1123,2024-07-11,Bluetooth Speaker,Electronics,2,6661.16,0.1,Debit Card,Salem,Tamil Nadu,25.0,Female,11990.09,2024-07,2024
ORD000995,CUST0793,2024-09-26,Smart Watch,Electronics,1,68219.62,0.0,Debit Card,New Delhi,Delhi,25.0,Other,68219.62,2024-09,2024
ORD002198,CUST0358,2024-07-01,Smart Watch,Electronics,4,27739.25,0.0,UPI,Mysuru,Karnataka,47.0,Male,110957.0,2024-07,2024
ORD001880,CUST0145,2025-05-01,Running Shoes,Sports,1,1794.12,0.05,Cash on Delivery,Bengaluru,Karnataka,19.0,Female,1704.41,2025-05,2025
ORD004565,CUST0762,2024-09-25,Data Analytics Book,Books,3,1658.04,0.1,UPI,Kochi,Kerala,24.0,Male,4476.71,2024-09,2024
ORD001372,CUST0515,2025-05-10,Wireless Headphones,Electronics,3,63099.75,0.05,Net Banking,Hyderabad,Telangana,42.0,Female,179834.29,2025-05,2025
ORD001874,CUST1120,2025-12-06,Power Bank,Electronics,1,66828.82,0.05,Cash on Delivery,Nagpur,Maharashtra,39.0,Female,63487.38,2025-12,2025
ORD000209,CUST0284,2025-12-13,Wireless Headphones,Electronics,1,10323.58,0.0,UPI,Nagpur,Maharashtra,50.0,Male,10323.58,2025-12,2025
ORD004813,CUST0555,2025-03-21,Jeans,Fashion,4,5171.19,0.2,UPI,Pune,Maharashtra,31.0,Male,16547.81,2025-03,2025
ORD004241,CUST0578,2025-01-04,Perfume,Beauty,1,2095.78,0.0,Cash on Delivery,Kochi,Kerala,23.0,Female,2095.78,2025-01,2025
ORD000426,CUST1188,2024-10-24,Cookware Set,Home & Kitchen,1,7927.11,0.1,Net Banking,Thiruvananthapuram,Kerala,22.0,Female,7134.4,2024-10,2024
ORD005787,CUST0727,2024-01-14,Smart Watch,Electronics,5,2317.63,0.1,UPI,Kochi,Kerala,42.0,Male,10429.34,2024-01,2024
ORD001407,CUST0788,2024-10-08,Yoga Mat,Sports,4,2274.93,,Cash on Delivery,Madurai,Tamil Nadu,27.0,Female,8189.75,2024-10,2024
ORD005649,CUST0519,2025-04-03,Moisturizer,Beauty,2,3619.52,0.1,Credit Card,Mysuru,Karnataka,21.0,Female,6515.14,2025-04,2025
ORD001109,CUST0573,2024-09-02,Bedsheet,Home & Kitchen,1,9987.44,0.0,UPI,Kochi,Kerala,27.0,Female,9987.44,2024-09,2024
ORD005273,CUST0567,2025-04-10,Moisturizer,Beauty,2,1996.4,0.0,UPI,Kochi,Kerala,34.0,Female,3992.8,2025-04,2025
ORD000111,CUST0672,2025-03-01,Jeans,Fashion,1,3854.79,0.2,Debit Card,Warangal,Telangana,31.0,Male,3083.83,2025-03,2025
ORD003075,CUST0541,2025-08-28,Sneakers,Fashion,1,1579.98,0.0,UPI,New Delhi,Delhi,39.0,Male,1579.98,2025-08,2025
ORD005826,CUST1185,2025-04-03,Bedsheet,Home & Kitchen,1,1842.86,0.05,Debit Card,Warangal,Telangana,39.0,Male,1750.72,2025-04,2025
ORD002264,CUST0690,2025-06-15,Dumbbells,Sports,2,8497.64,0.2,Credit Card,Madurai,Tamil Nadu,36.0,Female,13596.22,2025-06,2025
ORD002549,CUST0277,2024-11-04,Data Analytics Book,Books,1,751.87,0.05,Debit Card,Bengaluru,Karnataka,39.0,Female,714.28,2024-11,2024
ORD002035,CUST0351,2024-06-11,Cricket Bat,Sports,3,7899.3,0.05,Debit Card,Warangal,Telangana,28.0,Female,22513.0,2024-06,2024
ORD001173,CUST0584,2025-12-24,SQL Guide,Books,1,2031.92,0.1,Credit Card,Mumbai,Maharashtra,33.0,Male,1828.73,2025-12,2025
ORD003769,CUST0413,2025-10-05,T-Shirt,Fashion,2,2636.58,0.05,Cash on Delivery,Warangal,Telangana,30.0,Male,5009.5,2025-10,2025
ORD002446,CUST0649,2025-10-22,Bedsheet,Home & Kitchen,4,5140.66,0.1,Credit Card,Hyderabad,Telangana,22.0,Male,18506.38,2025-10,2025
ORD003183,CUST0798,2025-06-14,Smart Watch,Electronics,1,71097.17,0.05,UPI,Coimbatore,Tamil Nadu,28.0,Female,67542.31,2025-06,2025
ORD002946,CUST0621,2025-08-05,Mixer Grinder,Home & Kitchen,3,5063.08,0.05,Debit Card,Coimbatore,Tamil Nadu,31.0,Female,14429.78,2025-08,2025
ORD004592,CUST0606,2025-09-03,Laptop Stand,Electronics,1,61545.88,0.0,UPI,Coimbatore,Tamil Nadu,45.0,Female,61545.88,2025-09,2025
ORD004590,CUST0579,2024-12-05,Jeans,Fashion,1,597.28,0.1,Debit Card,Bengaluru,Karnataka,26.0,Female,537.55,2024-12,2024
ORD003612,CUST0976,2025-08-25,Face Wash,Beauty,1,1418.27,0.15,UPI,Salem,Tamil Nadu,18.0,Male,1205.53,2025-08,2025
ORD003938,CUST1021,2025-11-12,Backpack,Fashion,4,3831.96,0.05,Debit Card,Chennai,Tamil Nadu,51.0,Male,14561.45,2025-11,2025
ORD002147,CUST0273,2025-07-19,Shampoo,Beauty,3,1898.56,0.1,UPI,Trichy,Tamil Nadu,33.0,Male,5126.11,2025-07,2025
ORD005752,CUST0160,2024-10-07,Business Analytics,Books,3,491.46,0.1,UPI,Nagpur,Maharashtra,35.0,Male,1326.94,2024-10,2024
ORD001469,CUST0882,2025-08-22,Laptop Stand,Electronics,1,16309.34,0.0,Net Banking,Coimbatore,Tamil Nadu,20.0,Male,16309.34,2025-08,2025
ORD000438,CUST0014,2025-07-03,Python Programming,Books,2,1184.08,0.05,Debit Card,Salem,Tamil Nadu,18.0,Female,2249.75,2025-07,2025
ORD005788,CUST0867,2025-01-18,Python Programming,Books,1,1835.56,0.0,Debit Card,Thiruvananthapuram,Kerala,35.0,Male,1835.56,2025-01,2025
ORD001058,CUST0308,2025-06-05,Sunscreen,Beauty,1,2032.35,0.0,Debit Card,Salem,Tamil Nadu,24.0,Female,2032.35,2025-06,2025
ORD002796,CUST0002,2025-12-27,Table Lamp,Home & Kitchen,2,7608.63,0.0,Credit Card,Warangal,Telangana,37.0,Male,15217.26,2025-12,2025
ORD000108,CUST0037,2025-03-29,Power Bank,Electronics,1,70726.18,0.1,Cash on Delivery,Hyderabad,Telangana,31.0,Other,63653.56,2025-03,2025
ORD003553,CUST1082,2024-05-03,Running Shoes,Sports,1,6610.69,,UPI,Hyderabad,Telangana,36.0,Female,6280.16,2024-05,2024
ORD000030,CUST1013,2024-05-06,Smart Watch,Electronics,1,15282.99,0.2,Debit Card,Madurai,Tamil Nadu,26.0,Male,12226.39,2024-05,2024
ORD002233,CUST0818,2024-06-08,Laptop Stand,Electronics,1,46593.8,0.0,Net Banking,Coimbatore,Tamil Nadu,33.0,Female,46593.8,2024-06,2024
ORD000890,CUST0114,2024-07-11,Running Shoes,Sports,1,7320.4,0.1,UPI,Trichy,Tamil Nadu,35.0,Male,6588.36,2024-07,2024
ORD003066,CUST0146,2025-10-14,Cookware Set,Home & Kitchen,3,3889.31,0.1,UPI,Hyderabad,Telangana,29.0,Female,10501.14,2025-10,2025
ORD001631,CUST1186,2025-04-06,Wireless Headphones,Electronics,3,16047.49,0.1,UPI,Nagpur,Maharashtra,21.0,Female,43328.22,2025-04,2025
ORD000752,CUST0529,2025-05-21,Running Shoes,Sports,2,9530.76,0.1,UPI,Hyderabad,Telangana,22.0,Female,17155.37,2025-05,2025
ORD002359,CUST0635,2025-10-13,Cricket Bat,Sports,1,7600.71,0.05,Debit Card,Bengaluru,Karnataka,23.0,Female,7220.67,2025-10,2025
ORD000585,CUST0763,2025-09-10,Jacket,Fashion,3,5785.03,0.15,Debit Card,Pune,Maharashtra,41.0,Male,14751.83,2025-09,2025
ORD001935,CUST0345,2025-01-12,Cookware Set,Home & Kitchen,3,8592.57,0.0,Net Banking,Nagpur,Maharashtra,52.0,Female,25777.71,2025-01,2025
ORD004983,CUST0344,2025-10-06,Table Lamp,Home & Kitchen,4,3509.75,0.05,Net Banking,Mumbai,Maharashtra,29.0,Female,13337.05,2025-10,2025
ORD002351,CUST0985,2025-09-12,Cookware Set,Home & Kitchen,1,14849.75,0.1,UPI,Chennai,Tamil Nadu,32.0,Female,13364.78,2025-09,2025
ORD005606,CUST0579,2025-05-23,Sneakers,Fashion,3,3356.86,0.05,Cash on Delivery,Mysuru,Karnataka,18.0,Female,9567.05,2025-05,2025
ORD005215,CUST0068,2025-02-11,T-Shirt,Fashion,1,2677.41,0.05,Credit Card,Kochi,Kerala,29.0,Male,2543.54,2025-02,2025
ORD003847,CUST1185,2025-06-13,Power Bank,Electronics,3,59377.31,0.0,Credit Card,Pune,Maharashtra,24.0,Male,178131.93,2025-06,2025
ORD005119,CUST0824,2024-11-02,Power Bank,Electronics,3,41855.06,0.0,,Mysuru,Karnataka,27.0,Male,125565.18,2024-11,2024
ORD005949,CUST0555,2024-04-16,Python Programming,Books,2,1483.25,0.1,Credit Card,Mysuru,Karnataka,18.0,Male,2669.85,2024-04,2024
ORD002318,CUST0038,2024-02-14,Machine Learning Book,Books,1,1936.93,0.2,UPI,Mumbai,Maharashtra,35.0,Male,1549.54,2024-02,2024
ORD001345,CUST0460,2024-04-18,Jeans,Fashion,2,5152.32,0.15,Credit Card,Warangal,Telangana,22.0,Male,8758.94,2024-04,2024
ORD003442,CUST0642,2024-06-19,Business Analytics,Books,3,1377.73,0.15,Cash on Delivery,New Delhi,Delhi,18.0,Male,3513.21,2024-06,2024
ORD004636,CUST0519,2025-01-15,T-Shirt,Fashion,2,794.71,0.1,Credit Card,New Delhi,Delhi,43.0,Female,1430.48,2025-01,2025
ORD005871,CUST0007,2024-03-01,Data Analytics Book,Books,3,618.63,0.0,UPI,Kochi,Kerala,41.0,Male,1855.89,2024-03,2024
ORD000970,CUST0634,2025-12-01,Moisturizer,Beauty,1,2789.06,0.05,Net Banking,New Delhi,Delhi,50.0,Female,2649.61,2025-12,2025
ORD000180,CUST0314,2025-08-24,Wireless Headphones,Electronics,4,29940.91,0.05,UPI,New Delhi,Delhi,44.0,Male,113775.46,2025-08,2025
ORD002795,CUST0824,2025-11-04,Backpack,Fashion,2,5995.11,0.15,UPI,Kochi,Kerala,50.0,Male,10191.69,2025-11,2025
ORD001508,CUST0816,2024-11-09,Moisturizer,Beauty,4,385.69,0.0,UPI,Kochi,Kerala,21.0,Female,1542.76,2024-11,2024
ORD004047,CUST0170,2024-02-11,Wireless Headphones,Electronics,1,11797.74,,UPI,Warangal,Telangana,35.0,Male,11797.74,2024-02,2024
ORD002139,CUST1031,2025-12-16,Backpack,Fashion,1,3227.71,0.15,Cash on Delivery,Kochi,Kerala,38.0,Male,2743.55,2025-12,2025
ORD005829,CUST0428,2024-12-23,Jeans,Fashion,2,1508.15,0.1,UPI,Hyderabad,Telangana,31.0,Male,2714.67,2024-12,2024
ORD003488,CUST0875,2025-08-30,Machine Learning Book,Books,3,722.97,0.15,Cash on Delivery,Nagpur,Maharashtra,28.0,Female,1843.57,2025-08,2025
ORD004537,CUST0822,2025-08-31,Data Analytics Book,Books,1,707.89,0.1,Credit Card,Kochi,Kerala,34.0,Female,637.1,2025-08,2025
ORD005287,CUST0830,2025-03-08,Smart Watch,Electronics,1,51485.6,0.0,Credit Card,Thiruvananthapuram,Kerala,29.0,Male,51485.6,2025-03,2025
ORD005496,CUST0486,2024-07-05,Shampoo,Beauty,5,1722.77,0.1,UPI,Kochi,Kerala,24.0,Female,7752.46,2024-07,2024
ORD001868,CUST0135,2025-01-23,Dumbbells,Sports,2,1866.29,0.15,Debit Card,Mysuru,Karnataka,28.0,Male,3172.69,2025-01,2025
ORD000091,CUST0906,2025-03-30,Python Programming,Books,4,664.83,0.0,Debit Card,Thiruvananthapuram,Kerala,27.0,Male,2659.32,2025-03,2025
ORD002816,CUST1084,2024-03-13,Laptop Stand,Electronics,3,28926.76,0.15,Credit Card,Hyderabad,Telangana,28.0,Female,73763.24,2024-03,2024
ORD003410,CUST0300,2024-11-10,Cookware Set,Home & Kitchen,2,6801.0,0.1,UPI,New Delhi,Delhi,26.0,Male,12241.8,2024-11,2024
ORD002406,CUST0053,2024-05-12,Smart Watch,Electronics,1,13217.08,0.0,UPI,Nagpur,Maharashtra,32.0,Male,13217.08,2024-05,2024
ORD002472,CUST1021,2025-01-28,Bedsheet,Home & Kitchen,5,3049.66,0.05,Debit Card,New Delhi,Delhi,47.0,Female,14485.88,2025-01,2025
ORD000625,CUST0585,2025-10-02,Sneakers,Fashion,3,2724.6,0.0,Credit Card,Warangal,Telangana,37.0,Female,8173.8,2025-10,2025
ORD000070,CUST0616,2024-10-21,Sneakers,Fashion,2,3633.92,0.05,Credit Card,Thiruvananthapuram,Kerala,40.0,Female,6904.45,2024-10,2024
ORD003625,CUST0198,2025-02-26,Cricket Bat,Sports,4,3649.72,0.1,Credit Card,Thiruvananthapuram,Kerala,34.0,Female,13138.99,2025-02,2025
ORD001506,CUST0331,2025-07-14,Wireless Headphones,Electronics,1,65193.66,0.15,UPI,New Delhi,Delhi,21.0,Male,55414.61,2025-07,2025
ORD003492,CUST0124,2024-10-26,Dumbbells,Sports,1,3721.41,0.05,UPI,Warangal,Telangana,34.0,Male,3535.34,2024-10,2024
ORD005138,CUST1036,2025-05-24,Jacket,Fashion,2,806.14,0.1,Credit Card,New Delhi,Delhi,37.0,Male,1451.05,2025-05,2025
ORD004670,CUST0233,2025-09-07,Wireless Headphones,Electronics,2,21777.0,0.0,UPI,Bengaluru,Karnataka,39.0,Female,43554.0,2025-09,2025
ORD000765,CUST0570,2024-10-24,Running Shoes,Sports,5,7733.86,0.05,UPI,Kochi,Kerala,21.0,Female,36735.83,2024-10,2024
ORD000294,CUST0796,2024-10-21,Machine Learning Book,Books,2,1668.06,0.0,Debit Card,Madurai,Tamil Nadu,38.0,Female,3336.12,2024-10,2024
ORD004353,CUST0347,2024-11-22,Sunscreen,Beauty,1,2732.05,0.1,UPI,Thiruvananthapuram,Kerala,24.0,Male,2458.85,2024-11,2024
ORD000446,CUST0459,2025-06-17,Machine Learning Book,Books,3,1013.48,0.1,Net Banking,Mumbai,Maharashtra,20.0,Female,2736.4,2025-06,2025
ORD000469,CUST0938,2025-05-30,Smart Watch,Electronics,1,57913.68,0.0,UPI,Thiruvananthapuram,Kerala,32.0,Male,57913.68,2025-05,2025
ORD003436,CUST0085,2025-11-25,Jeans,Fashion,1,427.76,0.15,UPI,Warangal,Telangana,38.0,Female,363.6,2025-11,2025
ORD001220,CUST0242,2024-01-06,Cookware Set,Home & Kitchen,3,10595.34,0.0,UPI,Coimbatore,Tamil Nadu,32.0,Female,31786.02,2024-01,2024
ORD000433,CUST0905,2024-02-28,Machine Learning Book,Books,1,1864.3,0.05,Cash on Delivery,New Delhi,Delhi,35.0,Male,1771.08,2024-02,2024
ORD003188,CUST0169,2024-05-28,Perfume,Beauty,4,2147.83,0.05,Cash on Delivery,Mumbai,Maharashtra,18.0,Female,8161.75,2024-05,2024
ORD001489,CUST1054,2025-05-25,Mixer Grinder,Home & Kitchen,1,14973.53,0.15,,Nagpur,Maharashtra,28.0,Male,12727.5,2025-05,2025
ORD003548,CUST0490,2024-06-26,Bedsheet,Home & Kitchen,2,1928.98,0.0,Credit Card,Mumbai,Maharashtra,40.0,Male,3857.96,2024-06,2024
ORD003752,CUST0769,2025-08-31,Bedsheet,Home & Kitchen,4,7444.36,0.2,UPI,Pune,Maharashtra,26.0,Female,23821.95,2025-08,2025
ORD000578,CUST0758,2025-12-15,Smart Watch,Electronics,1,56499.78,0.05,Cash on Delivery,Warangal,Telangana,28.0,Male,53674.79,2025-12,2025
ORD002174,CUST0509,2025-07-11,Smart Watch,Electronics,1,14512.43,0.1,Credit Card,Chennai,Tamil Nadu,48.0,Female,13061.19,2025-07,2025
ORD000246,CUST0632,2025-12-29,Sunscreen,Beauty,5,3103.89,0.2,Debit Card,Kochi,Kerala,20.0,Female,12415.56,2025-12,2025
ORD004191,CUST0527,2025-07-05,Bluetooth Speaker,Electronics,1,69489.42,0.1,Credit Card,Warangal,Telangana,26.0,Male,62540.48,2025-07,2025
ORD000368,CUST0924,2024-10-07,Wireless Headphones,Electronics,2,27771.15,0.15,UPI,Mysuru,Karnataka,25.0,Female,47210.96,2024-10,2024
ORD004569,CUST1089,2025-03-03,Table Lamp,Home & Kitchen,5,7250.35,0.0,UPI,Mumbai,Maharashtra,30.0,Male,36251.75,2025-03,2025
ORD002901,CUST0944,2024-07-04,Wireless Headphones,Electronics,1,77210.83,0.05,UPI,New Delhi,Delhi,39.0,Female,73350.29,2024-07,2024
ORD001612,CUST0855,2025-10-13,Smart Watch,Electronics,2,78613.19,0.0,,Hyderabad,Telangana,37.0,Male,157226.38,2025-10,2025
ORD002846,CUST0615,2025-12-12,Moisturizer,Beauty,3,3469.63,0.1,UPI,Mumbai,Maharashtra,31.0,Female,9368.0,2025-12,2025
ORD003785,CUST0254,2024-06-15,Jacket,Fashion,2,1206.85,0.1,Credit Card,New Delhi,Delhi,27.0,Female,2172.33,2024-06,2024
ORD004210,CUST0416,2024-04-10,Bluetooth Speaker,Electronics,2,1622.22,0.1,Cash on Delivery,Mangaluru,Karnataka,40.0,Female,2920.0,2024-04,2024
ORD005501,CUST0215,2025-01-16,Backpack,Fashion,1,1906.75,0.15,Credit Card,Hyderabad,Telangana,18.0,Other,1620.74,2025-01,2025
ORD001243,CUST0017,2025-09-14,Laptop Stand,Electronics,5,31590.16,0.05,Credit Card,Hyderabad,Telangana,33.0,Male,150053.26,2025-09,2025
ORD002371,CUST0427,2024-10-25,Laptop Stand,Electronics,3,72374.02,0.0,UPI,Kochi,Kerala,42.0,Other,217122.06,2024-10,2024
ORD004270,CUST1062,2025-12-11,T-Shirt,Fashion,1,600.43,0.2,Debit Card,Thiruvananthapuram,Kerala,29.0,Male,480.34,2025-12,2025
ORD004473,CUST0790,2024-03-15,Wireless Headphones,Electronics,3,34242.02,0.2,UPI,Warangal,Telangana,19.0,Male,82180.85,2024-03,2024
ORD004386,CUST0257,2025-01-14,Jacket,Fashion,5,4584.31,0.0,Debit Card,Salem,Tamil Nadu,35.0,Female,22921.55,2025-01,2025
ORD000556,CUST1041,2025-06-23,Python Programming,Books,3,702.05,0.15,Cash on Delivery,Hyderabad,Telangana,33.0,Female,1790.23,2025-06,2025
ORD002164,CUST0616,2025-04-18,Yoga Mat,Sports,2,2692.45,0.1,Debit Card,Bengaluru,Karnataka,37.0,Female,4846.41,2025-04,2025
ORD005969,CUST0835,2025-02-19,Jeans,Fashion,1,5726.52,0.0,Cash on Delivery,Madurai,Tamil Nadu,30.0,Female,5726.52,2025-02,2025
ORD005960,CUST0410,2025-07-13,Cookware Set,Home & Kitchen,3,2728.16,0.15,UPI,Madurai,Tamil Nadu,41.0,Female,6956.81,2025-07,2025
ORD004743,CUST0482,2025-05-20,Coffee Maker,Home & Kitchen,2,14404.65,0.1,Debit Card,Trichy,Tamil Nadu,18.0,Female,25928.37,2025-05,2025
ORD005852,CUST0441,2025-07-18,Laptop Stand,Electronics,1,39780.1,0.0,UPI,New Delhi,Delhi,,Female,39780.1,2025-07,2025
ORD004276,CUST0578,2025-01-26,Table Lamp,Home & Kitchen,2,5724.6,0.0,UPI,Hyderabad,Telangana,28.0,Female,11449.2,2025-01,2025
ORD001964,CUST0715,2025-06-24,Backpack,Fashion,3,2994.81,0.15,Cash on Delivery,Bengaluru,Karnataka,48.0,Female,7636.77,2025-06,2025
ORD004265,CUST0140,2024-06-11,Power Bank,Electronics,1,13153.55,0.0,Credit Card,Warangal,Telangana,28.0,Female,13153.55,2024-06,2024
ORD003290,CUST0538,2024-12-23,Moisturizer,Beauty,4,2071.18,0.15,Credit Card,Pune,Maharashtra,36.0,Female,7042.01,2024-12,2024
ORD005585,CUST0235,2024-01-22,Coffee Maker,Home & Kitchen,2,11732.04,0.05,Net Banking,Trichy,Tamil Nadu,42.0,Male,22290.88,2024-01,2024
ORD000152,CUST0425,2024-03-10,Table Lamp,Home & Kitchen,3,3888.83,0.1,,Trichy,Tamil Nadu,36.0,Male,10499.84,2024-03,2024
ORD004675,CUST1198,2025-10-31,Cookware Set,Home & Kitchen,1,11595.05,0.15,Cash on Delivery,Salem,Tamil Nadu,32.0,Male,9855.79,2025-10,2025
ORD004733,CUST0195,2025-04-30,Data Analytics Book,Books,1,593.08,0.15,Cash on Delivery,Mysuru,Karnataka,35.0,Female,504.12,2025-04,2025
ORD004759,CUST0826,2025-05-24,Dumbbells,Sports,2,9629.82,0.05,UPI,Chennai,Tamil Nadu,27.0,Male,18296.66,2025-05,2025
ORD005271,CUST0542,2025-10-17,Backpack,Fashion,5,3830.43,0.1,Cash on Delivery,Warangal,Telangana,38.0,Female,17236.93,2025-10,2025
ORD004215,CUST0671,2024-10-12,Laptop Stand,Electronics,3,19714.88,0.1,Net Banking,New Delhi,Delhi,33.0,Male,53230.18,2024-10,2024
ORD003495,CUST1156,2024-04-20,Yoga Mat,Sports,2,3484.85,0.05,Cash on Delivery,Thiruvananthapuram,Kerala,29.0,Male,6621.21,2024-04,2024
ORD005831,CUST1032,2024-10-09,Table Lamp,Home & Kitchen,1,4087.82,0.1,Credit Card,Thiruvananthapuram,Kerala,35.0,Male,3679.04,2024-10,2024
ORD003693,CUST0401,2025-04-25,Power Bank,Electronics,3,50385.71,0.1,Credit Card,Kochi,Kerala,32.0,Male,136041.42,2025-04,2025
ORD004621,CUST0802,2024-07-23,Cookware Set,Home & Kitchen,3,4907.39,0.05,UPI,New Delhi,Delhi,29.0,Female,13986.06,2024-07,2024
ORD003608,CUST1128,2025-12-18,Shampoo,Beauty,2,2060.91,0.1,Credit Card,Mysuru,Karnataka,29.0,Female,3709.64,2025-12,2025
ORD001756,CUST0334,2025-10-12,Jeans,Fashion,3,1278.25,0.15,UPI,Mangaluru,Karnataka,39.0,Male,3259.54,2025-10,2025
ORD005274,CUST0032,2024-09-25,Laptop Stand,Electronics,1,36433.8,0.05,Debit Card,New Delhi,Delhi,33.0,Male,34612.11,2024-09,2024
ORD004560,CUST0790,2025-09-09,Wireless Headphones,Electronics,4,26532.6,0.2,UPI,New Delhi,Delhi,23.0,Female,84904.32,2025-09,2025
ORD000749,CUST0891,2024-02-04,Sneakers,Fashion,1,2283.35,0.0,Credit Card,Chennai,Tamil Nadu,31.0,Female,2283.35,2024-02,2024
ORD005781,CUST0050,2024-01-21,Dumbbells,Sports,1,5747.32,0.05,UPI,New Delhi,Delhi,44.0,Male,5459.95,2024-01,2024
ORD001534,CUST0036,2025-03-19,Face Wash,Beauty,1,3952.96,0.1,UPI,Warangal,Telangana,32.0,Female,3557.66,2025-03,2025
ORD001043,CUST0233,2025-12-15,Machine Learning Book,Books,1,930.9,0.1,Credit Card,Chennai,Tamil Nadu,38.0,Male,837.81,2025-12,2025
ORD005492,CUST0600,2024-10-27,Sneakers,Fashion,2,993.53,0.05,UPI,Madurai,Tamil Nadu,29.0,Male,1887.71,2024-10,2024
ORD003880,CUST0285,2025-06-06,Bedsheet,Home & Kitchen,2,10636.64,0.1,Credit Card,Hyderabad,Telangana,47.0,Male,19145.95,2025-06,2025
ORD002664,CUST0006,2025-05-07,Bluetooth Speaker,Electronics,1,34286.13,0.1,Net Banking,New Delhi,Delhi,27.0,Female,30857.52,2025-05,2025
ORD005107,CUST1011,2024-01-02,Bedsheet,Home & Kitchen,2,5396.81,0.0,UPI,Chennai,Tamil Nadu,42.0,Female,10793.62,2024-01,2024
ORD001558,CUST0729,2025-09-06,Jeans,Fashion,3,2063.7,0.0,Debit Card,Mangaluru,Karnataka,31.0,Female,6191.1,2025-09,2025
ORD000492,CUST1152,2025-01-28,Wireless Headphones,Electronics,1,3917.46,0.0,Debit Card,Hyderabad,Telangana,24.0,Male,3917.46,2025-01,2025
ORD004374,CUST1155,2024-03-01,Cookware Set,Home & Kitchen,1,14454.99,0.05,Credit Card,Pune,Maharashtra,27.0,Female,13732.24,2024-03,2024
ORD003383,CUST0506,2025-05-15,Business Analytics,Books,3,2383.99,0.05,Credit Card,Kochi,Kerala,36.0,Male,6794.37,2025-05,2025
ORD005528,CUST0653,2024-03-31,Jacket,Fashion,2,5273.85,0.05,Debit Card,Chennai,Tamil Nadu,29.0,Female,10020.32,2024-03,2024
ORD000472,CUST0086,2024-09-02,Jeans,Fashion,3,3116.1,0.0,,New Delhi,Delhi,37.0,Female,9348.3,2024-09,2024
ORD005304,CUST0664,2024-01-18,Bluetooth Speaker,Electronics,1,64954.65,0.0,UPI,Coimbatore,Tamil Nadu,29.0,Female,64954.65,2024-01,2024
ORD002313,CUST0722,2024-04-24,Cricket Bat,Sports,1,4477.02,0.05,Cash on Delivery,Thiruvananthapuram,Kerala,36.0,Male,4253.17,2024-04,2024
ORD005598,CUST0597,2024-03-11,Yoga Mat,Sports,2,9665.62,0.0,UPI,Salem,Tamil Nadu,31.0,Female,19331.24,2024-03,2024
ORD000808,CUST0599,2024-05-26,Power Bank,Electronics,1,55176.68,,Debit Card,Nagpur,Maharashtra,38.0,Female,52417.85,2024-05,2024
ORD005671,CUST0690,2025-08-07,Power Bank,Electronics,2,12465.32,0.05,UPI,Chennai,Tamil Nadu,36.0,Male,23684.11,2025-08,2025
ORD004880,CUST1058,2024-07-08,Data Analytics Book,Books,2,2423.68,0.0,UPI,Pune,Maharashtra,25.0,Female,4847.36,2024-07,2024
ORD000897,CUST0791,2024-02-22,Cookware Set,Home & Kitchen,1,13580.77,0.15,Net Banking,New Delhi,Delhi,48.0,Female,11543.65,2024-02,2024
ORD005372,CUST0622,2024-07-15,Mixer Grinder,Home & Kitchen,4,6949.14,0.05,UPI,New Delhi,Delhi,24.0,Female,26406.73,2024-07,2024
ORD002504,CUST0702,2024-02-21,Cricket Bat,Sports,2,1035.94,0.0,Debit Card,Hyderabad,Telangana,18.0,Male,2071.88,2024-02,2024
ORD005684,CUST0945,2025-03-22,T-Shirt,Fashion,1,2540.33,0.15,Debit Card,Hyderabad,Telangana,26.0,Female,2159.28,2025-03,2025
ORD004323,CUST0280,2024-05-28,Running Shoes,Sports,2,1700.02,0.1,UPI,Bengaluru,Karnataka,27.0,Male,3060.04,2024-05,2024
ORD000355,CUST0819,2024-12-25,Perfume,Beauty,2,1173.42,0.05,Debit Card,Warangal,Telangana,33.0,Female,2229.5,2024-12,2024
ORD000252,CUST0171,2025-06-24,Running Shoes,Sports,1,7852.92,0.15,Credit Card,Warangal,Telangana,31.0,Female,6674.98,2025-06,2025
ORD000186,CUST0837,2025-08-24,Power Bank,Electronics,3,47196.16,0.1,Debit Card,Mysuru,Karnataka,51.0,Male,127429.63,2025-08,2025
ORD002379,CUST0062,2025-04-10,Backpack,Fashion,1,4069.9,0.05,Credit Card,Trichy,Tamil Nadu,26.0,Male,3866.4,2025-04,2025
ORD001184,CUST0564,2024-09-17,Sneakers,Fashion,1,2032.06,0.15,Net Banking,Mysuru,Karnataka,29.0,Female,1727.25,2024-09,2024
ORD002111,CUST1161,2025-04-17,Perfume,Beauty,2,982.27,0.0,UPI,Salem,Tamil Nadu,34.0,Male,1964.54,2025-04,2025
ORD004275,CUST0426,2025-09-26,Wireless Headphones,Electronics,2,16256.03,0.0,UPI,New Delhi,Delhi,27.0,Male,32512.06,2025-09,2025
ORD000228,CUST0122,2025-04-29,Smart Watch,Electronics,2,79592.75,0.1,UPI,Hyderabad,Telangana,27.0,Male,143266.95,2025-04,2025
ORD002154,CUST0670,2025-08-12,Jeans,Fashion,1,4251.7,0.15,Credit Card,New Delhi,Delhi,33.0,Female,3613.94,2025-08,2025
ORD005768,CUST0360,2025-09-14,Cookware Set,Home & Kitchen,4,4194.33,0.0,Debit Card,New Delhi,Delhi,34.0,Female,16777.32,2025-09,2025
ORD001296,CUST0889,2025-03-28,Smart Watch,Electronics,1,33193.41,0.1,UPI,Chennai,Tamil Nadu,51.0,Female,29874.07,2025-03,2025
ORD005932,CUST0346,2025-10-08,Backpack,Fashion,3,2585.25,0.1,UPI,Kochi,Kerala,26.0,Other,6980.18,2025-10,2025
ORD004852,CUST0772,2025-10-18,T-Shirt,Fashion,1,3461.95,0.1,UPI,Kochi,Kerala,29.0,Female,3115.76,2025-10,2025
ORD003939,CUST0619,2024-01-11,Coffee Maker,Home & Kitchen,5,12491.0,0.15,UPI,Coimbatore,Tamil Nadu,41.0,Female,53086.75,2024-01,2024
ORD005461,CUST0497,2024-11-11,Smart Watch,Electronics,1,8773.42,0.1,UPI,Mangaluru,Karnataka,32.0,Female,7896.08,2024-11,2024
ORD002803,CUST0980,2025-10-26,Jeans,Fashion,2,1839.15,0.05,Credit Card,Warangal,Telangana,32.0,Male,3494.38,2025-10,2025
ORD003185,CUST0633,2025-11-14,Smart Watch,Electronics,3,10241.64,0.0,Credit Card,Mangaluru,Karnataka,44.0,Male,30724.92,2025-11,2025
ORD001906,CUST0613,2024-01-11,Moisturizer,Beauty,1,919.87,0.05,Credit Card,Pune,Maharashtra,20.0,Female,873.88,2024-01,2024
ORD005037,CUST0487,2025-01-22,Laptop Stand,Electronics,1,21167.3,0.2,UPI,Mysuru,Karnataka,35.0,Other,16933.84,2025-01,2025
ORD002224,CUST0100,2025-02-02,Jacket,Fashion,2,726.67,0.0,Net Banking,Warangal,Telangana,35.0,Male,1453.34,2025-02,2025
ORD003839,CUST0723,2024-06-21,Jeans,Fashion,1,4232.97,0.1,UPI,Kochi,Kerala,50.0,Male,3809.67,2024-06,2024
ORD003182,CUST0185,2025-06-02,Yoga Mat,Sports,4,3029.75,0.1,UPI,Madurai,Tamil Nadu,38.0,Female,10907.1,2025-06,2025
ORD000293,CUST0504,2025-08-11,Smart Watch,Electronics,1,30192.14,0.15,Credit Card,New Delhi,Delhi,38.0,Female,25663.32,2025-08,2025
ORD002722,CUST1093,2024-05-25,Power Bank,Electronics,2,15251.28,0.0,UPI,Trichy,Tamil Nadu,29.0,Male,30502.56,2024-05,2024
ORD000550,CUST0944,2024-10-04,Jeans,Fashion,1,2093.42,0.0,Credit Card,Salem,Tamil Nadu,28.0,Male,2093.42,2024-10,2024
ORD004255,CUST0102,2024-04-07,Coffee Maker,Home & Kitchen,3,12441.28,0.15,Net Banking,New Delhi,Delhi,20.0,Male,31725.26,2024-04,2024
ORD005530,CUST0951,2025-03-21,Bluetooth Speaker,Electronics,2,37611.64,0.0,Credit Card,Mysuru,Karnataka,35.0,Female,75223.28,2025-03,2025
ORD001570,CUST0098,2024-12-23,Table Lamp,Home & Kitchen,1,1781.48,0.15,Debit Card,Coimbatore,Tamil Nadu,34.0,Male,1514.26,2024-12,2024
ORD001076,CUST0867,2025-12-02,Smart Watch,Electronics,1,9952.09,0.0,Debit Card,Chennai,Tamil Nadu,41.0,Male,9952.09,2025-12,2025
ORD004441,CUST0256,2025-03-14,Perfume,Beauty,1,1600.6,0.05,UPI,Hyderabad,Telangana,18.0,Female,1520.57,2025-03,2025
ORD002448,CUST0564,2025-04-07,Moisturizer,Beauty,1,3777.58,0.0,UPI,Trichy,Tamil Nadu,26.0,Female,3777.58,2025-04,2025
ORD001323,CUST0116,2024-03-14,Smart Watch,Electronics,3,26480.59,0.1,Credit Card,Thiruvananthapuram,Kerala,31.0,Male,71497.59,2024-03,2024
ORD005060,CUST1142,2025-06-21,Power Bank,Electronics,4,58698.28,0.05,UPI,Mangaluru,Karnataka,41.0,Female,223053.46,2025-06,2025
ORD002969,CUST0144,2025-05-29,Coffee Maker,Home & Kitchen,1,8709.14,0.15,Net Banking,Salem,Tamil Nadu,18.0,Female,7402.77,2025-05,2025
ORD003210,CUST0168,2024-02-07,Wireless Headphones,Electronics,1,21660.88,0.0,Credit Card,Pune,Maharashtra,22.0,Male,21660.88,2024-02,2024
ORD002671,CUST0046,2025-04-16,Business Analytics,Books,4,2141.9,0.15,UPI,Warangal,Telangana,18.0,Female,7282.46,2025-04,2025
ORD002421,CUST0715,2024-05-06,Bluetooth Speaker,Electronics,5,75857.47,0.1,Cash on Delivery,Warangal,Telangana,38.0,Female,341358.62,2024-05,2024
ORD003735,CUST0397,2024-02-01,Wireless Headphones,Electronics,1,68611.25,0.2,Credit Card,Warangal,Telangana,42.0,Male,54889.0,2024-02,2024
ORD005110,CUST0275,2024-12-01,Business Analytics,Books,2,998.31,0.0,Cash on Delivery,Thiruvananthapuram,Kerala,24.0,Female,1996.62,2024-12,2024
ORD003054,CUST1089,2024-07-21,Power Bank,Electronics,1,29719.32,0.0,Debit Card,Bengaluru,Karnataka,40.0,Female,29719.32,2024-07,2024
ORD002835,CUST0818,2025-10-01,Moisturizer,Beauty,1,1009.35,0.1,UPI,Mangaluru,Karnataka,23.0,Female,908.42,2025-10,2025
ORD003718,CUST0290,2025-06-23,Mixer Grinder,Home & Kitchen,1,11538.06,,,Mumbai,Maharashtra,39.0,Male,9807.35,2025-06,2025
ORD003338,CUST0057,2025-05-16,Wireless Headphones,Electronics,3,21086.11,0.1,Credit Card,Warangal,Telangana,27.0,Male,56932.5,2025-05,2025
ORD003197,CUST0303,2025-03-04,Jeans,Fashion,1,5529.64,0.0,UPI,Kochi,Kerala,43.0,Male,5529.64,2025-03,2025
ORD004867,CUST0827,2025-05-04,Mixer Grinder,Home & Kitchen,1,10786.99,0.1,Credit Card,Bengaluru,Karnataka,35.0,Female,9708.29,2025-05,2025
ORD003741,CUST0112,2024-07-12,Bluetooth Speaker,Electronics,3,75718.59,0.1,Credit Card,Bengaluru,Karnataka,48.0,Male,204440.19,2024-07,2024
ORD004887,CUST0733,2024-07-14,Cricket Bat,Sports,1,6959.78,0.05,UPI,Bengaluru,Karnataka,32.0,Male,6611.79,2024-07,2024
ORD005801,CUST0363,2025-11-03,Power Bank,Electronics,2,40250.73,0.15,Debit Card,Thiruvananthapuram,Kerala,46.0,Male,68426.24,2025-11,2025
ORD001143,CUST1162,2024-01-02,Smart Watch,Electronics,1,40192.59,0.0,Cash on Delivery,New Delhi,Delhi,18.0,Male,40192.59,2024-01,2024
ORD004644,CUST1002,2024-07-24,Business Analytics,Books,3,682.24,0.0,Cash on Delivery,Bengaluru,Karnataka,,Female,2046.72,2024-07,2024
ORD000933,CUST0609,2025-08-03,Sunscreen,Beauty,2,1120.5,0.0,Debit Card,New Delhi,Delhi,33.0,Female,2241.0,2025-08,2025
ORD000614,CUST0589,2025-12-30,Cricket Bat,Sports,1,9136.09,0.0,Debit Card,Nagpur,Maharashtra,33.0,Male,9136.09,2025-12,2025
ORD002228,CUST0388,2025-08-12,Sunscreen,Beauty,2,3731.39,0.05,UPI,Nagpur,Maharashtra,32.0,Female,7089.64,2025-08,2025
ORD004739,CUST0947,2025-11-12,Table Lamp,Home & Kitchen,2,10232.47,0.15,UPI,Bengaluru,Karnataka,50.0,Male,17395.2,2025-11,2025
ORD003241,CUST0807,2025-05-05,Perfume,Beauty,1,2096.8,0.0,Credit Card,Pune,Maharashtra,30.0,Female,2096.8,2025-05,2025
ORD003470,CUST1066,2025-11-17,Running Shoes,Sports,3,6847.91,0.1,Debit Card,Mysuru,Karnataka,33.0,Female,18489.36,2025-11,2025
ORD005051,CUST0370,2025-09-12,Jacket,Fashion,1,4286.6,0.1,Credit Card,Mumbai,Maharashtra,29.0,Female,3857.94,2025-09,2025
ORD004692,CUST0164,2024-02-23,Business Analytics,Books,2,2424.58,0.0,UPI,New Delhi,Delhi,34.0,Male,4849.16,2024-02,2024
ORD003816,CUST0762,2024-06-14,T-Shirt,Fashion,4,4460.25,0.1,Credit Card,Kochi,Kerala,34.0,Female,16056.9,2024-06,2024
ORD004102,CUST0429,2025-05-20,Laptop Stand,Electronics,2,9992.56,0.2,Credit Card,New Delhi,Delhi,34.0,Female,15988.1,2025-05,2025
ORD005408,CUST0182,2025-12-04,Bluetooth Speaker,Electronics,1,75486.4,0.2,UPI,New Delhi,Delhi,30.0,Female,60389.12,2025-12,2025
ORD000506,CUST0418,2024-11-09,Running Shoes,Sports,4,6932.88,0.0,UPI,Thiruvananthapuram,Kerala,39.0,Male,27731.52,2024-11,2024
ORD001510,CUST0149,2024-04-19,Python Programming,Books,4,479.57,0.1,UPI,Mumbai,Maharashtra,35.0,Female,1726.45,2024-04,2024
ORD001667,CUST0916,2025-07-25,Business Analytics,Books,2,387.48,0.15,Debit Card,Thiruvananthapuram,Kerala,36.0,Female,658.72,2025-07,2025
ORD000273,CUST0844,2024-12-07,Laptop Stand,Electronics,3,20822.84,0.05,UPI,Salem,Tamil Nadu,36.0,Female,59345.09,2024-12,2024
ORD002116,CUST0017,2025-06-14,SQL Guide,Books,3,1995.03,0.0,Debit Card,Mumbai,Maharashtra,25.0,Female,5985.09,2025-06,2025
ORD005165,CUST0571,2024-07-25,Coffee Maker,Home & Kitchen,1,11904.93,0.15,Credit Card,Kochi,Kerala,36.0,Female,10119.19,2024-07,2024
ORD004506,CUST0080,2024-05-24,Dumbbells,Sports,2,5923.89,0.1,UPI,Salem,Tamil Nadu,33.0,Female,10663.0,2024-05,2024
ORD001486,CUST0376,2024-11-10,Bluetooth Speaker,Electronics,1,12206.41,0.15,Net Banking,Thiruvananthapuram,Kerala,29.0,Male,10375.45,2024-11,2024
ORD004302,CUST0541,2025-10-06,Power Bank,Electronics,2,72680.16,0.05,Debit Card,Kochi,Kerala,36.0,Male,138092.3,2025-10,2025
ORD000702,CUST0993,2025-04-17,Laptop Stand,Electronics,1,62538.91,0.05,Cash on Delivery,Bengaluru,Karnataka,31.0,Male,59411.96,2025-04,2025
ORD003834,CUST0777,2024-05-11,Moisturizer,Beauty,4,1600.33,0.05,Cash on Delivery,Salem,Tamil Nadu,18.0,Female,6081.25,2024-05,2024
ORD003590,CUST0395,2025-01-11,Sneakers,Fashion,1,1539.14,0.2,UPI,New Delhi,Delhi,32.0,Female,1231.31,2025-01,2025
ORD000107,CUST0921,2024-07-13,Running Shoes,Sports,1,2967.66,0.1,Credit Card,Chennai,Tamil Nadu,23.0,Male,2670.89,2024-07,2024
ORD005048,CUST0045,2024-08-21,Backpack,Fashion,1,2943.06,0.1,UPI,Hyderabad,Telangana,28.0,Female,2648.75,2024-08,2024
ORD005001,CUST1121,2024-12-11,Shampoo,Beauty,5,777.73,0.05,UPI,Mysuru,Karnataka,42.0,Female,3694.22,2024-12,2024
ORD005318,CUST0469,2024-07-24,Dumbbells,Sports,1,5801.97,0.15,UPI,Nagpur,Maharashtra,37.0,Female,4931.67,2024-07,2024
ORD004768,CUST0240,2024-08-02,Wireless Headphones,Electronics,1,76155.23,0.0,Credit Card,New Delhi,Delhi,42.0,Male,76155.23,2024-08,2024
ORD005242,CUST0874,2025-07-14,Bluetooth Speaker,Electronics,1,35248.68,0.0,Net Banking,Nagpur,Maharashtra,35.0,Male,35248.68,2025-07,2025
ORD003850,CUST0150,2025-05-27,Coffee Maker,Home & Kitchen,2,9733.01,0.05,UPI,New Delhi,Delhi,27.0,Female,18492.72,2025-05,2025
ORD000953,CUST0414,2024-11-07,Bedsheet,Home & Kitchen,4,12434.77,0.0,Credit Card,Mumbai,Maharashtra,41.0,Female,49739.08,2024-11,2024
ORD002365,CUST0827,2024-07-07,SQL Guide,Books,5,1693.82,0.05,Cash on Delivery,New Delhi,Delhi,31.0,Female,8045.64,2024-07,2024
ORD003896,CUST0313,2025-12-22,Football,Sports,3,5642.64,0.0,UPI,Mangaluru,Karnataka,51.0,Male,16927.92,2025-12,2025
ORD003840,CUST0538,2025-07-23,Dumbbells,Sports,2,3035.3,0.15,Cash on Delivery,New Delhi,Delhi,30.0,Male,5160.01,2025-07,2025
ORD002651,CUST0154,2024-03-08,Power Bank,Electronics,2,38980.37,0.0,UPI,Thiruvananthapuram,Kerala,48.0,Male,77960.74,2024-03,2024
ORD003227,CUST0276,2024-02-09,Bluetooth Speaker,Electronics,1,29409.25,0.1,Credit Card,Mumbai,Maharashtra,18.0,Female,26468.32,2024-02,2024
ORD004931,CUST1088,2024-04-01,Perfume,Beauty,1,3956.1,0.0,UPI,Pune,Maharashtra,23.0,Male,3956.1,2024-04,2024
ORD002911,CUST0057,2025-05-03,Dumbbells,Sports,2,6911.43,0.05,Cash on Delivery,Warangal,Telangana,30.0,Male,13131.72,2025-05,2025
ORD001085,CUST0994,2025-07-20,Table Lamp,Home & Kitchen,2,3291.68,0.1,UPI,Warangal,Telangana,55.0,Female,5925.02,2025-07,2025
ORD003540,CUST0291,2025-06-15,Sneakers,Fashion,3,855.87,0.05,UPI,Warangal,Telangana,37.0,Female,2439.23,2025-06,2025
ORD003545,CUST0537,2025-05-25,Face Wash,Beauty,3,1081.18,0.15,UPI,Chennai,Tamil Nadu,29.0,Female,2757.01,2025-05,2025
ORD004642,CUST0097,2024-05-22,Jacket,Fashion,2,1204.99,0.05,Credit Card,Kochi,Kerala,32.0,Male,2289.48,2024-05,2024
ORD001421,CUST0650,2024-04-26,Jeans,Fashion,3,5674.2,0.1,UPI,Nagpur,Maharashtra,28.0,Male,15320.34,2024-04,2024
ORD002771,CUST0030,2024-03-07,Bluetooth Speaker,Electronics,2,40410.06,0.15,Cash on Delivery,New Delhi,Delhi,43.0,Male,68697.1,2024-03,2024
ORD001787,CUST0045,2025-02-18,Coffee Maker,Home & Kitchen,2,12354.2,0.05,UPI,Chennai,Tamil Nadu,41.0,Male,23472.98,2025-02,2025
ORD004481,CUST1151,2024-02-17,Cricket Bat,Sports,1,8352.3,0.0,Cash on Delivery,Kochi,Kerala,22.0,Female,8352.3,2024-02,2024
ORD001889,CUST1043,2025-07-17,Table Lamp,Home & Kitchen,1,5740.8,0.1,UPI,Thiruvananthapuram,Kerala,25.0,Female,5166.72,2025-07,2025
ORD005662,CUST1118,2025-09-04,Jeans,Fashion,2,4032.61,0.0,UPI,Thiruvananthapuram,Kerala,39.0,Female,8065.22,2025-09,2025
ORD005650,CUST0992,2024-11-04,Machine Learning Book,Books,3,1595.96,0.05,UPI,Pune,Maharashtra,39.0,Female,4548.49,2024-11,2024
ORD000417,CUST0491,2024-06-06,T-Shirt,Fashion,1,5033.99,0.05,Credit Card,Kochi,Kerala,25.0,Male,4782.29,2024-06,2024
ORD001216,CUST0115,2025-12-15,Face Wash,Beauty,1,2600.41,0.1,Net Banking,New Delhi,Delhi,29.0,Male,2340.37,2025-12,2025
ORD004839,CUST0105,2025-04-22,Sunscreen,Beauty,1,1597.09,0.05,Debit Card,Mysuru,Karnataka,27.0,Male,1517.24,2025-04,2025
ORD005747,CUST0278,2025-04-20,Laptop Stand,Electronics,3,70809.48,0.0,Debit Card,Chennai,Tamil Nadu,40.0,Female,212428.44,2025-04,2025
ORD000565,CUST0446,2025-10-24,Running Shoes,Sports,4,6243.45,0.1,Credit Card,Chennai,Tamil Nadu,32.0,Female,22476.42,2025-10,2025
ORD000479,CUST0936,2024-05-30,Face Wash,Beauty,1,1411.34,0.0,Cash on Delivery,Kochi,Kerala,37.0,Female,1411.34,2024-05,2024
ORD005838,CUST1111,2025-03-07,Jacket,Fashion,2,5193.81,0.1,Credit Card,Mumbai,Maharashtra,40.0,Female,9348.86,2025-03,2025
ORD000143,CUST0783,2024-10-26,Jeans,Fashion,4,799.17,0.2,Debit Card,Hyderabad,Telangana,42.0,Male,2557.34,2024-10,2024
ORD001213,CUST0064,2024-09-10,Smart Watch,Electronics,3,75591.11,0.1,Debit Card,Bengaluru,Karnataka,24.0,Male,204096.0,2024-09,2024
ORD005298,CUST0371,2024-06-06,Jacket,Fashion,3,5844.3,0.05,UPI,Mangaluru,Karnataka,34.0,Male,16656.26,2024-06,2024
ORD001098,CUST0894,2025-03-25,Coffee Maker,Home & Kitchen,3,10887.35,0.05,Credit Card,Nagpur,Maharashtra,43.0,Female,31028.95,2025-03,2025
ORD002143,CUST0320,2024-03-04,Backpack,Fashion,2,5152.38,0.0,UPI,Hyderabad,Telangana,27.0,Male,10304.76,2024-03,2024
ORD000606,CUST0234,2025-09-30,Yoga Mat,Sports,2,3224.29,0.1,UPI,Mangaluru,Karnataka,27.0,Male,5803.72,2025-09,2025
ORD003787,CUST0361,2025-10-28,Backpack,Fashion,2,998.75,0.2,Credit Card,Warangal,Telangana,24.0,Female,1598.0,2025-10,2025
ORD002576,CUST0878,2024-07-01,Table Lamp,Home & Kitchen,2,4299.44,0.05,Credit Card,Salem,Tamil Nadu,28.0,Male,8168.94,2024-07,2024
ORD000498,CUST0424,2025-07-01,Wireless Headphones,Electronics,2,18799.08,0.1,Debit Card,Thiruvananthapuram,Kerala,26.0,Female,33838.34,2025-07,2025
ORD002543,CUST0639,2025-11-16,T-Shirt,Fashion,2,4989.0,0.05,UPI,Mysuru,Karnataka,32.0,Male,9479.1,2025-11,2025
ORD004482,CUST0429,2024-05-12,Running Shoes,Sports,1,9518.15,0.0,Credit Card,Hyderabad,Telangana,18.0,Female,9518.15,2024-05,2024
ORD005222,CUST0333,2024-03-16,Bedsheet,Home & Kitchen,3,10741.08,0.1,UPI,Mysuru,Karnataka,38.0,Female,29000.92,2024-03,2024
ORD002464,CUST0530,2024-09-29,Python Programming,Books,1,2249.45,0.1,UPI,Mumbai,Maharashtra,44.0,Male,2024.5,2024-09,2024
ORD000722,CUST0345,2025-04-14,Running Shoes,Sports,1,4219.6,0.1,Debit Card,Warangal,Telangana,35.0,Female,3797.64,2025-04,2025
ORD001087,CUST0934,2025-12-23,Data Analytics Book,Books,3,1907.69,0.0,Credit Card,Salem,Tamil Nadu,26.0,Female,5723.07,2025-12,2025
ORD001026,CUST0357,2024-05-04,Moisturizer,Beauty,2,2246.3,0.05,Cash on Delivery,Salem,Tamil Nadu,18.0,Male,4267.97,2024-05,2024
ORD001358,CUST0879,2024-03-02,Table Lamp,Home & Kitchen,4,3007.51,0.1,,Hyderabad,Telangana,34.0,Male,10827.04,2024-03,2024
ORD003257,CUST0215,2025-05-04,Laptop Stand,Electronics,1,36464.37,0.05,UPI,Trichy,Tamil Nadu,41.0,Female,34641.15,2025-05,2025
ORD002813,CUST1132,2024-02-02,Wireless Headphones,Electronics,1,11347.89,0.1,Cash on Delivery,Madurai,Tamil Nadu,36.0,Female,10213.1,2024-02,2024
ORD003399,CUST1049,2025-03-26,Cookware Set,Home & Kitchen,1,8813.76,0.05,Credit Card,Thiruvananthapuram,Kerala,19.0,Male,8373.07,2025-03,2025
ORD004812,CUST0500,2024-02-27,Smart Watch,Electronics,1,56650.45,0.0,UPI,Warangal,Telangana,37.0,Male,56650.45,2024-02,2024
ORD004833,CUST0412,2025-04-03,Shampoo,Beauty,2,3441.76,0.0,UPI,Warangal,Telangana,41.0,Male,6883.52,2025-04,2025
ORD002893,CUST0684,2025-02-25,Cookware Set,Home & Kitchen,3,14995.61,0.05,Cash on Delivery,Trichy,Tamil Nadu,33.0,Male,42737.49,2025-02,2025
ORD003408,CUST1153,2024-10-02,Wireless Headphones,Electronics,3,14592.25,0.0,UPI,New Delhi,Delhi,35.0,Female,43776.75,2024-10,2024
ORD002958,CUST0686,2024-01-04,Perfume,Beauty,3,1171.55,0.05,Net Banking,Hyderabad,Telangana,30.0,Male,3338.92,2024-01,2024
ORD004752,CUST0393,2024-01-14,Running Shoes,Sports,5,1794.86,0.1,UPI,Warangal,Telangana,44.0,Male,8076.87,2024-01,2024
ORD000337,CUST0120,2025-04-30,Bluetooth Speaker,Electronics,4,77618.18,0.1,UPI,Hyderabad,Telangana,34.0,Male,279425.45,2025-04,2025
ORD005258,CUST0018,2025-03-27,Shampoo,Beauty,3,3835.9,0.2,Debit Card,Bengaluru,Karnataka,25.0,Male,9206.16,2025-03,2025
ORD001965,CUST0722,2024-01-22,Mixer Grinder,Home & Kitchen,2,2769.62,0.2,UPI,Warangal,Telangana,38.0,Female,4431.39,2024-01,2024
ORD003558,CUST0533,2025-10-06,Football,Sports,1,7188.39,0.1,Credit Card,New Delhi,Delhi,18.0,Female,6469.55,2025-10,2025
ORD001562,CUST0857,2025-07-15,Jacket,Fashion,4,612.52,0.2,Debit Card,Kochi,Kerala,43.0,Male,1960.06,2025-07,2025
ORD001739,CUST0126,2025-03-23,Coffee Maker,Home & Kitchen,1,14546.14,0.1,Credit Card,Hyderabad,Telangana,26.0,Female,13091.53,2025-03,2025
ORD004363,CUST0137,2024-10-15,Sneakers,Fashion,2,2772.79,0.05,UPI,Thiruvananthapuram,Kerala,26.0,Female,5268.3,2024-10,2024
ORD002440,CUST0803,2025-08-10,Bedsheet,Home & Kitchen,3,8691.03,0.0,UPI,Trichy,Tamil Nadu,23.0,Male,26073.09,2025-08,2025
ORD002019,CUST1104,2024-03-06,Business Analytics,Books,1,1310.04,0.0,Net Banking,Bengaluru,Karnataka,39.0,Female,1310.04,2024-03,2024
ORD003097,CUST0579,2024-02-09,Cricket Bat,Sports,1,8984.32,0.1,UPI,New Delhi,Delhi,26.0,Female,8085.89,2024-02,2024
ORD000725,CUST0302,2025-06-02,Machine Learning Book,Books,2,2351.39,0.0,UPI,Kochi,Kerala,,Female,4702.78,2025-06,2025
ORD000766,CUST0583,2024-05-28,Dumbbells,Sports,1,9137.71,0.0,UPI,New Delhi,Delhi,26.0,Male,9137.71,2024-05,2024
ORD000287,CUST0073,2024-05-13,Face Wash,Beauty,1,830.61,0.2,Debit Card,Nagpur,Maharashtra,40.0,Female,664.49,2024-05,2024
ORD000308,CUST0335,2025-07-10,Power Bank,Electronics,1,28561.23,0.05,UPI,Pune,Maharashtra,18.0,Male,27133.17,2025-07,2025
ORD005211,CUST0407,2024-05-13,Laptop Stand,Electronics,3,13334.39,0.1,UPI,Madurai,Tamil Nadu,33.0,Male,36002.85,2024-05,2024
ORD004669,CUST0320,2025-12-18,Cricket Bat,Sports,1,7359.07,0.05,UPI,Bengaluru,Karnataka,34.0,Female,6991.12,2025-12,2025
ORD005436,CUST0359,2024-06-28,Football,Sports,1,6876.97,0.1,UPI,Nagpur,Maharashtra,43.0,Male,6189.27,2024-06,2024
ORD001731,CUST0612,2024-07-08,Mixer Grinder,Home & Kitchen,1,13787.99,0.05,Credit Card,Hyderabad,Telangana,40.0,Male,13098.59,2024-07,2024
ORD004410,CUST0875,2024-11-06,Wireless Headphones,Electronics,2,15023.95,0.1,Net Banking,Pune,Maharashtra,26.0,Male,27043.11,2024-11,2024
ORD005086,CUST0498,2025-07-15,Bedsheet,Home & Kitchen,1,8554.59,0.05,UPI,Kochi,Kerala,27.0,Male,8126.86,2025-07,2025
ORD001472,CUST0567,2025-02-12,Machine Learning Book,Books,1,826.7,0.2,Credit Card,Pune,Maharashtra,31.0,Male,661.36,2025-02,2025
ORD000072,CUST0923,2024-08-18,Yoga Mat,Sports,3,818.56,0.1,Debit Card,Salem,Tamil Nadu,36.0,Male,2210.11,2024-08,2024
ORD001567,CUST1063,2024-08-23,Bedsheet,Home & Kitchen,1,4990.22,0.1,UPI,Thiruvananthapuram,Kerala,37.0,Male,4491.2,2024-08,2024
ORD000712,CUST0757,2024-09-14,SQL Guide,Books,3,1861.73,0.1,Credit Card,Thiruvananthapuram,Kerala,27.0,Female,5026.67,2024-09,2024
ORD003711,CUST0455,2025-03-16,SQL Guide,Books,3,2402.54,0.0,UPI,Mangaluru,Karnataka,27.0,Male,7207.62,2025-03,2025
ORD001021,CUST1111,2025-09-10,Cricket Bat,Sports,1,4929.88,0.15,Credit Card,Bengaluru,Karnataka,29.0,Female,4190.4,2025-09,2025
ORD001346,CUST0222,2024-11-15,Smart Watch,Electronics,3,33391.72,0.0,Net Banking,Hyderabad,Telangana,32.0,Female,100175.16,2024-11,2024
ORD004999,CUST0711,2025-06-15,Coffee Maker,Home & Kitchen,1,13835.48,0.0,Credit Card,Coimbatore,Tamil Nadu,33.0,Female,13835.48,2025-06,2025
ORD003159,CUST0090,2025-02-07,Laptop Stand,Electronics,5,61691.4,0.0,UPI,Mumbai,Maharashtra,36.0,Female,308457.0,2025-02,2025
ORD000738,CUST0916,2025-02-19,T-Shirt,Fashion,3,4726.13,0.0,Cash on Delivery,Hyderabad,Telangana,20.0,Female,14178.39,2025-02,2025
ORD005401,CUST0841,2024-10-24,Wireless Headphones,Electronics,2,37899.58,0.15,Net Banking,New Delhi,Delhi,25.0,Female,64429.29,2024-10,2024
ORD002433,CUST0121,2025-03-05,Laptop Stand,Electronics,1,20298.05,0.1,Cash on Delivery,Pune,Maharashtra,32.0,Female,18268.24,2025-03,2025
ORD005804,CUST1128,2024-07-09,Dumbbells,Sports,1,998.22,0.1,Credit Card,Warangal,Telangana,33.0,Male,898.4,2024-07,2024
ORD005571,CUST0610,2024-09-17,Jacket,Fashion,1,4052.07,0.15,UPI,Trichy,Tamil Nadu,42.0,Male,3444.26,2024-09,2024
ORD001236,CUST0443,2024-01-17,Football,Sports,3,3976.88,0.05,Credit Card,Mangaluru,Karnataka,26.0,Female,11334.11,2024-01,2024
ORD002260,CUST0990,2025-05-27,Power Bank,Electronics,3,2887.11,0.05,Cash on Delivery,Mysuru,Karnataka,33.0,Female,8228.26,2025-05,2025
ORD005480,CUST0535,2025-03-09,Yoga Mat,Sports,1,2341.03,0.1,Debit Card,Thiruvananthapuram,Kerala,35.0,Male,2106.93,2025-03,2025
ORD004380,CUST0310,2024-06-18,Shampoo,Beauty,2,3723.51,0.05,UPI,Mysuru,Karnataka,23.0,Female,7074.67,2024-06,2024
ORD003951,CUST0759,2024-11-20,Cookware Set,Home & Kitchen,3,7336.39,0.1,Credit Card,Kochi,Kerala,26.0,Male,19808.25,2024-11,2024
ORD005489,CUST0220,2024-02-27,Jeans,Fashion,3,1046.93,0.2,UPI,Bengaluru,Karnataka,25.0,Female,2512.63,2024-02,2024
ORD000979,CUST0468,2025-05-10,Jeans,Fashion,2,3624.03,0.1,Debit Card,Nagpur,Maharashtra,23.0,Male,6523.25,2025-05,2025
ORD004624,CUST0755,2024-05-31,Yoga Mat,Sports,1,9512.34,0.0,Cash on Delivery,Warangal,Telangana,18.0,Male,9512.34,2024-05,2024
ORD005109,CUST0982,2024-02-29,Table Lamp,Home & Kitchen,1,8732.12,0.15,Debit Card,Warangal,Telangana,26.0,Male,7422.3,2024-02,2024
ORD002023,CUST1068,2025-05-05,Coffee Maker,Home & Kitchen,1,7321.83,0.0,Credit Card,Kochi,Kerala,33.0,Female,7321.83,2025-05,2025
ORD003521,CUST0243,2025-10-07,Jacket,Fashion,1,907.77,0.0,Credit Card,New Delhi,Delhi,27.0,Female,907.77,2025-10,2025
ORD005282,CUST0274,2024-01-08,Power Bank,Electronics,4,31710.47,0.0,Debit Card,New Delhi,Delhi,24.0,Male,126841.88,2024-01,2024
ORD000345,CUST0390,2025-02-10,Jacket,Fashion,2,2038.09,0.05,UPI,Thiruvananthapuram,Kerala,23.0,Male,3872.37,2025-02,2025
ORD005000,CUST0301,2025-08-19,Jeans,Fashion,1,4760.73,0.1,Cash on Delivery,New Delhi,Delhi,44.0,Female,4284.66,2025-08,2025
ORD000912,CUST1166,2025-05-18,Bluetooth Speaker,Electronics,2,37262.59,0.05,UPI,Bengaluru,Karnataka,18.0,Female,70798.92,2025-05,2025
ORD002437,CUST0649,2025-09-29,Bluetooth Speaker,Electronics,1,50830.45,0.2,UPI,New Delhi,Delhi,32.0,Female,40664.36,2025-09,2025
ORD000048,CUST0390,2025-06-30,Machine Learning Book,Books,4,1491.07,0.0,Credit Card,Madurai,Tamil Nadu,30.0,Male,5964.28,2025-06,2025
ORD004081,CUST0051,2024-01-16,Jeans,Fashion,2,4841.29,0.0,Debit Card,Mumbai,Maharashtra,31.0,Female,9682.58,2024-01,2024
ORD005196,CUST0261,2024-09-05,Wireless Headphones,Electronics,4,19153.36,0.1,UPI,Bengaluru,Karnataka,27.0,Male,68952.1,2024-09,2024
ORD000444,CUST0470,2025-08-04,Football,Sports,3,3037.21,0.1,Cash on Delivery,New Delhi,Delhi,31.0,Male,8200.47,2025-08,2025
ORD003593,CUST0286,2024-07-29,Running Shoes,Sports,1,7875.98,0.05,Cash on Delivery,Mumbai,Maharashtra,18.0,Female,7482.18,2024-07,2024
ORD003131,CUST0467,2024-05-24,Bedsheet,Home & Kitchen,1,6926.56,0.15,Credit Card,Mumbai,Maharashtra,32.0,Male,5887.58,2024-05,2024
ORD002487,CUST1129,2024-06-15,Python Programming,Books,1,1682.92,0.1,Debit Card,New Delhi,Delhi,29.0,Female,1514.63,2024-06,2024
ORD005709,CUST1070,2024-07-02,Running Shoes,Sports,2,2955.22,0.0,Credit Card,New Delhi,Delhi,18.0,Male,5910.44,2024-07,2024
ORD001894,CUST0201,2025-04-23,Coffee Maker,Home & Kitchen,2,8092.21,0.0,UPI,Mumbai,Maharashtra,20.0,Male,16184.42,2025-04,2025
ORD003018,CUST0923,2024-09-22,T-Shirt,Fashion,1,3337.21,0.1,UPI,Pune,Maharashtra,32.0,Female,3003.49,2024-09,2024
ORD001221,CUST0156,2025-12-13,T-Shirt,Fashion,1,2821.15,0.15,UPI,Warangal,Telangana,25.0,Male,2397.98,2025-12,2025
ORD003831,CUST1159,2024-07-24,Cookware Set,Home & Kitchen,2,3494.57,0.1,UPI,New Delhi,Delhi,21.0,Female,6290.23,2024-07,2024
ORD002269,CUST0003,2024-11-30,Wireless Headphones,Electronics,3,32651.9,0.1,Net Banking,Kochi,Kerala,33.0,Male,88160.13,2024-11,2024
ORD001056,CUST0381,2024-05-27,Coffee Maker,Home & Kitchen,3,9058.67,0.0,Credit Card,Bengaluru,Karnataka,21.0,Male,27176.01,2024-05,2024
ORD000849,CUST0858,2024-05-17,Perfume,Beauty,1,2450.24,0.15,Credit Card,Chennai,Tamil Nadu,48.0,Female,2082.7,2024-05,2024
ORD003893,CUST0178,2024-03-04,Smart Watch,Electronics,1,63123.71,0.15,Net Banking,Nagpur,Maharashtra,28.0,Male,53655.15,2024-03,2024
ORD005847,CUST0784,2025-06-17,Wireless Headphones,Electronics,3,9601.83,0.1,Net Banking,Kochi,Kerala,30.0,Male,25924.94,2025-06,2025
ORD003878,CUST1039,2025-02-01,Running Shoes,Sports,3,517.52,0.15,UPI,Mysuru,Karnataka,19.0,Female,1319.68,2025-02,2025
ORD002743,CUST0139,2024-03-30,Smart Watch,Electronics,3,65882.26,0.05,UPI,Thiruvananthapuram,Kerala,23.0,Female,187764.44,2024-03,2024
ORD005607,CUST0902,2025-09-10,Sunscreen,Beauty,3,3168.07,0.05,Net Banking,Coimbatore,Tamil Nadu,34.0,Male,9029.0,2025-09,2025
ORD004281,CUST0061,2025-04-24,Cookware Set,Home & Kitchen,2,991.26,0.1,Net Banking,Hyderabad,Telangana,41.0,Female,1784.27,2025-04,2025
ORD001329,CUST0011,2025-01-25,Data Analytics Book,Books,1,1963.77,0.0,UPI,Pune,Maharashtra,36.0,Female,1963.77,2025-01,2025
ORD002875,CUST0008,2025-01-07,Table Lamp,Home & Kitchen,2,2458.2,0.1,UPI,New Delhi,Delhi,,Female,4424.76,2025-01,2025
ORD004631,CUST1088,2025-07-10,Laptop Stand,Electronics,1,78316.23,0.05,Net Banking,Thiruvananthapuram,Kerala,39.0,Male,74400.42,2025-07,2025
ORD000777,CUST0584,2024-04-17,Cookware Set,Home & Kitchen,1,13436.22,0.05,Credit Card,Thiruvananthapuram,Kerala,45.0,Female,12764.41,2024-04,2024
ORD005677,CUST1118,2025-09-16,Running Shoes,Sports,1,3978.48,0.05,UPI,New Delhi,Delhi,34.0,Male,3779.56,2025-09,2025
ORD000184,CUST0019,2025-12-04,Backpack,Fashion,2,896.16,0.0,Credit Card,New Delhi,Delhi,,Male,1792.32,2025-12,2025
ORD003130,CUST1087,2025-07-10,Perfume,Beauty,4,713.54,0.05,Credit Card,Madurai,Tamil Nadu,29.0,Female,2711.45,2025-07,2025
ORD004099,CUST0769,2024-05-19,Backpack,Fashion,1,3582.98,0.2,UPI,Trichy,Tamil Nadu,36.0,Female,2866.38,2024-05,2024
ORD001194,CUST0062,2025-03-25,Backpack,Fashion,2,3939.15,0.15,Credit Card,New Delhi,Delhi,18.0,Male,6696.56,2025-03,2025
ORD003649,CUST0775,2024-07-25,Dumbbells,Sports,3,1809.16,0.1,Debit Card,Warangal,Telangana,18.0,Female,4884.73,2024-07,2024
ORD000735,CUST0759,2024-08-28,Power Bank,Electronics,1,33702.77,0.05,UPI,New Delhi,Delhi,39.0,Other,32017.63,2024-08,2024
ORD001836,CUST0315,2025-10-17,Bluetooth Speaker,Electronics,2,5122.43,0.0,UPI,Thiruvananthapuram,Kerala,27.0,Female,10244.86,2025-10,2025
ORD002273,CUST0140,2024-02-27,Moisturizer,Beauty,2,1426.1,0.15,Debit Card,Bengaluru,Karnataka,38.0,Female,2424.37,2024-02,2024
ORD003794,CUST0917,2024-05-20,Sneakers,Fashion,2,5686.44,0.1,UPI,Mumbai,Maharashtra,34.0,Male,10235.59,2024-05,2024
ORD000486,CUST0429,2025-02-28,Backpack,Fashion,1,4116.96,0.0,Net Banking,Bengaluru,Karnataka,34.0,Male,4116.96,2025-02,2025
ORD001164,CUST0159,2024-06-18,Jeans,Fashion,1,3052.64,0.15,Cash on Delivery,Mysuru,Karnataka,23.0,Female,2594.74,2024-06,2024
ORD000453,CUST0617,2024-02-12,Backpack,Fashion,3,2539.89,0.0,UPI,New Delhi,Delhi,22.0,Female,7619.67,2024-02,2024
ORD002299,CUST0838,2024-06-20,Jeans,Fashion,2,2403.23,0.0,UPI,New Delhi,Delhi,35.0,Female,4806.46,2024-06,2024
ORD004595,CUST0035,2024-07-26,Power Bank,Electronics,3,46184.18,0.1,UPI,Coimbatore,Tamil Nadu,36.0,Female,124697.29,2024-07,2024
ORD000031,CUST0704,2024-07-07,Table Lamp,Home & Kitchen,1,1167.04,0.0,Cash on Delivery,Pune,Maharashtra,42.0,Male,1167.04,2024-07,2024
ORD000790,CUST0378,2025-05-03,Laptop Stand,Electronics,4,69504.18,0.05,UPI,Thiruvananthapuram,Kerala,30.0,Female,264115.88,2025-05,2025
ORD005099,CUST0047,2024-06-18,Bluetooth Speaker,Electronics,1,41895.93,0.1,UPI,Thiruvananthapuram,Kerala,25.0,Female,37706.34,2024-06,2024
ORD001966,CUST0845,2024-11-24,Football,Sports,2,6474.39,0.1,Credit Card,New Delhi,Delhi,18.0,Female,11653.9,2024-11,2024
ORD001110,CUST0168,2025-02-02,Python Programming,Books,1,2337.2,0.15,UPI,Bengaluru,Karnataka,37.0,Female,1986.62,2025-02,2025
ORD000101,CUST0958,2024-01-29,Power Bank,Electronics,1,27440.54,0.1,Debit Card,Hyderabad,Telangana,18.0,Male,24696.49,2024-01,2024
ORD003971,CUST0328,2024-07-06,Running Shoes,Sports,1,2460.8,0.0,Credit Card,Coimbatore,Tamil Nadu,45.0,Male,2460.8,2024-07,2024
ORD003013,CUST1157,2024-04-04,Coffee Maker,Home & Kitchen,4,14531.33,0.15,,New Delhi,Delhi,37.0,Male,49406.52,2024-04,2024
ORD003168,CUST0469,2025-02-01,Wireless Headphones,Electronics,1,43180.17,0.0,Debit Card,New Delhi,Delhi,40.0,Male,43180.17,2025-02,2025
ORD004725,CUST0366,2024-12-27,Football,Sports,1,1853.12,0.05,Cash on Delivery,Nagpur,Maharashtra,19.0,Male,1760.46,2024-12,2024
ORD001771,CUST0337,2025-12-26,Bluetooth Speaker,Electronics,3,59191.76,0.15,UPI,Mumbai,Maharashtra,30.0,Male,150938.99,2025-12,2025
ORD001920,CUST0665,2024-01-23,Jacket,Fashion,4,3535.67,0.05,Debit Card,Bengaluru,Karnataka,24.0,Male,13435.55,2024-01,2024
ORD003756,CUST0458,2024-01-31,Sneakers,Fashion,2,2172.38,0.1,UPI,Warangal,Telangana,36.0,Female,3910.28,2024-01,2024
ORD004542,CUST0558,2025-02-11,Football,Sports,1,9015.23,0.1,Cash on Delivery,Warangal,Telangana,32.0,Male,8113.71,2025-02,2025
ORD000862,CUST0778,2024-09-15,Coffee Maker,Home & Kitchen,4,5113.37,0.0,Debit Card,Nagpur,Maharashtra,37.0,Female,20453.48,2024-09,2024
ORD001502,CUST0509,2025-11-27,Sunscreen,Beauty,1,2772.13,0.1,UPI,New Delhi,Delhi,26.0,Male,2494.92,2025-11,2025
ORD000904,CUST0773,2024-02-19,Jacket,Fashion,1,2962.39,0.05,Cash on Delivery,Bengaluru,Karnataka,30.0,Female,2814.27,2024-02,2024
ORD005056,CUST0880,2025-01-28,Sunscreen,Beauty,5,2841.73,0.0,Credit Card,Warangal,Telangana,30.0,Female,14208.65,2025-01,2025
ORD000110,CUST1194,2025-07-10,Bluetooth Speaker,Electronics,4,76936.17,0.05,Cash on Delivery,New Delhi,Delhi,46.0,Male,292357.45,2025-07,2025
ORD005369,CUST0096,2025-05-04,Laptop Stand,Electronics,1,13805.29,0.05,Credit Card,Hyderabad,Telangana,32.0,Female,13115.03,2025-05,2025
ORD005873,CUST0838,2025-09-04,Backpack,Fashion,4,745.17,0.1,UPI,Thiruvananthapuram,Kerala,36.0,Male,2682.61,2025-09,2025
ORD005035,CUST0982,2024-10-17,Wireless Headphones,Electronics,2,71741.18,0.15,UPI,Mysuru,Karnataka,30.0,Female,121960.01,2024-10,2024
ORD004398,CUST0302,2025-11-20,Backpack,Fashion,1,5110.45,0.05,Debit Card,Hyderabad,Telangana,52.0,Male,4854.93,2025-11,2025
ORD001927,CUST0586,2024-09-12,Laptop Stand,Electronics,3,23538.97,0.15,UPI,Coimbatore,Tamil Nadu,29.0,Female,60024.37,2024-09,2024
ORD002134,CUST0878,2025-08-19,Cookware Set,Home & Kitchen,2,1863.45,0.05,Debit Card,Salem,Tamil Nadu,23.0,Male,3540.56,2025-08,2025
ORD003526,CUST0800,2024-09-20,Cookware Set,Home & Kitchen,1,5368.04,0.05,Credit Card,Madurai,Tamil Nadu,25.0,Male,5099.64,2024-09,2024
ORD005862,CUST0014,2024-01-11,Perfume,Beauty,2,3737.19,0.15,Credit Card,Chennai,Tamil Nadu,21.0,Male,6353.22,2024-01,2024
ORD004651,CUST0219,2025-08-19,Power Bank,Electronics,2,54172.68,0.0,Cash on Delivery,Pune,Maharashtra,32.0,Male,108345.36,2025-08,2025
ORD003672,CUST0761,2024-08-15,Mixer Grinder,Home & Kitchen,1,12325.07,0.1,UPI,Hyderabad,Telangana,22.0,Female,11092.56,2024-08,2024
ORD004394,CUST1118,2025-05-28,Coffee Maker,Home & Kitchen,1,5625.13,0.15,UPI,Mumbai,Maharashtra,30.0,Female,4781.36,2025-05,2025
ORD003046,CUST0814,2024-07-08,Sunscreen,Beauty,1,1172.47,0.0,Debit Card,New Delhi,Delhi,18.0,Male,1172.47,2024-07,2024
ORD005547,CUST0770,2025-10-28,Wireless Headphones,Electronics,2,42208.4,0.1,Cash on Delivery,Warangal,Telangana,30.0,Male,75975.12,2025-10,2025
ORD005161,CUST0185,2024-08-11,Jacket,Fashion,1,843.68,0.15,Credit Card,Chennai,Tamil Nadu,30.0,Male,717.13,2024-08,2024
ORD005639,CUST0471,2024-05-27,Jacket,Fashion,3,2597.35,0.1,Net Banking,Bengaluru,Karnataka,33.0,Female,7012.84,2024-05,2024
ORD003887,CUST1172,2024-04-10,SQL Guide,Books,1,353.87,0.15,Cash on Delivery,Thiruvananthapuram,Kerala,26.0,Male,300.79,2024-04,2024
ORD001095,CUST0727,2025-06-17,Jeans,Fashion,1,3696.66,0.15,UPI,New Delhi,Delhi,31.0,Female,3142.16,2025-06,2025
ORD001122,CUST0056,2024-03-23,Football,Sports,4,8439.55,0.0,UPI,Madurai,Tamil Nadu,26.0,Male,33758.2,2024-03,2024
ORD002517,CUST0093,2025-11-08,Laptop Stand,Electronics,5,36715.24,0.0,Debit Card,New Delhi,Delhi,33.0,Female,183576.2,2025-11,2025
ORD002211,CUST0188,2024-12-16,Bluetooth Speaker,Electronics,2,13568.25,0.2,UPI,New Delhi,Delhi,23.0,Male,21709.2,2024-12,2024
ORD000810,CUST1024,2025-08-20,Yoga Mat,Sports,4,8703.69,0.1,UPI,New Delhi,Delhi,34.0,Female,31333.28,2025-08,2025
ORD004253,CUST0672,2025-08-06,Sneakers,Fashion,3,5290.24,0.05,UPI,Pune,Maharashtra,20.0,Male,15077.18,2025-08,2025
ORD003275,CUST0422,2025-04-02,Moisturizer,Beauty,2,1888.9,0.15,Debit Card,New Delhi,Delhi,28.0,Male,3211.13,2025-04,2025
ORD005908,CUST0576,2024-01-27,Yoga Mat,Sports,4,9219.02,0.1,Credit Card,Mumbai,Maharashtra,43.0,Male,33188.47,2024-01,2024
ORD004344,CUST0858,2024-12-09,Bedsheet,Home & Kitchen,2,1529.82,0.1,UPI,Thiruvananthapuram,Kerala,35.0,Female,2753.68,2024-12,2024
ORD005846,CUST0312,2024-02-22,Power Bank,Electronics,1,3975.01,0.0,Credit Card,Warangal,Telangana,31.0,Female,3975.01,2024-02,2024
ORD005504,CUST0275,2025-03-22,Jacket,Fashion,1,4456.51,0.15,Cash on Delivery,Chennai,Tamil Nadu,37.0,Female,3788.03,2025-03,2025
ORD005654,CUST0636,2024-03-15,Smart Watch,Electronics,1,41662.67,0.1,Debit Card,Hyderabad,Telangana,45.0,Female,37496.4,2024-03,2024
ORD003945,CUST0116,2024-06-28,Dumbbells,Sports,1,3388.44,0.15,UPI,Mangaluru,Karnataka,21.0,Male,2880.17,2024-06,2024
ORD005040,CUST0151,2025-01-18,Smart Watch,Electronics,3,38866.38,0.1,Credit Card,Pune,Maharashtra,39.0,Male,104939.23,2025-01,2025
ORD002544,CUST0749,2024-02-28,T-Shirt,Fashion,1,3689.86,0.05,Debit Card,Trichy,Tamil Nadu,18.0,Female,3505.37,2024-02,2024
ORD001774,CUST0293,2025-02-09,SQL Guide,Books,1,300.0,0.05,Cash on Delivery,Mumbai,Maharashtra,33.0,Female,285.0,2025-02,2025
ORD002847,CUST1144,2024-10-08,Sneakers,Fashion,4,1956.73,0.0,Debit Card,New Delhi,Delhi,20.0,Female,7826.92,2024-10,2024
ORD005800,CUST0534,2025-06-01,Power Bank,Electronics,2,74348.23,0.1,Credit Card,Pune,Maharashtra,20.0,Male,133826.81,2025-06,2025
ORD001766,CUST0396,2025-11-08,Laptop Stand,Electronics,2,30904.4,0.05,Credit Card,Nagpur,Maharashtra,44.0,Male,58718.36,2025-11,2025
ORD003898,CUST0980,2024-12-29,Bluetooth Speaker,Electronics,2,57308.26,0.1,Debit Card,Hyderabad,Telangana,25.0,Female,103154.87,2024-12,2024
ORD005629,CUST0127,2025-01-15,Bluetooth Speaker,Electronics,1,15130.39,0.05,UPI,New Delhi,Delhi,39.0,Male,14373.87,2025-01,2025
ORD001757,CUST0347,2025-09-28,Face Wash,Beauty,1,863.32,0.1,Cash on Delivery,Mangaluru,Karnataka,32.0,Male,776.99,2025-09,2025
ORD002347,CUST0208,2025-08-18,Yoga Mat,Sports,1,794.77,0.15,,Bengaluru,Karnataka,34.0,Female,675.55,2025-08,2025
ORD002997,CUST0370,2025-11-19,Cookware Set,Home & Kitchen,2,7874.83,0.0,Debit Card,New Delhi,Delhi,29.0,Male,15749.66,2025-11,2025
ORD001596,CUST0807,2025-10-03,Bluetooth Speaker,Electronics,3,60151.15,0.05,UPI,Hyderabad,Telangana,32.0,Female,171430.78,2025-10,2025
ORD005967,CUST0673,2025-07-26,Running Shoes,Sports,2,5753.92,0.05,Debit Card,Mangaluru,Karnataka,32.0,Female,10932.45,2025-07,2025
ORD003253,CUST1061,2024-02-13,Jacket,Fashion,2,3917.6,0.0,Cash on Delivery,Salem,Tamil Nadu,38.0,Female,7835.2,2024-02,2024
ORD000830,CUST0025,2024-10-19,Cricket Bat,Sports,1,1672.9,0.2,Credit Card,Madurai,Tamil Nadu,33.0,Female,1338.32,2024-10,2024
ORD005865,CUST0669,2024-09-28,Yoga Mat,Sports,1,7760.95,0.0,Debit Card,Salem,Tamil Nadu,44.0,Male,7760.95,2024-09,2024
ORD001859,CUST0010,2025-04-21,Cookware Set,Home & Kitchen,1,14222.84,0.15,UPI,Warangal,Telangana,26.0,Female,12089.41,2025-04,2025
ORD000439,CUST0306,2024-10-17,Face Wash,Beauty,1,3421.2,0.05,UPI,Mumbai,Maharashtra,32.0,Female,3250.14,2024-10,2024
ORD000628,CUST0765,2025-02-05,Smart Watch,Electronics,2,69058.03,0.05,Net Banking,Madurai,Tamil Nadu,30.0,Male,131210.26,2025-02,2025
ORD005979,CUST0459,2025-12-15,Cricket Bat,Sports,3,7964.16,0.15,UPI,Pune,Maharashtra,30.0,Female,20308.61,2025-12,2025
ORD002880,CUST0251,2025-03-18,Laptop Stand,Electronics,5,56048.41,0.15,Credit Card,Thiruvananthapuram,Kerala,41.0,Male,238205.74,2025-03,2025
ORD000926,CUST0792,2024-03-06,Cookware Set,Home & Kitchen,1,4904.13,0.05,Credit Card,Kochi,Kerala,38.0,Female,4658.92,2024-03,2024
ORD004122,CUST0744,2025-02-12,Yoga Mat,Sports,2,6989.28,0.1,Credit Card,Mysuru,Karnataka,36.0,Male,12580.7,2025-02,2025
ORD004875,CUST0327,2024-04-15,Coffee Maker,Home & Kitchen,1,809.22,0.1,UPI,Mysuru,Karnataka,18.0,Male,728.3,2024-04,2024
ORD005737,CUST0922,2024-04-09,Dumbbells,Sports,2,6969.98,0.1,UPI,Nagpur,Maharashtra,28.0,Male,12545.96,2024-04,2024
ORD002866,CUST0044,2024-09-16,Shampoo,Beauty,1,2954.23,0.15,Cash on Delivery,Mysuru,Karnataka,38.0,Male,2511.1,2024-09,2024
ORD005952,CUST0423,2024-04-05,Face Wash,Beauty,3,425.32,0.1,UPI,Thiruvananthapuram,Kerala,24.0,Male,1148.36,2024-04,2024
ORD001174,CUST0571,2025-12-31,Mixer Grinder,Home & Kitchen,3,1317.48,0.1,UPI,Thiruvananthapuram,Kerala,26.0,Female,3557.2,2025-12,2025
ORD003361,CUST0061,2024-02-25,Perfume,Beauty,2,3386.29,0.05,UPI,New Delhi,Delhi,18.0,Male,6433.95,2024-02,2024
ORD003198,CUST0924,2024-04-25,Laptop Stand,Electronics,3,63186.85,0.05,UPI,Hyderabad,Telangana,43.0,Female,180082.52,2024-04,2024
ORD000945,CUST0198,2025-04-01,Sneakers,Fashion,3,4204.17,0.05,Credit Card,Kochi,Kerala,27.0,Female,11981.88,2025-04,2025
ORD004770,CUST1107,2025-09-14,Running Shoes,Sports,5,9329.34,0.05,Credit Card,Bengaluru,Karnataka,32.0,Male,44314.36,2025-09,2025
ORD002289,CUST0385,2025-12-27,Laptop Stand,Electronics,1,20449.06,0.1,,Kochi,Kerala,38.0,Female,18404.15,2025-12,2025
ORD000013,CUST1137,2025-10-25,Smart Watch,Electronics,1,3721.45,0.1,Credit Card,Warangal,Telangana,,Male,3349.3,2025-10,2025
ORD001118,CUST0149,2024-06-09,Jacket,Fashion,2,4726.19,0.05,Debit Card,New Delhi,Delhi,44.0,Female,8979.76,2024-06,2024
ORD004366,CUST1183,2024-05-15,Jacket,Fashion,4,714.2,0.05,UPI,Warangal,Telangana,21.0,Male,2713.96,2024-05,2024
ORD003656,CUST0914,2025-03-03,Moisturizer,Beauty,4,3318.64,0.1,Cash on Delivery,Warangal,Telangana,31.0,Female,11947.1,2025-03,2025
ORD005696,CUST0841,2024-02-12,Backpack,Fashion,2,4074.37,0.05,Net Banking,Bengaluru,Karnataka,32.0,Male,7741.3,2024-02,2024
ORD000643,CUST0418,2024-08-26,Mixer Grinder,Home & Kitchen,1,1047.88,0.1,UPI,Mysuru,Karnataka,24.0,Male,943.09,2024-08,2024
ORD002590,CUST0629,2025-09-14,Jeans,Fashion,1,2447.32,0.1,Debit Card,Thiruvananthapuram,Kerala,33.0,Male,2202.59,2025-09,2025
ORD004708,CUST0459,2025-12-25,Moisturizer,Beauty,1,2895.14,0.0,Credit Card,Salem,Tamil Nadu,32.0,Female,2895.14,2025-12,2025
ORD002679,CUST0096,2025-01-14,Wireless Headphones,Electronics,2,49427.12,0.2,Debit Card,Thiruvananthapuram,Kerala,31.0,Female,79083.39,2025-01,2025
ORD004293,CUST0296,2025-08-10,Mixer Grinder,Home & Kitchen,1,13118.87,0.2,UPI,Pune,Maharashtra,20.0,Male,10495.1,2025-08,2025
ORD005080,CUST0315,2024-01-03,Yoga Mat,Sports,1,2906.96,0.1,UPI,Salem,Tamil Nadu,35.0,Male,2616.26,2024-01,2024
ORD005488,CUST0295,2024-04-24,Sneakers,Fashion,1,721.69,0.15,Credit Card,Hyderabad,Telangana,18.0,Male,613.44,2024-04,2024
ORD002923,CUST0407,2025-06-09,Running Shoes,Sports,2,1610.36,0.1,Cash on Delivery,Kochi,Kerala,32.0,Female,2898.65,2025-06,2025
ORD002536,CUST0037,2025-03-13,Yoga Mat,Sports,2,3543.11,0.15,UPI,Pune,Maharashtra,39.0,Male,6023.29,2025-03,2025
ORD004766,CUST1027,2025-03-16,Bedsheet,Home & Kitchen,1,7565.93,0.05,UPI,Mysuru,Karnataka,27.0,Female,7187.63,2025-03,2025
ORD002265,CUST0986,2025-03-31,Cookware Set,Home & Kitchen,4,10183.31,0.15,Net Banking,New Delhi,Delhi,43.0,Male,34623.25,2025-03,2025
ORD000654,CUST1075,2024-02-21,Dumbbells,Sports,1,589.49,0.15,UPI,Pune,Maharashtra,20.0,Female,501.07,2024-02,2024
ORD000430,CUST0111,2024-05-23,Sneakers,Fashion,1,5208.71,0.15,Debit Card,Mangaluru,Karnataka,33.0,Female,4427.4,2024-05,2024
ORD003751,CUST0129,2024-08-09,Wireless Headphones,Electronics,2,33282.9,0.1,UPI,New Delhi,Delhi,24.0,Female,59909.22,2024-08,2024
ORD003316,CUST0407,2025-06-27,Dumbbells,Sports,2,5205.06,0.1,UPI,New Delhi,Delhi,34.0,Female,9369.11,2025-06,2025
ORD002518,CUST0875,2024-03-14,Football,Sports,3,9974.54,0.0,,Pune,Maharashtra,30.0,Male,29923.62,2024-03,2024
ORD004012,CUST1163,2025-08-17,Bluetooth Speaker,Electronics,2,50347.0,0.05,Debit Card,Mangaluru,Karnataka,43.0,Male,95659.3,2025-08,2025
ORD003163,CUST0684,2025-09-11,Bedsheet,Home & Kitchen,3,3850.56,0.0,UPI,Mumbai,Maharashtra,30.0,Female,11551.68,2025-09,2025
ORD003606,CUST0147,2024-10-08,Sunscreen,Beauty,1,3114.92,0.1,UPI,Mumbai,Maharashtra,39.0,Male,2803.43,2024-10,2024
ORD000839,CUST0650,2025-02-10,Sneakers,Fashion,2,4924.61,0.05,UPI,Hyderabad,Telangana,22.0,Female,9356.76,2025-02,2025
ORD001088,CUST0848,2025-12-05,Running Shoes,Sports,1,5870.25,0.0,Credit Card,Trichy,Tamil Nadu,28.0,Female,5870.25,2025-12,2025
ORD001729,CUST0921,2025-11-05,SQL Guide,Books,1,2323.95,0.15,Debit Card,Coimbatore,Tamil Nadu,33.0,Male,1975.36,2025-11,2025
ORD005808,CUST1017,2024-05-17,Bedsheet,Home & Kitchen,1,7115.99,0.1,UPI,Mysuru,Karnataka,26.0,Female,6404.39,2024-05,2024
ORD001320,CUST1165,2025-04-09,Football,Sports,1,1118.8,0.15,Debit Card,Nagpur,Maharashtra,38.0,Male,950.98,2025-04,2025
ORD001331,CUST0210,2025-11-13,Laptop Stand,Electronics,2,18601.01,0.1,Debit Card,New Delhi,Delhi,46.0,Female,33481.82,2025-11,2025
ORD004155,CUST0394,2025-11-16,Business Analytics,Books,1,1831.9,0.1,Credit Card,Kochi,Kerala,34.0,Female,1648.71,2025-11,2025
ORD000857,CUST0370,2025-09-13,Shampoo,Beauty,1,2263.26,0.15,Cash on Delivery,Pune,Maharashtra,29.0,Male,1923.77,2025-09,2025
ORD001420,CUST0259,2024-09-10,Smart Watch,Electronics,3,12486.57,0.05,Debit Card,New Delhi,Delhi,25.0,Male,35586.72,2024-09,2024
ORD002516,CUST0851,2024-03-18,Table Lamp,Home & Kitchen,1,11729.97,0.0,Credit Card,Salem,Tamil Nadu,21.0,Female,11729.97,2024-03,2024
ORD002300,CUST0382,2024-05-10,Power Bank,Electronics,1,12551.56,0.0,UPI,New Delhi,Delhi,38.0,Male,12551.56,2024-05,2024
ORD003537,CUST0401,2024-08-08,Perfume,Beauty,3,643.75,0.05,Debit Card,Trichy,Tamil Nadu,29.0,Male,1834.69,2024-08,2024
ORD001609,CUST1200,2025-08-23,Jacket,Fashion,1,2903.06,0.2,UPI,Pune,Maharashtra,40.0,Male,2322.45,2025-08,2025
ORD005199,CUST0820,2025-08-15,Laptop Stand,Electronics,1,70963.78,0.05,Credit Card,New Delhi,Delhi,22.0,Male,67415.59,2025-08,2025
ORD000694,CUST1085,2025-03-26,T-Shirt,Fashion,4,2462.45,0.05,Credit Card,New Delhi,Delhi,21.0,Male,9357.31,2025-03,2025
ORD004141,CUST0517,2025-11-07,Wireless Headphones,Electronics,1,46114.49,0.1,UPI,New Delhi,Delhi,33.0,Male,41503.04,2025-11,2025
ORD002667,CUST0955,2025-09-16,Bedsheet,Home & Kitchen,1,4588.29,0.1,UPI,Warangal,Telangana,39.0,Female,4129.46,2025-09,2025
ORD000189,CUST0985,2025-07-22,Business Analytics,Books,1,1215.0,0.15,UPI,Mysuru,Karnataka,38.0,Female,1032.75,2025-07,2025
ORD000288,CUST0917,2025-07-13,Laptop Stand,Electronics,2,2019.28,0.1,UPI,Mysuru,Karnataka,33.0,Female,3634.7,2025-07,2025
ORD003411,CUST0324,2024-09-25,Bluetooth Speaker,Electronics,2,34054.2,0.05,Credit Card,Bengaluru,Karnataka,22.0,Male,64702.98,2024-09,2024
ORD005537,CUST0331,2024-01-03,Wireless Headphones,Electronics,4,34211.2,0.15,Debit Card,Mangaluru,Karnataka,24.0,Male,116318.08,2024-01,2024
ORD004206,CUST0834,2025-09-10,Business Analytics,Books,1,551.55,0.1,Credit Card,Salem,Tamil Nadu,30.0,Female,496.4,2025-09,2025
ORD003967,CUST0909,2025-11-07,Football,Sports,1,8456.44,0.1,Credit Card,Pune,Maharashtra,32.0,Male,7610.8,2025-11,2025
ORD003772,CUST1179,2024-05-09,Dumbbells,Sports,2,5679.09,0.1,,Mangaluru,Karnataka,18.0,Female,10222.36,2024-05,2024
ORD003216,CUST0989,2024-08-23,Mixer Grinder,Home & Kitchen,2,3977.44,0.0,,Thiruvananthapuram,Kerala,27.0,Male,7954.88,2024-08,2024
ORD002334,CUST1098,2024-12-08,Sunscreen,Beauty,5,880.07,0.05,UPI,New Delhi,Delhi,22.0,Female,4180.33,2024-12,2024
ORD005982,CUST0861,2025-01-15,Sneakers,Fashion,1,1821.34,0.15,UPI,Warangal,Telangana,31.0,Male,1548.14,2025-01,2025
ORD004095,CUST0047,2025-06-11,Football,Sports,1,3621.62,0.05,Debit Card,Mangaluru,Karnataka,27.0,Male,3440.54,2025-06,2025
ORD002145,CUST0770,2025-11-06,Wireless Headphones,Electronics,3,18342.86,0.15,Credit Card,Mumbai,Maharashtra,29.0,Female,46774.29,2025-11,2025
ORD002981,CUST0905,2025-10-14,Jeans,Fashion,1,5809.01,0.0,Cash on Delivery,Hyderabad,Telangana,33.0,Other,5809.01,2025-10,2025
ORD000211,CUST1151,2025-05-28,Table Lamp,Home & Kitchen,3,9185.19,0.0,UPI,New Delhi,Delhi,31.0,Male,27555.57,2025-05,2025
ORD005608,CUST1166,2024-08-15,Power Bank,Electronics,1,23865.41,0.15,UPI,New Delhi,Delhi,23.0,Female,20285.6,2024-08,2024
ORD004997,CUST0198,2024-06-19,Machine Learning Book,Books,2,1008.36,0.0,UPI,Warangal,Telangana,30.0,Female,2016.72,2024-06,2024
ORD003107,CUST0287,2025-11-03,Mixer Grinder,Home & Kitchen,1,13104.51,0.0,Debit Card,Coimbatore,Tamil Nadu,32.0,Female,13104.51,2025-11,2025
ORD000074,CUST0627,2024-04-04,Perfume,Beauty,3,3846.53,0.05,UPI,Mangaluru,Karnataka,22.0,Female,10962.61,2024-04,2024
ORD005766,CUST0611,2024-09-04,Cookware Set,Home & Kitchen,2,2204.83,0.2,UPI,Mysuru,Karnataka,31.0,Female,3527.73,2024-09,2024
ORD002829,CUST0145,2025-03-16,Laptop Stand,Electronics,3,71511.08,0.05,Cash on Delivery,Mysuru,Karnataka,41.0,Female,203806.58,2025-03,2025
ORD004783,CUST0673,2025-01-04,Machine Learning Book,Books,1,1263.95,0.05,Cash on Delivery,Kochi,Kerala,25.0,Male,1200.75,2025-01,2025
ORD005945,CUST0606,2025-11-29,Power Bank,Electronics,3,64421.97,0.15,Cash on Delivery,Mysuru,Karnataka,18.0,Female,164276.02,2025-11,2025
ORD004247,CUST1003,2025-06-29,Python Programming,Books,3,1125.66,0.0,Debit Card,Mumbai,Maharashtra,27.0,Male,3376.98,2025-06,2025
ORD002822,CUST0503,2024-01-20,Dumbbells,Sports,3,8323.86,0.0,UPI,Hyderabad,Telangana,18.0,Male,24971.58,2024-01,2024
ORD003306,CUST0861,2024-09-13,Mixer Grinder,Home & Kitchen,1,1211.0,0.0,Credit Card,Madurai,Tamil Nadu,33.0,Female,1211.0,2024-09,2024
ORD005595,CUST0351,2024-06-15,T-Shirt,Fashion,2,4405.34,0.15,Credit Card,Warangal,Telangana,36.0,Male,7489.08,2024-06,2024
ORD002146,CUST0311,2024-08-30,Bluetooth Speaker,Electronics,1,18880.18,0.0,UPI,Warangal,Telangana,34.0,Female,18880.18,2024-08,2024
ORD001232,CUST0230,2025-04-03,Wireless Headphones,Electronics,2,24186.33,0.0,UPI,Warangal,Telangana,40.0,Female,48372.66,2025-04,2025
ORD005353,CUST0030,2024-04-11,Sneakers,Fashion,2,2392.41,0.15,Debit Card,Hyderabad,Telangana,26.0,Female,4067.1,2024-04,2024
ORD003341,CUST0110,2024-07-28,Backpack,Fashion,1,2083.18,0.0,Debit Card,Warangal,Telangana,42.0,Female,2083.18,2024-07,2024
ORD005867,CUST0275,2024-12-07,Table Lamp,Home & Kitchen,2,3888.01,0.2,Net Banking,Nagpur,Maharashtra,26.0,Female,6220.82,2024-12,2024
ORD004392,CUST0904,2025-10-31,Backpack,Fashion,3,497.96,0.1,UPI,Kochi,Kerala,27.0,Female,1344.49,2025-10,2025
ORD000114,CUST0704,2024-09-26,Perfume,Beauty,3,342.2,0.0,UPI,Hyderabad,Telangana,25.0,Male,1026.6,2024-09,2024
ORD005087,CUST0989,2025-07-08,Wireless Headphones,Electronics,1,42014.53,0.1,Cash on Delivery,New Delhi,Delhi,32.0,Female,37813.08,2025-07,2025
ORD004260,CUST0475,2024-09-09,SQL Guide,Books,3,2268.34,0.0,Net Banking,Bengaluru,Karnataka,37.0,Male,6805.02,2024-09,2024
ORD005442,CUST0244,2025-11-14,Shampoo,Beauty,1,273.83,0.0,Net Banking,Coimbatore,Tamil Nadu,45.0,Male,273.83,2025-11,2025
ORD003196,CUST0202,2024-12-08,Smart Watch,Electronics,3,2722.15,0.0,Cash on Delivery,Mysuru,Karnataka,29.0,Male,8166.45,2024-12,2024
ORD002457,CUST1054,2024-01-22,Laptop Stand,Electronics,3,13138.02,0.05,UPI,Bengaluru,Karnataka,41.0,Male,37443.36,2024-01,2024
ORD002949,CUST0671,2024-01-13,Backpack,Fashion,3,3096.06,0.15,Cash on Delivery,Salem,Tamil Nadu,18.0,Male,7894.95,2024-01,2024
ORD001840,CUST0735,2025-04-10,Jeans,Fashion,1,4884.28,0.15,Cash on Delivery,Mumbai,Maharashtra,33.0,Female,4151.64,2025-04,2025
ORD001963,CUST1013,2024-11-27,T-Shirt,Fashion,3,4876.22,0.1,UPI,Salem,Tamil Nadu,23.0,Male,13165.79,2024-11,2024
ORD001893,CUST0548,2025-06-13,Wireless Headphones,Electronics,3,77525.27,0.1,Debit Card,New Delhi,Delhi,31.0,Female,209318.23,2025-06,2025
ORD001826,CUST0701,2024-02-22,Backpack,Fashion,2,5432.48,0.1,Net Banking,Kochi,Kerala,18.0,Female,9778.46,2024-02,2024
ORD004340,CUST0439,2025-12-16,Cookware Set,Home & Kitchen,3,1542.39,0.05,Credit Card,New Delhi,Delhi,25.0,Female,4395.81,2025-12,2025
ORD004447,CUST0595,2024-11-03,Dumbbells,Sports,2,4314.89,0.0,Debit Card,New Delhi,Delhi,44.0,Male,8629.78,2024-11,2024
ORD003459,CUST0372,2025-11-03,Bedsheet,Home & Kitchen,2,9118.35,0.05,,Coimbatore,Tamil Nadu,34.0,Male,17324.87,2025-11,2025
ORD003536,CUST0289,2024-12-26,Bluetooth Speaker,Electronics,1,64770.33,0.05,Cash on Delivery,Chennai,Tamil Nadu,38.0,Male,61531.81,2024-12,2024
ORD000253,CUST0175,2025-11-28,Running Shoes,Sports,3,2621.0,0.1,Credit Card,Thiruvananthapuram,Kerala,18.0,Male,7076.7,2025-11,2025
ORD000351,CUST0368,2024-07-01,T-Shirt,Fashion,3,1370.72,0.05,UPI,Mysuru,Karnataka,32.0,Female,3906.55,2024-07,2024
ORD002759,CUST1066,2025-08-23,Jacket,Fashion,1,2692.9,0.05,Debit Card,Trichy,Tamil Nadu,35.0,Male,2558.26,2025-08,2025
ORD004553,CUST0973,2025-12-29,Moisturizer,Beauty,3,2062.39,0.15,Credit Card,Hyderabad,Telangana,31.0,Female,5259.09,2025-12,2025
ORD000458,CUST0157,2024-01-14,Jeans,Fashion,1,1839.55,0.05,UPI,Nagpur,Maharashtra,29.0,Female,1747.57,2024-01,2024
ORD005845,CUST1107,2024-02-24,Perfume,Beauty,4,2077.37,0.15,UPI,Bengaluru,Karnataka,30.0,Male,7063.06,2024-02,2024
ORD000480,CUST0924,2024-02-09,Perfume,Beauty,1,2562.33,0.0,UPI,Thiruvananthapuram,Kerala,33.0,Male,2562.33,2024-02,2024
ORD001115,CUST0814,2025-04-01,Bedsheet,Home & Kitchen,1,3249.13,0.0,Debit Card,Hyderabad,Telangana,18.0,Male,3249.13,2025-04,2025
ORD000799,CUST0131,2025-08-17,Yoga Mat,Sports,3,590.62,0.05,Cash on Delivery,Madurai,Tamil Nadu,31.0,Female,1683.27,2025-08,2025
ORD004222,CUST0769,2025-06-01,Machine Learning Book,Books,5,519.62,0.1,Credit Card,Kochi,Kerala,30.0,Female,2338.29,2025-06,2025
ORD002674,CUST0619,2025-11-17,SQL Guide,Books,1,2158.85,0.05,Credit Card,Hyderabad,Telangana,30.0,Male,2050.91,2025-11,2025
ORD003096,CUST0725,2025-10-11,Laptop Stand,Electronics,1,43437.89,0.15,Net Banking,Thiruvananthapuram,Kerala,34.0,Female,36922.21,2025-10,2025
ORD000027,CUST0834,2024-12-19,Sneakers,Fashion,1,609.15,0.15,UPI,Madurai,Tamil Nadu,18.0,Female,517.78,2024-12,2024
ORD003076,CUST0814,2024-01-14,Backpack,Fashion,1,4379.29,0.05,Cash on Delivery,Hyderabad,Telangana,18.0,Male,4160.33,2024-01,2024
ORD002751,CUST0971,2025-03-15,Face Wash,Beauty,3,3627.21,0.05,UPI,New Delhi,Delhi,36.0,Female,10337.55,2025-03,2025
ORD003271,CUST0918,2024-09-02,Sunscreen,Beauty,1,2998.6,0.0,UPI,Bengaluru,Karnataka,20.0,Female,2998.6,2024-09,2024
ORD001748,CUST0755,2024-06-13,Bedsheet,Home & Kitchen,1,4964.02,0.15,Credit Card,Bengaluru,Karnataka,28.0,Male,4219.42,2024-06,2024
ORD001288,CUST0968,2025-08-05,Backpack,Fashion,1,1055.45,0.1,UPI,Coimbatore,Tamil Nadu,37.0,Female,949.91,2025-08,2025
ORD001282,CUST0694,2024-12-27,Wireless Headphones,Electronics,1,35658.33,0.05,Debit Card,New Delhi,Delhi,22.0,Male,33875.41,2024-12,2024
ORD004935,CUST0525,2025-10-01,Laptop Stand,Electronics,1,12772.9,0.0,Debit Card,New Delhi,Delhi,25.0,Female,12772.9,2025-10,2025
ORD002620,CUST0766,2025-03-28,Jeans,Fashion,2,1289.83,0.1,Cash on Delivery,Mumbai,Maharashtra,44.0,Female,2321.69,2025-03,2025
ORD002064,CUST0999,2024-06-21,Wireless Headphones,Electronics,2,45552.09,0.1,Credit Card,Hyderabad,Telangana,37.0,Female,81993.76,2024-06,2024
ORD002192,CUST0570,2025-12-29,Jacket,Fashion,5,2872.49,0.05,UPI,Mangaluru,Karnataka,34.0,Female,13644.33,2025-12,2025
ORD004650,CUST0876,2024-07-14,Moisturizer,Beauty,5,1144.11,0.1,Debit Card,Mumbai,Maharashtra,42.0,Male,5148.5,2024-07,2024
ORD005155,CUST0434,2024-07-18,Bedsheet,Home & Kitchen,2,6903.97,0.15,UPI,New Delhi,Delhi,32.0,Female,11736.75,2024-07,2024
ORD004718,CUST0349,2025-06-26,Bedsheet,Home & Kitchen,2,10359.24,0.0,Cash on Delivery,Madurai,Tamil Nadu,48.0,Male,20718.48,2025-06,2025
ORD001952,CUST0453,2024-06-04,Perfume,Beauty,4,308.45,0.1,UPI,Madurai,Tamil Nadu,23.0,Female,1110.42,2024-06,2024
ORD004579,CUST0761,2024-08-14,Mixer Grinder,Home & Kitchen,2,9106.5,0.1,Cash on Delivery,Warangal,Telangana,21.0,Male,16391.7,2024-08,2024
ORD002918,CUST0153,2025-09-28,Yoga Mat,Sports,1,787.26,0.2,UPI,Hyderabad,Telangana,22.0,Male,629.81,2025-09,2025
ORD004936,CUST0920,2025-11-01,Cricket Bat,Sports,4,1686.09,0.1,Credit Card,Madurai,Tamil Nadu,30.0,Female,6069.92,2025-11,2025
ORD000608,CUST0029,2024-07-14,Dumbbells,Sports,3,1260.17,0.05,Cash on Delivery,Kochi,Kerala,43.0,Female,3591.48,2024-07,2024
ORD004094,CUST1044,2024-01-19,Wireless Headphones,Electronics,3,6513.63,0.0,UPI,Mysuru,Karnataka,26.0,Female,19540.89,2024-01,2024
ORD004804,CUST0670,2025-08-15,Moisturizer,Beauty,2,3592.72,0.15,Net Banking,Hyderabad,Telangana,28.0,Male,6107.62,2025-08,2025
ORD003405,CUST0803,2025-07-12,Shampoo,Beauty,1,506.2,0.05,Credit Card,Mysuru,Karnataka,22.0,Female,480.89,2025-07,2025
ORD005857,CUST0627,2025-07-12,Football,Sports,2,4764.99,0.15,Debit Card,Hyderabad,Telangana,20.0,Male,8100.48,2025-07,2025
ORD003942,CUST0535,2024-12-22,Mixer Grinder,Home & Kitchen,2,611.04,0.05,UPI,Pune,Maharashtra,28.0,Female,1160.98,2024-12,2024
ORD004853,CUST0592,2024-04-06,Mixer Grinder,Home & Kitchen,2,12852.92,0.05,UPI,Thiruvananthapuram,Kerala,20.0,Female,24420.55,2024-04,2024
ORD005894,CUST0604,2024-08-14,Wireless Headphones,Electronics,1,9819.24,0.0,Credit Card,Kochi,Kerala,27.0,Female,9819.24,2024-08,2024
ORD004507,CUST0390,2024-01-18,Football,Sports,3,8773.58,0.0,Cash on Delivery,Kochi,Kerala,21.0,Female,26320.74,2024-01,2024
ORD000204,CUST1099,2024-12-03,Face Wash,Beauty,5,2628.03,0.0,Debit Card,Thiruvananthapuram,Kerala,23.0,Male,13140.15,2024-12,2024
ORD000340,CUST1082,2024-09-29,Bluetooth Speaker,Electronics,1,19661.21,0.15,Credit Card,Kochi,Kerala,43.0,Male,16712.03,2024-09,2024
ORD000838,CUST0718,2024-06-09,Sneakers,Fashion,1,981.14,0.15,UPI,Chennai,Tamil Nadu,35.0,Male,833.97,2024-06,2024
ORD004360,CUST0323,2024-06-01,Perfume,Beauty,2,873.48,0.1,UPI,New Delhi,Delhi,34.0,Male,1572.26,2024-06,2024
ORD000388,CUST0641,2024-03-12,Sneakers,Fashion,2,5292.26,0.2,Credit Card,New Delhi,Delhi,39.0,Male,8467.62,2024-03,2024
ORD004153,CUST0417,2024-12-16,Table Lamp,Home & Kitchen,2,6241.31,0.05,UPI,Bengaluru,Karnataka,18.0,Other,11858.49,2024-12,2024
ORD004823,CUST1100,2024-11-10,Wireless Headphones,Electronics,5,79980.93,0.1,Cash on Delivery,Hyderabad,Telangana,19.0,Male,359914.18,2024-11,2024
ORD002577,CUST0091,2024-07-07,Jacket,Fashion,1,2755.58,0.05,Cash on Delivery,Warangal,Telangana,21.0,Male,2617.8,2024-07,2024
ORD003784,CUST1042,2025-02-11,Business Analytics,Books,2,1134.98,0.05,Cash on Delivery,New Delhi,Delhi,32.0,Male,2156.46,2025-02,2025
ORD003024,CUST1004,2024-09-16,Backpack,Fashion,5,5891.54,0.05,UPI,Coimbatore,Tamil Nadu,25.0,Male,27984.82,2024-09,2024
ORD003427,CUST1115,2025-06-08,Laptop Stand,Electronics,2,47307.51,0.2,Credit Card,Mangaluru,Karnataka,32.0,Male,75692.02,2025-06,2025
ORD003384,CUST0190,2025-06-17,Cookware Set,Home & Kitchen,2,8014.7,0.0,UPI,Nagpur,Maharashtra,61.0,Female,16029.4,2025-06,2025
ORD004666,CUST1144,2025-05-12,Machine Learning Book,Books,1,580.46,0.15,UPI,Salem,Tamil Nadu,38.0,Female,493.39,2025-05,2025
ORD002234,CUST1119,2024-01-10,Machine Learning Book,Books,4,337.68,0.0,UPI,Kochi,Kerala,20.0,Female,1350.72,2024-01,2024
ORD001651,CUST0022,2024-08-25,Mixer Grinder,Home & Kitchen,1,4828.16,0.1,Credit Card,Nagpur,Maharashtra,34.0,Male,4345.34,2024-08,2024
ORD003248,CUST0243,2025-06-09,Shampoo,Beauty,1,1943.85,0.05,Credit Card,Warangal,Telangana,36.0,Other,1846.66,2025-06,2025
ORD004907,CUST1198,2024-12-10,Data Analytics Book,Books,2,1999.62,0.05,UPI,Coimbatore,Tamil Nadu,32.0,Female,3799.28,2024-12,2024
ORD000678,CUST0988,2025-07-24,Coffee Maker,Home & Kitchen,4,14272.52,0.1,UPI,New Delhi,Delhi,37.0,Female,51381.07,2025-07,2025
ORD003862,CUST0877,2025-09-24,Jeans,Fashion,1,2435.23,0.0,UPI,Pune,Maharashtra,42.0,Female,2435.23,2025-09,2025
ORD001540,CUST0568,2024-11-02,Smart Watch,Electronics,3,28404.89,0.1,UPI,Pune,Maharashtra,35.0,Female,76693.2,2024-11,2024
ORD001917,CUST0197,2025-12-11,SQL Guide,Books,1,2404.68,0.0,UPI,Kochi,Kerala,29.0,Female,2404.68,2025-12,2025
ORD000062,CUST0692,2025-09-04,Moisturizer,Beauty,2,1139.6,0.0,UPI,Nagpur,Maharashtra,25.0,Other,2279.2,2025-09,2025
ORD003660,CUST0575,2024-09-02,Sneakers,Fashion,2,1699.5,0.1,UPI,Nagpur,Maharashtra,18.0,Female,3059.1,2024-09,2024
ORD004138,CUST0924,2025-06-15,Mixer Grinder,Home & Kitchen,4,3709.54,0.15,UPI,Kochi,Kerala,25.0,Female,12612.44,2025-06,2025
ORD004358,CUST1170,2024-09-26,Bedsheet,Home & Kitchen,2,3879.08,0.0,UPI,New Delhi,Delhi,34.0,Female,7758.16,2024-09,2024
ORD001481,CUST0578,2025-05-25,Moisturizer,Beauty,3,1200.51,0.15,Credit Card,New Delhi,Delhi,31.0,Female,3061.3,2025-05,2025
ORD000791,CUST0673,2024-12-09,Wireless Headphones,Electronics,1,58879.57,0.0,Credit Card,Nagpur,Maharashtra,20.0,Female,58879.57,2024-12,2024
ORD001671,CUST0516,2024-02-09,Table Lamp,Home & Kitchen,2,14050.7,0.0,Credit Card,Mangaluru,Karnataka,18.0,Male,28101.4,2024-02,2024
ORD003209,CUST0234,2024-06-29,Sneakers,Fashion,2,2091.5,0.05,Net Banking,Mysuru,Karnataka,21.0,Male,3973.85,2024-06,2024
ORD005435,CUST0549,2025-03-18,Jeans,Fashion,3,4603.48,0.15,Credit Card,Thiruvananthapuram,Kerala,39.0,Female,11738.87,2025-03,2025
ORD003117,CUST0157,2025-01-23,Smart Watch,Electronics,1,10186.73,0.05,Debit Card,New Delhi,Delhi,27.0,Female,9677.39,2025-01,2025
ORD004948,CUST0065,2025-10-28,Business Analytics,Books,1,1348.63,0.1,Net Banking,Coimbatore,Tamil Nadu,48.0,Female,1213.77,2025-10,2025
ORD004236,CUST1133,2024-10-13,Table Lamp,Home & Kitchen,2,9375.95,0.1,Credit Card,Chennai,Tamil Nadu,30.0,Female,16876.71,2024-10,2024
ORD005342,CUST1070,2024-05-15,Bluetooth Speaker,Electronics,1,63878.29,0.05,Credit Card,Hyderabad,Telangana,37.0,Male,60684.38,2024-05,2024
ORD003750,CUST0128,2024-09-07,Smart Watch,Electronics,2,36893.04,0.05,Cash on Delivery,Madurai,Tamil Nadu,23.0,Male,70096.78,2024-09,2024
ORD004400,CUST0237,2025-09-17,Coffee Maker,Home & Kitchen,3,5450.71,0.1,UPI,Hyderabad,Telangana,39.0,Male,14716.92,2025-09,2025
ORD002597,CUST0926,2024-05-17,Business Analytics,Books,3,499.33,0.15,Cash on Delivery,Bengaluru,Karnataka,39.0,Male,1273.29,2024-05,2024
ORD004005,CUST0767,2024-12-25,Mixer Grinder,Home & Kitchen,2,2626.97,0.1,UPI,New Delhi,Delhi,32.0,Female,4728.55,2024-12,2024
ORD002094,CUST0451,2024-02-18,Table Lamp,Home & Kitchen,1,10904.43,0.1,Credit Card,Kochi,Kerala,35.0,Female,9813.99,2024-02,2024
ORD000734,CUST0728,2024-01-17,Dumbbells,Sports,1,9477.19,0.05,Credit Card,New Delhi,Delhi,36.0,Female,9003.33,2024-01,2024
ORD003691,CUST1113,2025-11-19,Bedsheet,Home & Kitchen,3,2235.49,0.0,UPI,Chennai,Tamil Nadu,30.0,Male,6706.47,2025-11,2025
ORD004550,CUST1157,2025-01-16,Jeans,Fashion,3,856.29,0.1,Credit Card,New Delhi,Delhi,24.0,Male,2311.98,2025-01,2025
ORD003957,CUST0041,2025-07-08,Cricket Bat,Sports,4,1173.58,0.1,Credit Card,Warangal,Telangana,38.0,Male,4224.89,2025-07,2025
ORD005090,CUST0499,2024-10-19,Cookware Set,Home & Kitchen,4,7854.69,0.1,UPI,Nagpur,Maharashtra,25.0,Male,28276.88,2024-10,2024
ORD001841,CUST1128,2024-10-21,Table Lamp,Home & Kitchen,3,12154.87,0.2,Credit Card,Thiruvananthapuram,Kerala,33.0,Male,29171.69,2024-10,2024
ORD002852,CUST1041,2024-11-28,Smart Watch,Electronics,2,75981.08,0.1,Net Banking,Thiruvananthapuram,Kerala,41.0,Female,136765.94,2024-11,2024
ORD000528,CUST0536,2024-04-12,T-Shirt,Fashion,1,5742.05,0.0,Debit Card,Chennai,Tamil Nadu,42.0,Male,5742.05,2024-04,2024
ORD003304,CUST0449,2025-09-29,Jeans,Fashion,1,2545.38,0.15,Debit Card,Salem,Tamil Nadu,30.0,Female,2163.57,2025-09,2025
ORD005660,CUST0788,2024-01-14,Yoga Mat,Sports,2,9260.69,0.2,UPI,Warangal,Telangana,30.0,Female,14817.1,2024-01,2024
ORD002510,CUST0721,2024-07-07,Cricket Bat,Sports,1,5344.99,0.0,UPI,Salem,Tamil Nadu,24.0,Male,5344.99,2024-07,2024
ORD002229,CUST0664,2025-10-15,Sneakers,Fashion,2,4593.74,0.0,Credit Card,Madurai,Tamil Nadu,33.0,Male,9187.48,2025-10,2025
ORD002095,CUST0385,2024-11-13,Bedsheet,Home & Kitchen,1,5022.37,0.0,Credit Card,New Delhi,Delhi,35.0,Male,5022.37,2024-11,2024
ORD004336,CUST0789,2025-11-18,Shampoo,Beauty,2,505.44,0.05,Net Banking,Trichy,Tamil Nadu,27.0,Other,960.34,2025-11,2025
ORD000804,CUST0475,2025-01-28,Mixer Grinder,Home & Kitchen,2,8525.61,0.05,UPI,Mumbai,Maharashtra,37.0,Male,16198.66,2025-01,2025
ORD000858,CUST0428,2025-09-12,Bluetooth Speaker,Electronics,3,36551.49,0.1,Credit Card,Hyderabad,Telangana,25.0,Male,98689.02,2025-09,2025
ORD003471,CUST0849,2025-01-29,Smart Watch,Electronics,1,45103.07,0.05,UPI,Warangal,Telangana,32.0,Female,42847.92,2025-01,2025
ORD002419,CUST0189,2024-03-27,Laptop Stand,Electronics,1,21798.96,0.15,UPI,Nagpur,Maharashtra,43.0,Male,18529.12,2024-03,2024
ORD002755,CUST0824,2024-07-28,Mixer Grinder,Home & Kitchen,2,2841.47,0.1,Credit Card,Thiruvananthapuram,Kerala,27.0,Male,5114.65,2024-07,2024
ORD004680,CUST0534,2024-12-20,Backpack,Fashion,1,489.95,0.05,Cash on Delivery,Mangaluru,Karnataka,18.0,Female,465.45,2024-12,2024
ORD001644,CUST0744,2025-09-07,Cookware Set,Home & Kitchen,3,3365.3,0.2,UPI,Salem,Tamil Nadu,32.0,Male,8076.72,2025-09,2025
ORD000220,CUST0594,2025-02-23,Laptop Stand,Electronics,1,28897.89,0.2,Debit Card,Hyderabad,Telangana,35.0,Male,23118.31,2025-02,2025
ORD005175,CUST1182,2024-02-12,Cricket Bat,Sports,5,9970.6,0.1,UPI,Thiruvananthapuram,Kerala,21.0,Male,44867.7,2024-02,2024
ORD001289,CUST0041,2025-09-29,Face Wash,Beauty,4,381.18,0.15,Debit Card,Kochi,Kerala,19.0,Female,1296.01,2025-09,2025
ORD001116,CUST0210,2025-05-29,Coffee Maker,Home & Kitchen,2,2661.89,0.2,Credit Card,New Delhi,Delhi,34.0,Male,4259.02,2025-05,2025
ORD000583,CUST0234,2024-06-21,Laptop Stand,Electronics,1,31579.57,0.0,Cash on Delivery,Coimbatore,Tamil Nadu,28.0,Male,31579.57,2024-06,2024
ORD003162,CUST0420,2025-03-09,Football,Sports,1,8261.81,0.0,UPI,Mangaluru,Karnataka,28.0,Female,8261.81,2025-03,2025
ORD000044,CUST0824,2025-02-12,Table Lamp,Home & Kitchen,5,8562.07,0.05,UPI,New Delhi,Delhi,35.0,Female,40669.83,2025-02,2025
ORD005772,CUST0446,2024-07-26,Smart Watch,Electronics,3,35837.95,0.05,Debit Card,Thiruvananthapuram,Kerala,18.0,Female,102138.16,2024-07,2024
ORD002452,CUST0129,2025-03-09,Wireless Headphones,Electronics,2,2833.04,0.0,UPI,Mumbai,Maharashtra,45.0,Male,5666.08,2025-03,2025
ORD005950,CUST0045,2024-11-05,Laptop Stand,Electronics,1,61306.72,0.1,UPI,Warangal,Telangana,24.0,Female,55176.05,2024-11,2024
ORD001521,CUST0188,2025-11-30,Football,Sports,3,1210.57,0.2,Debit Card,Nagpur,Maharashtra,28.0,Male,2905.37,2025-11,2025
ORD003129,CUST0025,2025-07-23,Yoga Mat,Sports,1,7486.21,0.0,Credit Card,Kochi,Kerala,18.0,Male,7486.21,2025-07,2025
ORD002132,CUST0655,2025-04-18,Bedsheet,Home & Kitchen,2,3845.09,0.05,Cash on Delivery,Warangal,Telangana,42.0,Male,7305.67,2025-04,2025
ORD001745,CUST0171,2024-10-20,Power Bank,Electronics,3,75286.63,0.0,UPI,Mangaluru,Karnataka,35.0,Male,225859.89,2024-10,2024
ORD005790,CUST0963,2025-04-11,Machine Learning Book,Books,2,1259.94,0.15,Credit Card,Kochi,Kerala,24.0,Male,2141.9,2025-04,2025
ORD001225,CUST0811,2024-12-04,Perfume,Beauty,1,2504.91,0.1,UPI,New Delhi,Delhi,29.0,Male,2254.42,2024-12,2024
ORD002800,CUST0512,2024-05-22,Jacket,Fashion,2,1252.73,,UPI,Mysuru,Karnataka,23.0,Male,2254.91,2024-05,2024
ORD001072,CUST1082,2024-03-25,Coffee Maker,Home & Kitchen,4,2353.01,0.2,Credit Card,Nagpur,Maharashtra,40.0,Male,7529.63,2024-03,2024
ORD000719,CUST0552,2025-03-25,Bluetooth Speaker,Electronics,1,64963.1,0.0,Debit Card,Coimbatore,Tamil Nadu,45.0,Male,64963.1,2025-03,2025
ORD004357,CUST1123,2025-12-17,Yoga Mat,Sports,1,8160.97,0.05,Debit Card,Chennai,Tamil Nadu,33.0,Male,7752.92,2025-12,2025
ORD001962,CUST0831,2024-12-14,Bedsheet,Home & Kitchen,2,8770.69,0.05,UPI,Coimbatore,Tamil Nadu,26.0,Female,16664.31,2024-12,2024
ORD000671,CUST0211,2024-07-17,Jeans,Fashion,1,966.52,0.0,Credit Card,Bengaluru,Karnataka,34.0,Male,966.52,2024-07,2024
ORD003894,CUST0046,2025-04-30,Laptop Stand,Electronics,1,26827.74,0.05,Cash on Delivery,Mumbai,Maharashtra,30.0,Female,25486.35,2025-04,2025
ORD003103,CUST0095,2025-09-05,Face Wash,Beauty,2,2777.84,0.1,Credit Card,Salem,Tamil Nadu,33.0,Male,5000.11,2025-09,2025
ORD002046,CUST0474,2024-11-01,Wireless Headphones,Electronics,3,37431.87,0.0,UPI,New Delhi,Delhi,30.0,Female,112295.61,2024-11,2024
ORD004798,CUST0089,2024-07-04,Jeans,Fashion,2,2001.15,0.15,Credit Card,Mangaluru,Karnataka,26.0,Male,3401.96,2024-07,2024
ORD005954,CUST0346,2025-04-23,Perfume,Beauty,2,1045.44,0.1,Net Banking,Trichy,Tamil Nadu,27.0,Female,1881.79,2025-04,2025
ORD000898,CUST1045,2025-06-01,Backpack,Fashion,1,4569.78,0.0,UPI,Nagpur,Maharashtra,29.0,Male,4569.78,2025-06,2025
ORD001259,CUST0875,2024-07-20,Table Lamp,Home & Kitchen,1,3186.39,0.05,UPI,Mumbai,Maharashtra,30.0,Female,3027.07,2024-07,2024
ORD002856,CUST1090,2025-03-24,Power Bank,Electronics,3,47107.68,0.05,Credit Card,Thiruvananthapuram,Kerala,25.0,Female,134256.89,2025-03,2025
ORD000096,CUST0216,2025-08-14,Sunscreen,Beauty,3,1186.26,0.05,UPI,Salem,Tamil Nadu,25.0,Female,3380.84,2025-08,2025
ORD003022,CUST0917,2024-07-09,Bluetooth Speaker,Electronics,2,39736.52,0.05,Credit Card,Kochi,Kerala,25.0,Male,75499.39,2024-07,2024
ORD003277,CUST0623,2025-05-10,Bluetooth Speaker,Electronics,1,68446.72,0.15,UPI,Trichy,Tamil Nadu,18.0,Other,58179.71,2025-05,2025
ORD000843,CUST0476,2025-12-04,Moisturizer,Beauty,4,3068.8,,Credit Card,New Delhi,Delhi,26.0,Male,11661.44,2025-12,2025
ORD004035,CUST1027,2025-12-29,Power Bank,Electronics,2,44156.33,0.1,UPI,Chennai,Tamil Nadu,28.0,Female,79481.39,2025-12,2025
ORD002706,CUST0450,2024-01-08,Coffee Maker,Home & Kitchen,2,6617.55,0.15,Credit Card,Hyderabad,Telangana,26.0,Male,11249.84,2024-01,2024
ORD004976,CUST0131,2025-02-25,Yoga Mat,Sports,1,4531.85,0.05,Credit Card,Coimbatore,Tamil Nadu,,Male,4305.26,2025-02,2025
ORD002619,CUST0296,2024-11-10,Power Bank,Electronics,2,20478.4,0.1,Debit Card,Mangaluru,Karnataka,26.0,Female,36861.12,2024-11,2024
ORD003419,CUST0662,2025-07-31,Football,Sports,1,4221.88,0.0,Net Banking,Mangaluru,Karnataka,37.0,Male,4221.88,2025-07,2025
ORD004632,CUST1114,2024-08-19,Machine Learning Book,Books,1,1610.93,0.0,UPI,Hyderabad,Telangana,19.0,Male,1610.93,2024-08,2024
ORD005152,CUST0514,2024-01-13,Jacket,Fashion,3,2602.57,0.1,UPI,Warangal,Telangana,31.0,Female,7026.94,2024-01,2024
ORD000323,CUST0888,2025-12-22,Machine Learning Book,Books,1,1498.05,0.1,Cash on Delivery,Hyderabad,Telangana,32.0,Female,1348.24,2025-12,2025
ORD004356,CUST0925,2025-05-06,Mixer Grinder,Home & Kitchen,3,2032.08,0.0,Cash on Delivery,Kochi,Kerala,26.0,Male,6096.24,2025-05,2025
ORD002133,CUST0466,2024-10-27,Table Lamp,Home & Kitchen,1,11590.9,0.05,Debit Card,New Delhi,Delhi,34.0,Male,11011.36,2024-10,2024
ORD003728,CUST0408,2025-11-20,Wireless Headphones,Electronics,1,18146.59,0.1,Credit Card,New Delhi,Delhi,40.0,Male,16331.93,2025-11,2025
ORD000335,CUST1062,2025-03-03,Yoga Mat,Sports,2,9081.33,0.15,Cash on Delivery,Pune,Maharashtra,34.0,Male,15438.26,2025-03,2025
ORD002645,CUST0278,2024-09-12,Yoga Mat,Sports,1,7146.25,0.15,Cash on Delivery,Thiruvananthapuram,Kerala,30.0,Male,6074.31,2024-09,2024
ORD000333,CUST1169,2024-12-08,Jeans,Fashion,1,3464.53,0.2,Debit Card,Madurai,Tamil Nadu,23.0,Male,2771.62,2024-12,2024
ORD000834,CUST0150,2024-05-16,Wireless Headphones,Electronics,1,21812.8,0.0,Debit Card,Hyderabad,Telangana,36.0,Female,21812.8,2024-05,2024
ORD002535,CUST0259,2025-06-08,Laptop Stand,Electronics,3,67994.49,0.1,Debit Card,Pune,Maharashtra,23.0,Female,183585.12,2025-06,2025
ORD002168,CUST0419,2025-08-22,Running Shoes,Sports,2,1463.84,0.05,Credit Card,Kochi,Kerala,23.0,Female,2781.3,2025-08,2025
ORD002252,CUST0048,2025-08-26,Running Shoes,Sports,1,7694.88,0.15,Debit Card,Mysuru,Karnataka,47.0,Male,6540.65,2025-08,2025
ORD001887,CUST1119,2025-04-10,Backpack,Fashion,1,5553.87,0.1,Cash on Delivery,Hyderabad,Telangana,22.0,Female,4998.48,2025-04,2025
ORD002167,CUST0522,2025-05-21,Sneakers,Fashion,2,5836.99,0.15,Net Banking,Warangal,Telangana,27.0,Male,9922.88,2025-05,2025
ORD000732,CUST0428,2025-11-26,Backpack,Fashion,5,2067.42,0.1,Debit Card,Warangal,Telangana,44.0,Male,9303.39,2025-11,2025
ORD001696,CUST0406,2025-09-11,Sneakers,Fashion,4,753.53,0.1,UPI,Mangaluru,Karnataka,29.0,Female,2712.71,2025-09,2025
ORD000292,CUST1185,2024-11-09,Moisturizer,Beauty,3,3269.09,0.15,Net Banking,New Delhi,Delhi,28.0,Female,8336.18,2024-11,2024
ORD000185,CUST0971,2024-10-29,Sunscreen,Beauty,2,3966.72,0.1,Debit Card,Chennai,Tamil Nadu,30.0,Male,7140.1,2024-10,2024
ORD004727,CUST0688,2024-09-14,Bluetooth Speaker,Electronics,5,10433.13,0.1,Cash on Delivery,Kochi,Kerala,42.0,Female,46949.08,2024-09,2024
ORD004764,CUST0403,2024-12-01,Laptop Stand,Electronics,1,19447.71,0.05,Debit Card,Warangal,Telangana,31.0,Male,18475.32,2024-12,2024
ORD003212,CUST0934,2024-09-14,Running Shoes,Sports,4,8649.19,0.0,Net Banking,Thiruvananthapuram,Kerala,41.0,Male,34596.76,2024-09,2024
ORD000534,CUST0914,2025-04-08,Table Lamp,Home & Kitchen,1,1990.14,0.0,Credit Card,Warangal,Telangana,27.0,Male,1990.14,2025-04,2025
ORD002836,CUST0461,2025-10-15,Bluetooth Speaker,Electronics,2,66638.46,0.05,Credit Card,Coimbatore,Tamil Nadu,29.0,Male,126613.07,2025-10,2025
ORD002716,CUST0100,2024-10-03,Moisturizer,Beauty,1,3374.56,0.1,Net Banking,New Delhi,Delhi,36.0,Female,3037.1,2024-10,2024
ORD003899,CUST0611,2025-03-09,Bluetooth Speaker,Electronics,1,934.94,0.2,Debit Card,Salem,Tamil Nadu,31.0,Female,747.95,2025-03,2025
ORD003169,CUST0700,2025-01-19,Football,Sports,4,1846.19,0.05,UPI,Mumbai,Maharashtra,26.0,Female,7015.52,2025-01,2025
ORD000658,CUST0623,2024-05-31,Bedsheet,Home & Kitchen,1,5793.19,0.05,Debit Card,Mysuru,Karnataka,28.0,Male,5503.53,2024-05,2024
ORD001256,CUST0450,2025-01-21,Sneakers,Fashion,1,3139.92,0.1,UPI,Kochi,Kerala,26.0,Male,2825.93,2025-01,2025
ORD002723,CUST1123,2024-07-05,Table Lamp,Home & Kitchen,1,6882.48,0.05,Debit Card,New Delhi,Delhi,32.0,Male,6538.36,2024-07,2024
ORD002733,CUST0965,2025-02-28,SQL Guide,Books,5,1272.79,0.15,Debit Card,Nagpur,Maharashtra,35.0,Male,5409.36,2025-02,2025
ORD002482,CUST0431,2025-02-17,Bluetooth Speaker,Electronics,1,67161.68,0.15,UPI,Thiruvananthapuram,Kerala,18.0,Female,57087.43,2025-02,2025
ORD005088,CUST0119,2024-12-29,Bluetooth Speaker,Electronics,4,43239.37,0.05,Debit Card,Nagpur,Maharashtra,35.0,Male,164309.61,2024-12,2024
ORD000899,CUST0605,2025-04-14,Table Lamp,Home & Kitchen,1,7941.96,0.1,Credit Card,Mumbai,Maharashtra,22.0,Male,7147.76,2025-04,2025
ORD000429,CUST0144,2024-11-13,Yoga Mat,Sports,1,9584.77,0.05,UPI,Hyderabad,Telangana,34.0,Female,9105.53,2024-11,2024
ORD005449,CUST0903,2025-06-07,Running Shoes,Sports,1,7886.05,0.05,Debit Card,Thiruvananthapuram,Kerala,25.0,Female,7491.75,2025-06,2025
ORD001993,CUST0039,2024-11-18,Face Wash,Beauty,5,1152.79,0.15,UPI,Trichy,Tamil Nadu,35.0,Female,4899.36,2024-11,2024
ORD002005,CUST0175,2024-04-23,Perfume,Beauty,3,3323.92,0.1,UPI,Hyderabad,Telangana,44.0,Male,8974.58,2024-04,2024
ORD001437,CUST1070,2025-12-14,Perfume,Beauty,1,333.79,0.15,Credit Card,Hyderabad,Telangana,38.0,Female,283.72,2025-12,2025
ORD005430,CUST0275,2025-05-14,Table Lamp,Home & Kitchen,2,1342.38,0.0,Credit Card,Thiruvananthapuram,Kerala,24.0,Female,2684.76,2025-05,2025
ORD001223,CUST1147,2024-01-17,Jacket,Fashion,2,5270.88,0.15,Cash on Delivery,Coimbatore,Tamil Nadu,18.0,Other,8960.5,2024-01,2024
ORD002888,CUST1012,2024-05-12,Face Wash,Beauty,2,3089.98,0.1,UPI,Kochi,Kerala,25.0,Male,5561.96,2024-05,2024
ORD002338,CUST0646,2024-05-29,Jacket,Fashion,1,4242.93,0.1,UPI,Salem,Tamil Nadu,19.0,Male,3818.64,2024-05,2024
ORD003516,CUST0026,2024-07-18,Sneakers,Fashion,1,757.39,0.15,Cash on Delivery,Mumbai,Maharashtra,27.0,Female,643.78,2024-07,2024
ORD004520,CUST0450,2025-07-26,Python Programming,Books,1,1450.91,0.15,Credit Card,Thiruvananthapuram,Kerala,,Male,1233.27,2025-07,2025
ORD005911,CUST0095,2025-08-27,Mixer Grinder,Home & Kitchen,2,14111.44,0.2,UPI,Kochi,Kerala,37.0,Male,22578.3,2025-08,2025
ORD004714,CUST0666,2024-07-29,Jeans,Fashion,2,439.47,0.1,Credit Card,Bengaluru,Karnataka,27.0,Male,791.05,2024-07,2024
ORD002848,CUST0321,2025-11-15,Laptop Stand,Electronics,1,72352.71,0.0,Cash on Delivery,Salem,Tamil Nadu,32.0,Other,72352.71,2025-11,2025
ORD004337,CUST1023,2025-03-12,Python Programming,Books,2,1699.07,0.15,Debit Card,Warangal,Telangana,18.0,Male,2888.42,2025-03,2025
ORD003387,CUST0783,2025-04-08,Coffee Maker,Home & Kitchen,5,14801.33,0.1,Debit Card,Warangal,Telangana,47.0,Female,66605.98,2025-04,2025
ORD001722,CUST0288,2024-12-26,Smart Watch,Electronics,2,26450.66,,Debit Card,Mumbai,Maharashtra,19.0,Male,50256.25,2024-12,2024
ORD002405,CUST0372,2024-01-03,Smart Watch,Electronics,2,18979.0,0.1,Cash on Delivery,New Delhi,Delhi,29.0,Female,34162.2,2024-01,2024
ORD001819,CUST0761,2025-02-24,Coffee Maker,Home & Kitchen,2,10131.16,0.1,UPI,Warangal,Telangana,33.0,Female,18236.09,2025-02,2025
ORD005419,CUST0774,2025-10-28,Sneakers,Fashion,5,796.76,0.15,UPI,Kochi,Kerala,26.0,Male,3386.23,2025-10,2025
ORD002677,CUST0750,2024-07-11,Laptop Stand,Electronics,1,14923.6,0.1,Credit Card,New Delhi,Delhi,39.0,Male,13431.24,2024-07,2024
ORD004956,CUST1105,2025-04-10,Machine Learning Book,Books,1,2137.63,0.1,Credit Card,Coimbatore,Tamil Nadu,41.0,Male,1923.87,2025-04,2025
ORD003613,CUST0746,2024-02-16,Jeans,Fashion,2,1573.8,0.15,Net Banking,Hyderabad,Telangana,46.0,Female,2675.46,2024-02,2024
ORD003729,CUST0229,2025-01-01,Perfume,Beauty,1,2346.03,0.1,Credit Card,Mumbai,Maharashtra,31.0,Male,2111.43,2025-01,2025
ORD002906,CUST0190,2024-04-09,Perfume,Beauty,3,1133.05,0.05,UPI,New Delhi,Delhi,32.0,Male,3229.19,2024-04,2024
ORD001411,CUST0336,2025-01-28,Cookware Set,Home & Kitchen,2,5751.16,0.15,UPI,Coimbatore,Tamil Nadu,29.0,Male,9776.97,2025-01,2025
ORD004343,CUST0131,2025-10-15,Coffee Maker,Home & Kitchen,1,7283.31,0.05,Debit Card,Coimbatore,Tamil Nadu,34.0,Other,6919.14,2025-10,2025
ORD004003,CUST0961,2025-12-03,Python Programming,Books,3,1910.16,0.0,Debit Card,Pune,Maharashtra,18.0,Female,5730.48,2025-12,2025
ORD005714,CUST0767,2024-11-13,Bedsheet,Home & Kitchen,2,13796.69,0.05,Debit Card,Pune,Maharashtra,25.0,Female,26213.71,2024-11,2024
ORD002165,CUST0618,2024-09-25,Python Programming,Books,2,1513.55,0.05,UPI,Mangaluru,Karnataka,38.0,Female,2875.74,2024-09,2024
ORD001832,CUST1028,2024-04-26,T-Shirt,Fashion,1,5916.53,0.0,Debit Card,New Delhi,Delhi,28.0,Female,5916.53,2024-04,2024
ORD001127,CUST0627,2025-12-26,Table Lamp,Home & Kitchen,2,6789.87,0.1,UPI,Coimbatore,Tamil Nadu,39.0,Female,12221.77,2025-12,2025
ORD004372,CUST0308,2025-06-02,Jeans,Fashion,1,4349.98,0.05,Debit Card,New Delhi,Delhi,33.0,Male,4132.48,2025-06,2025
ORD005638,CUST0401,2024-02-25,Wireless Headphones,Electronics,1,75116.34,0.1,UPI,Chennai,Tamil Nadu,18.0,Female,67604.71,2024-02,2024
ORD005923,CUST0975,2024-05-07,Sunscreen,Beauty,1,1019.85,0.15,Debit Card,Mangaluru,Karnataka,36.0,Male,866.87,2024-05,2024
ORD003781,CUST0563,2025-10-24,Shampoo,Beauty,3,3739.46,0.1,UPI,Mysuru,Karnataka,48.0,Male,10096.54,2025-10,2025
ORD000305,CUST0251,2024-06-19,Table Lamp,Home & Kitchen,3,8267.02,0.15,Cash on Delivery,Kochi,Kerala,21.0,Male,21080.9,2024-06,2024
ORD001898,CUST0320,2025-04-25,Smart Watch,Electronics,1,20679.69,0.0,Debit Card,Mangaluru,Karnataka,33.0,Male,20679.69,2025-04,2025
ORD001293,CUST0010,2024-07-10,Jeans,Fashion,4,2574.85,0.1,Credit Card,Nagpur,Maharashtra,29.0,Female,9269.46,2024-07,2024
ORD000071,CUST0104,2025-09-07,Bedsheet,Home & Kitchen,1,12013.37,0.1,Credit Card,New Delhi,Delhi,32.0,Male,10812.03,2025-09,2025
ORD004145,CUST0003,2025-02-16,T-Shirt,Fashion,1,2432.18,0.05,Credit Card,Trichy,Tamil Nadu,49.0,Male,2310.57,2025-02,2025
ORD001306,CUST0592,2025-08-28,Backpack,Fashion,2,1656.78,0.1,Credit Card,Pune,Maharashtra,45.0,Female,2982.2,2025-08,2025
ORD002781,CUST0070,2024-08-30,Table Lamp,Home & Kitchen,5,2208.43,0.0,UPI,New Delhi,Delhi,27.0,Female,11042.15,2024-08,2024
ORD005252,CUST0704,2024-01-22,Cookware Set,Home & Kitchen,2,4620.23,0.1,Debit Card,Pune,Maharashtra,25.0,Female,8316.41,2024-01,2024
ORD004225,CUST0955,2025-07-07,Mixer Grinder,Home & Kitchen,4,8017.18,0.05,Credit Card,Madurai,Tamil Nadu,30.0,Female,30465.28,2025-07,2025
ORD001666,CUST0531,2025-07-20,Machine Learning Book,Books,3,1392.5,0.1,Debit Card,Mysuru,Karnataka,28.0,Female,3759.75,2025-07,2025
ORD001341,CUST0446,2025-07-06,Smart Watch,Electronics,4,1793.82,0.1,UPI,Warangal,Telangana,26.0,Female,6457.75,2025-07,2025
ORD000832,CUST0133,2024-06-21,Business Analytics,Books,3,261.98,0.1,UPI,Bengaluru,Karnataka,43.0,Male,707.35,2024-06,2024
ORD002572,CUST0197,2025-06-19,Smart Watch,Electronics,3,33783.45,0.1,UPI,Thiruvananthapuram,Kerala,35.0,Female,91215.31,2025-06,2025
ORD001457,CUST0133,2025-06-07,Cookware Set,Home & Kitchen,4,14705.53,0.1,Cash on Delivery,New Delhi,Delhi,24.0,Male,52939.91,2025-06,2025
ORD003208,CUST0394,2024-03-03,Cricket Bat,Sports,3,8511.34,0.2,UPI,Mumbai,Maharashtra,18.0,Male,20427.22,2024-03,2024
ORD003247,CUST1063,2024-11-26,Bluetooth Speaker,Electronics,3,39687.36,0.0,Cash on Delivery,Bengaluru,Karnataka,18.0,Female,119062.08,2024-11,2024
ORD000239,CUST1099,2025-02-17,Sneakers,Fashion,2,4849.29,0.1,UPI,New Delhi,Delhi,18.0,Male,8728.72,2025-02,2025
ORD000093,CUST0069,2025-02-09,Mixer Grinder,Home & Kitchen,2,9154.22,0.05,Debit Card,Hyderabad,Telangana,36.0,Male,17393.02,2025-02,2025
ORD005710,CUST0443,2025-04-18,Sunscreen,Beauty,1,3959.51,0.05,Net Banking,Warangal,Telangana,35.0,Female,3761.53,2025-04,2025
ORD002945,CUST0626,2024-05-15,T-Shirt,Fashion,2,4244.73,0.0,UPI,Thiruvananthapuram,Kerala,44.0,Male,8489.46,2024-05,2024
ORD002520,CUST0775,2025-10-26,Shampoo,Beauty,1,1839.79,0.15,UPI,New Delhi,Delhi,34.0,Other,1563.82,2025-10,2025
ORD002772,CUST0234,2025-12-12,Sunscreen,Beauty,2,529.79,0.1,Credit Card,Trichy,Tamil Nadu,21.0,Female,953.62,2025-12,2025
ORD002604,CUST0755,2024-12-22,Bedsheet,Home & Kitchen,2,5858.48,0.0,Debit Card,Warangal,Telangana,38.0,Female,11716.96,2024-12,2024
ORD005307,CUST0890,2024-06-04,Sunscreen,Beauty,2,1095.92,0.15,Debit Card,Mysuru,Karnataka,36.0,Female,1863.06,2024-06,2024
ORD003440,CUST0187,2024-06-08,Moisturizer,Beauty,2,1576.41,0.05,Debit Card,Bengaluru,Karnataka,39.0,Female,2995.18,2024-06,2024
ORD001002,CUST0576,2024-11-24,Cricket Bat,Sports,2,2898.1,0.0,Debit Card,Salem,Tamil Nadu,39.0,Male,5796.2,2024-11,2024
ORD002043,CUST0492,2024-09-10,Sneakers,Fashion,4,5993.16,0.05,Net Banking,Coimbatore,Tamil Nadu,27.0,Male,22774.01,2024-09,2024
ORD005179,CUST0821,2025-09-24,Wireless Headphones,Electronics,1,13860.0,0.05,UPI,Warangal,Telangana,49.0,Male,13167.0,2025-09,2025
ORD003429,CUST0195,2025-06-23,Wireless Headphones,Electronics,3,70212.99,0.15,Net Banking,Mangaluru,Karnataka,29.0,Female,179043.12,2025-06,2025
ORD002616,CUST0537,2025-05-12,Smart Watch,Electronics,1,36406.1,0.0,Cash on Delivery,Mysuru,Karnataka,20.0,Male,36406.1,2025-05,2025
ORD001505,CUST1126,2024-08-17,Power Bank,Electronics,3,64802.34,0.05,UPI,Nagpur,Maharashtra,35.0,Male,184686.67,2024-08,2024
ORD000958,CUST0561,2025-12-25,Sneakers,Fashion,1,3495.91,0.05,Net Banking,Bengaluru,Karnataka,33.0,Female,3321.11,2025-12,2025
ORD003802,CUST0615,2025-01-26,Backpack,Fashion,1,1857.49,0.05,Credit Card,New Delhi,Delhi,31.0,Female,1764.62,2025-01,2025
ORD005313,CUST0941,2024-08-11,Face Wash,Beauty,2,950.12,0.1,Credit Card,Mysuru,Karnataka,57.0,Male,1710.22,2024-08,2024
ORD004762,CUST0402,2025-12-01,Bedsheet,Home & Kitchen,2,9607.23,0.1,Debit Card,New Delhi,Delhi,28.0,Male,17293.01,2025-12,2025
ORD001533,CUST1087,2024-06-24,Power Bank,Electronics,2,68319.82,0.1,Debit Card,New Delhi,Delhi,23.0,Male,122975.68,2024-06,2024
ORD002303,CUST0856,2025-08-23,Bedsheet,Home & Kitchen,2,2441.81,0.15,UPI,Mangaluru,Karnataka,36.0,Female,4151.08,2025-08,2025
ORD000412,CUST0606,2025-05-01,Table Lamp,Home & Kitchen,3,10324.41,0.1,Credit Card,Trichy,Tamil Nadu,31.0,Male,27875.91,2025-05,2025
ORD001406,CUST1024,2025-08-23,T-Shirt,Fashion,2,5219.93,0.0,UPI,Thiruvananthapuram,Kerala,28.0,Female,10439.86,2025-08,2025
ORD003348,CUST0858,2025-01-18,Python Programming,Books,2,1720.61,0.0,Debit Card,Mysuru,Karnataka,25.0,Male,3441.22,2025-01,2025
ORD005759,CUST0370,2025-11-26,Smart Watch,Electronics,5,7978.81,0.05,Credit Card,Kochi,Kerala,29.0,Female,37899.35,2025-11,2025
ORD001789,CUST0946,2024-12-06,Yoga Mat,Sports,3,7439.14,0.1,UPI,Hyderabad,Telangana,25.0,Male,20085.68,2024-12,2024
ORD002882,CUST0284,2025-04-15,Football,Sports,1,4996.72,0.0,UPI,Nagpur,Maharashtra,27.0,Male,4996.72,2025-04,2025
ORD003051,CUST0537,2024-10-23,Running Shoes,Sports,1,6395.28,0.1,Debit Card,Salem,Tamil Nadu,46.0,Female,5755.75,2024-10,2024
ORD002088,CUST0061,2025-02-24,Machine Learning Book,Books,2,1582.01,0.15,UPI,Nagpur,Maharashtra,,Male,2689.42,2025-02,2025
ORD001035,CUST0708,2024-10-27,Perfume,Beauty,1,2071.83,0.0,Cash on Delivery,Pune,Maharashtra,34.0,Male,2071.83,2024-10,2024
ORD005264,CUST1012,2024-09-21,Yoga Mat,Sports,1,1086.95,0.1,UPI,New Delhi,Delhi,18.0,Male,978.26,2024-09,2024
ORD005886,CUST1116,2024-05-29,Running Shoes,Sports,1,6068.88,0.15,UPI,Kochi,Kerala,24.0,Female,5158.55,2024-05,2024
ORD005221,CUST1128,2025-10-14,Data Analytics Book,Books,2,2316.57,0.05,Debit Card,Thiruvananthapuram,Kerala,37.0,Female,4401.48,2025-10,2025
ORD000932,CUST0716,2024-12-26,Face Wash,Beauty,2,3760.56,0.2,UPI,Kochi,Kerala,25.0,Female,6016.9,2024-12,2024
ORD005472,CUST0606,2024-04-09,Machine Learning Book,Books,4,1289.99,0.1,UPI,New Delhi,Delhi,18.0,Female,4643.96,2024-04,2024
ORD003329,CUST0708,2024-02-25,Mixer Grinder,Home & Kitchen,3,11164.84,0.05,Debit Card,Salem,Tamil Nadu,37.0,Male,31819.79,2024-02,2024
ORD000634,CUST0909,2025-09-10,Cookware Set,Home & Kitchen,3,12362.51,0.2,Cash on Delivery,Mangaluru,Karnataka,18.0,Female,29670.02,2025-09,2025
ORD001742,CUST1164,2024-09-25,Business Analytics,Books,1,562.66,0.05,Credit Card,Hyderabad,Telangana,24.0,Female,534.53,2024-09,2024
ORD000499,CUST1081,2024-05-25,Moisturizer,Beauty,2,3181.67,0.05,Debit Card,Coimbatore,Tamil Nadu,27.0,Male,6045.17,2024-05,2024
ORD000938,CUST1098,2024-07-09,T-Shirt,Fashion,5,3858.32,0.2,UPI,Trichy,Tamil Nadu,23.0,Male,15433.28,2024-07,2024
ORD000416,CUST0085,2024-08-01,Jacket,Fashion,1,4147.63,0.05,Credit Card,Chennai,Tamil Nadu,31.0,Male,3940.25,2024-08,2024
ORD002329,CUST0278,2024-09-02,Perfume,Beauty,2,3811.14,0.05,Net Banking,Chennai,Tamil Nadu,30.0,Male,7241.17,2024-09,2024
ORD003280,CUST0205,2025-04-23,Sunscreen,Beauty,1,1538.8,0.1,Credit Card,New Delhi,Delhi,26.0,Male,1384.92,2025-04,2025
ORD003587,CUST0248,2024-03-17,Backpack,Fashion,4,1007.19,0.1,Credit Card,Mangaluru,Karnataka,31.0,Female,3625.88,2024-03,2024
ORD004368,CUST0581,2024-03-10,Bedsheet,Home & Kitchen,1,3259.97,0.0,Cash on Delivery,Pune,Maharashtra,29.0,Male,3259.97,2024-03,2024
ORD004913,CUST0529,2024-10-04,Moisturizer,Beauty,1,2249.35,0.0,Credit Card,Coimbatore,Tamil Nadu,22.0,Male,2249.35,2024-10,2024
ORD000758,CUST0901,2024-04-22,Bluetooth Speaker,Electronics,1,54038.29,0.0,Cash on Delivery,Nagpur,Maharashtra,35.0,Male,54038.29,2024-04,2024
ORD001617,CUST1024,2024-05-10,Running Shoes,Sports,2,5067.72,0.0,UPI,Mysuru,Karnataka,34.0,Female,10135.44,2024-05,2024
ORD001042,CUST0512,2024-05-12,Sneakers,Fashion,5,2349.19,0.05,Credit Card,Kochi,Kerala,18.0,Male,11158.65,2024-05,2024
ORD003632,CUST0875,2024-07-08,Table Lamp,Home & Kitchen,3,7766.19,0.15,UPI,Salem,Tamil Nadu,25.0,Female,19803.78,2024-07,2024
ORD004654,CUST1163,2025-11-01,Smart Watch,Electronics,2,60914.01,0.1,Debit Card,Pune,Maharashtra,36.0,Male,109645.22,2025-11,2025
ORD004465,CUST0198,2025-05-12,Running Shoes,Sports,2,6035.57,0.05,Net Banking,Warangal,Telangana,24.0,Male,11467.58,2025-05,2025
ORD002463,CUST1111,2024-06-08,T-Shirt,Fashion,4,4939.77,0.15,UPI,Salem,Tamil Nadu,31.0,Female,16795.22,2024-06,2024
ORD000597,CUST0881,2024-05-15,Table Lamp,Home & Kitchen,2,4839.1,0.1,UPI,Bengaluru,Karnataka,33.0,Male,8710.38,2024-05,2024
ORD004044,CUST0129,2025-09-01,Perfume,Beauty,1,682.03,0.05,UPI,Hyderabad,Telangana,40.0,Female,647.93,2025-09,2025
ORD002764,CUST0670,2025-01-13,Backpack,Fashion,2,5918.9,0.0,UPI,Hyderabad,Telangana,34.0,Other,11837.8,2025-01,2025
ORD001069,CUST1050,2024-02-24,Jeans,Fashion,1,1081.89,0.15,Credit Card,Mangaluru,Karnataka,18.0,Female,919.61,2024-02,2024
ORD002196,CUST1106,2024-02-17,Bedsheet,Home & Kitchen,1,1416.08,0.15,Net Banking,New Delhi,Delhi,37.0,Male,1203.67,2024-02,2024
ORD003040,CUST0520,2025-03-05,Sunscreen,Beauty,1,388.42,0.0,UPI,Nagpur,Maharashtra,36.0,Female,388.42,2025-03,2025
ORD005605,CUST0205,2024-08-24,Sneakers,Fashion,1,4646.86,0.1,Cash on Delivery,Kochi,Kerala,37.0,Male,4182.17,2024-08,2024
ORD003228,CUST0830,2024-02-14,Bluetooth Speaker,Electronics,1,24798.13,0.0,UPI,Thiruvananthapuram,Kerala,44.0,Female,24798.13,2024-02,2024
ORD000653,CUST1182,2024-03-16,Bluetooth Speaker,Electronics,1,3684.9,0.15,UPI,Madurai,Tamil Nadu,34.0,Female,3132.16,2024-03,2024
ORD004625,CUST0315,2025-03-04,Sneakers,Fashion,1,4588.39,0.05,Debit Card,Hyderabad,Telangana,47.0,Female,4358.97,2025-03,2025
ORD005332,CUST0719,2024-03-10,Data Analytics Book,Books,3,468.86,0.05,Credit Card,Salem,Tamil Nadu,35.0,Female,1336.25,2024-03,2024
ORD005168,CUST0840,2024-07-01,Smart Watch,Electronics,1,27092.05,0.1,Net Banking,Thiruvananthapuram,Kerala,29.0,Male,24382.84,2024-07,2024
ORD002717,CUST0369,2024-11-15,Backpack,Fashion,1,3744.23,0.15,Credit Card,Nagpur,Maharashtra,,Male,3182.6,2024-11,2024
ORD004854,CUST0136,2025-11-03,T-Shirt,Fashion,1,5222.4,0.1,UPI,Kochi,Kerala,35.0,Male,4700.16,2025-11,2025
ORD005902,CUST0496,2025-07-15,Face Wash,Beauty,2,2108.07,0.0,Net Banking,Thiruvananthapuram,Kerala,32.0,Male,4216.14,2025-07,2025
ORD002700,CUST0501,2025-09-11,Business Analytics,Books,1,1310.51,0.1,Debit Card,Pune,Maharashtra,36.0,Male,1179.46,2025-09,2025
ORD004546,CUST0584,2025-06-29,Smart Watch,Electronics,1,11696.93,0.0,Credit Card,Coimbatore,Tamil Nadu,37.0,Female,11696.93,2025-06,2025
ORD000076,CUST1157,2024-11-19,Python Programming,Books,1,423.97,0.0,Cash on Delivery,Trichy,Tamil Nadu,54.0,Male,423.97,2024-11,2024
ORD003667,CUST0549,2024-04-08,Jeans,Fashion,1,4510.73,0.0,UPI,Warangal,Telangana,40.0,Male,4510.73,2024-04,2024
ORD005925,CUST0370,2025-05-19,Yoga Mat,Sports,3,9545.09,0.0,Cash on Delivery,Warangal,Telangana,45.0,Male,28635.27,2025-05,2025
ORD002930,CUST0109,2024-01-04,Jacket,Fashion,1,689.69,0.0,UPI,Mumbai,Maharashtra,42.0,Male,689.69,2024-01,2024
ORD005529,CUST0697,2025-04-07,Backpack,Fashion,2,2161.74,0.0,Credit Card,Thiruvananthapuram,Kerala,20.0,Male,4323.48,2025-04,2025
ORD005956,CUST0760,2025-07-19,Business Analytics,Books,1,1332.17,0.0,Credit Card,New Delhi,Delhi,29.0,Female,1332.17,2025-07,2025
ORD003804,CUST0053,2025-06-08,Shampoo,Beauty,2,2929.85,0.0,UPI,Hyderabad,Telangana,26.0,Female,5859.7,2025-06,2025
ORD005026,CUST1121,2024-10-01,Business Analytics,Books,2,2400.53,0.1,Cash on Delivery,New Delhi,Delhi,35.0,Male,4320.95,2024-10,2024
ORD005283,CUST0082,2025-10-21,Yoga Mat,Sports,4,4906.17,0.1,UPI,Trichy,Tamil Nadu,28.0,Male,17662.21,2025-10,2025
ORD002485,CUST0791,2025-10-03,Power Bank,Electronics,2,35918.29,0.0,UPI,Chennai,Tamil Nadu,33.0,Male,71836.58,2025-10,2025
ORD004792,CUST0362,2025-08-09,Laptop Stand,Electronics,1,27935.23,0.0,UPI,New Delhi,Delhi,18.0,Male,27935.23,2025-08,2025
ORD001011,CUST0330,2024-02-02,Bluetooth Speaker,Electronics,2,49013.66,0.05,Credit Card,Coimbatore,Tamil Nadu,54.0,Female,93125.95,2024-02,2024
ORD001030,CUST0483,2025-06-01,Bluetooth Speaker,Electronics,4,41939.89,0.05,Cash on Delivery,Nagpur,Maharashtra,37.0,Male,159371.58,2025-06,2025
ORD002843,CUST0146,2024-06-30,Bluetooth Speaker,Electronics,1,21651.45,0.1,UPI,Nagpur,Maharashtra,36.0,Female,19486.3,2024-06,2024
ORD000829,CUST0648,2024-03-18,Smart Watch,Electronics,2,59010.65,0.0,Cash on Delivery,Mysuru,Karnataka,28.0,Female,118021.3,2024-03,2024
ORD002707,CUST0659,2024-02-20,Cricket Bat,Sports,5,9414.04,0.05,Debit Card,New Delhi,Delhi,18.0,Male,44716.69,2024-02,2024
ORD001877,CUST0077,2025-09-30,Python Programming,Books,1,1158.9,0.15,Debit Card,Warangal,Telangana,41.0,Male,985.06,2025-09,2025
ORD000097,CUST0047,2025-05-03,Wireless Headphones,Electronics,3,16053.84,0.0,Credit Card,Bengaluru,Karnataka,18.0,Male,48161.52,2025-05,2025
ORD003379,CUST1124,2024-12-15,Cricket Bat,Sports,1,8281.22,0.1,Credit Card,Madurai,Tamil Nadu,24.0,Female,7453.1,2024-12,2024
ORD004598,CUST0936,2024-08-16,T-Shirt,Fashion,4,774.59,0.05,Net Banking,Nagpur,Maharashtra,18.0,Female,2943.44,2024-08,2024
ORD004596,CUST0044,2024-08-05,T-Shirt,Fashion,2,757.59,0.0,UPI,New Delhi,Delhi,22.0,Female,1515.18,2024-08,2024
ORD004842,CUST0662,2024-10-31,Running Shoes,Sports,2,559.23,0.0,Debit Card,Hyderabad,Telangana,33.0,Female,1118.46,2024-10,2024
ORD001201,CUST0754,2025-12-20,Football,Sports,2,9949.64,0.1,UPI,Mysuru,Karnataka,35.0,Female,17909.35,2025-12,2025
ORD000622,CUST0664,2024-11-06,Running Shoes,Sports,1,8711.83,0.05,Debit Card,New Delhi,Delhi,26.0,Female,8276.24,2024-11,2024
ORD005454,CUST0737,2024-05-16,Jeans,Fashion,2,2670.51,0.15,UPI,Mysuru,Karnataka,28.0,Male,4539.87,2024-05,2024
ORD001413,CUST0446,2025-07-11,Face Wash,Beauty,3,1156.09,0.1,UPI,Chennai,Tamil Nadu,20.0,Female,3121.44,2025-07,2025
ORD000567,CUST0524,2025-02-27,Jacket,Fashion,2,4653.31,0.0,Debit Card,Mangaluru,Karnataka,18.0,Male,9306.62,2025-02,2025
ORD000544,CUST0100,2025-08-19,Laptop Stand,Electronics,2,28144.95,0.0,Debit Card,New Delhi,Delhi,42.0,Male,56289.9,2025-08,2025
ORD001335,CUST0177,2024-02-01,Bluetooth Speaker,Electronics,1,79991.5,0.05,UPI,Hyderabad,Telangana,46.0,Female,75991.92,2024-02,2024
ORD004300,CUST0766,2025-11-04,Wireless Headphones,Electronics,3,25105.51,0.0,Credit Card,New Delhi,Delhi,34.0,Male,75316.53,2025-11,2025
ORD000052,CUST0154,2025-07-04,Bedsheet,Home & Kitchen,2,8633.6,0.15,Credit Card,Pune,Maharashtra,22.0,Female,14677.12,2025-07,2025
ORD005047,CUST1111,2025-03-07,Table Lamp,Home & Kitchen,2,9709.28,0.0,UPI,Mangaluru,Karnataka,30.0,Female,19418.56,2025-03,2025
ORD002068,CUST0781,2025-02-05,Data Analytics Book,Books,2,461.87,0.15,Credit Card,New Delhi,Delhi,18.0,Male,785.18,2025-02,2025
ORD003873,CUST0542,2024-01-20,Power Bank,Electronics,3,45428.87,0.0,Cash on Delivery,Thiruvananthapuram,Kerala,29.0,Male,136286.61,2024-01,2024
ORD001559,CUST0368,2024-05-30,Bedsheet,Home & Kitchen,4,14821.88,0.15,Credit Card,Mangaluru,Karnataka,27.0,Female,50394.39,2024-05,2024
ORD000746,CUST0902,2025-05-17,Mixer Grinder,Home & Kitchen,1,5378.69,0.1,Credit Card,Hyderabad,Telangana,31.0,Male,4840.82,2025-05,2025
ORD004526,CUST0909,2025-10-13,Yoga Mat,Sports,1,2992.26,0.0,Debit Card,Mumbai,Maharashtra,31.0,Female,2992.26,2025-10,2025
ORD004672,CUST0388,2024-12-03,Backpack,Fashion,3,1794.64,,UPI,Nagpur,Maharashtra,27.0,Male,5114.72,2024-12,2024
ORD001468,CUST0861,2024-09-25,T-Shirt,Fashion,2,5184.77,0.1,UPI,Kochi,Kerala,33.0,Male,9332.59,2024-09,2024
ORD004463,CUST0720,2024-12-04,T-Shirt,Fashion,2,715.52,0.0,UPI,Salem,Tamil Nadu,29.0,Female,1431.04,2024-12,2024
ORD000196,CUST0782,2025-08-26,Wireless Headphones,Electronics,2,8256.83,0.05,UPI,Mysuru,Karnataka,22.0,Female,15687.98,2025-08,2025
ORD003401,CUST0365,2024-09-30,Perfume,Beauty,2,695.02,0.05,Credit Card,Salem,Tamil Nadu,42.0,Female,1320.54,2024-09,2024
ORD004268,CUST0320,2024-04-10,Smart Watch,Electronics,2,49857.83,0.15,Debit Card,Salem,Tamil Nadu,20.0,Male,84758.31,2024-04,2024
ORD003780,CUST0534,2025-09-17,Bedsheet,Home & Kitchen,3,9989.31,0.2,UPI,Thiruvananthapuram,Kerala,22.0,Male,23974.34,2025-09,2025
ORD000803,CUST0989,2024-04-05,Jeans,Fashion,2,2019.48,0.15,Cash on Delivery,Pune,Maharashtra,21.0,Male,3433.12,2024-04,2024
ORD001619,CUST1106,2025-04-18,Jeans,Fashion,4,4820.51,0.1,UPI,Warangal,Telangana,36.0,Female,17353.84,2025-04,2025
ORD005187,CUST1150,2025-06-28,Cricket Bat,Sports,2,534.58,0.0,Debit Card,Warangal,Telangana,31.0,Male,1069.16,2025-06,2025
ORD004438,CUST0606,2024-01-04,T-Shirt,Fashion,3,1988.42,0.1,Net Banking,New Delhi,Delhi,26.0,Male,5368.73,2024-01,2024
ORD000621,CUST0088,2024-05-28,Laptop Stand,Electronics,2,69966.22,0.0,Cash on Delivery,New Delhi,Delhi,42.0,Male,139932.44,2024-05,2024
ORD005340,CUST0742,2025-10-10,Backpack,Fashion,3,1287.6,0.05,UPI,Madurai,Tamil Nadu,18.0,Male,3669.66,2025-10,2025
ORD004149,CUST1192,2025-01-03,Cricket Bat,Sports,3,7606.88,0.0,Debit Card,Nagpur,Maharashtra,32.0,Male,22820.64,2025-01,2025
ORD003627,CUST0743,2024-12-26,Jeans,Fashion,3,4271.32,0.05,Debit Card,New Delhi,Delhi,31.0,Male,12173.26,2024-12,2024
ORD004113,CUST0436,2025-06-14,SQL Guide,Books,2,1601.35,0.0,Credit Card,Trichy,Tamil Nadu,18.0,Female,3202.7,2025-06,2025
ORD003407,CUST0349,2024-06-29,Jeans,Fashion,2,1155.47,0.1,Credit Card,Mysuru,Karnataka,36.0,Male,2079.85,2024-06,2024
ORD003385,CUST0969,2025-02-09,Sunscreen,Beauty,2,1693.32,0.1,UPI,Kochi,Kerala,36.0,Female,3047.98,2025-02,2025
ORD000645,CUST1028,2025-10-09,Business Analytics,Books,1,1874.46,0.15,Debit Card,Mumbai,Maharashtra,49.0,Male,1593.29,2025-10,2025
ORD002790,CUST0175,2025-12-08,SQL Guide,Books,1,2253.89,0.2,Credit Card,Coimbatore,Tamil Nadu,30.0,Female,1803.11,2025-12,2025
ORD005437,CUST0301,2024-05-31,Wireless Headphones,Electronics,3,65191.87,0.05,UPI,Mumbai,Maharashtra,19.0,Male,185796.83,2024-05,2024
ORD001790,CUST0672,2024-08-06,Power Bank,Electronics,1,59611.55,0.05,Debit Card,New Delhi,Delhi,28.0,Male,56630.97,2024-08,2024
ORD001062,CUST0095,2024-09-06,Power Bank,Electronics,1,17866.17,0.2,Credit Card,Mysuru,Karnataka,28.0,Female,14292.94,2024-09,2024
ORD004158,CUST0332,2025-08-26,Smart Watch,Electronics,2,31211.66,0.05,UPI,Salem,Tamil Nadu,36.0,Female,59302.15,2025-08,2025
ORD004600,CUST0553,2024-03-03,T-Shirt,Fashion,1,2751.49,0.1,Credit Card,Mangaluru,Karnataka,33.0,Female,2476.34,2024-03,2024
ORD000121,CUST0729,2024-10-27,Yoga Mat,Sports,2,674.49,0.05,UPI,Pune,Maharashtra,25.0,Male,1281.53,2024-10,2024
ORD002917,CUST0421,2025-01-24,Power Bank,Electronics,1,76239.18,0.15,UPI,Coimbatore,Tamil Nadu,26.0,Female,64803.3,2025-01,2025
ORD003881,CUST0365,2024-09-20,Shampoo,Beauty,2,3698.33,0.1,UPI,Mumbai,Maharashtra,40.0,Female,6656.99,2024-09,2024
ORD004130,CUST0849,2025-11-21,T-Shirt,Fashion,1,3292.4,0.0,Credit Card,New Delhi,Delhi,37.0,Male,3292.4,2025-11,2025
ORD004820,CUST0975,2024-03-23,Dumbbells,Sports,2,2012.75,0.15,UPI,Hyderabad,Telangana,40.0,Female,3421.68,2024-03,2024
ORD003195,CUST0488,2025-03-03,Jeans,Fashion,2,3496.02,0.1,UPI,New Delhi,Delhi,32.0,Female,6292.84,2025-03,2025
ORD001231,CUST1065,2024-03-07,Sunscreen,Beauty,3,1412.56,0.05,UPI,Pune,Maharashtra,28.0,Female,4025.8,2024-03,2024
ORD002761,CUST0633,2025-05-30,Bluetooth Speaker,Electronics,1,18685.05,0.05,UPI,Mysuru,Karnataka,24.0,Male,17750.8,2025-05,2025
ORD005538,CUST0091,2024-01-15,Coffee Maker,Home & Kitchen,5,12732.8,0.1,Cash on Delivery,Kochi,Kerala,40.0,Female,57297.6,2024-01,2024
ORD005575,CUST1066,2024-11-11,Bluetooth Speaker,Electronics,1,17322.45,0.0,UPI,New Delhi,Delhi,31.0,Female,17322.45,2024-11,2024
ORD005953,CUST0995,2024-05-25,Running Shoes,Sports,1,4541.68,0.0,UPI,Nagpur,Maharashtra,31.0,Male,4541.68,2024-05,2024
ORD003307,CUST1002,2025-04-17,Coffee Maker,Home & Kitchen,4,11658.5,0.2,UPI,New Delhi,Delhi,28.0,Female,37307.2,2025-04,2025
ORD000135,CUST1044,2025-05-25,Wireless Headphones,Electronics,1,38807.85,0.1,UPI,Pune,Maharashtra,32.0,Female,34927.06,2025-05,2025
ORD003484,CUST0253,2024-06-02,Coffee Maker,Home & Kitchen,1,1874.23,0.1,Credit Card,Bengaluru,Karnataka,27.0,Male,1686.81,2024-06,2024
ORD002580,CUST1063,2024-06-04,Smart Watch,Electronics,4,36823.46,0.1,UPI,New Delhi,Delhi,19.0,Female,132564.46,2024-06,2024
ORD002841,CUST0304,2025-01-31,Business Analytics,Books,1,1135.06,0.2,Debit Card,Thiruvananthapuram,Kerala,32.0,Female,908.05,2025-01,2025
ORD003793,CUST0330,2024-04-28,Jacket,Fashion,2,4022.27,0.1,Credit Card,Salem,Tamil Nadu,47.0,Female,7240.09,2024-04,2024
ORD005717,CUST0691,2025-10-14,Jacket,Fashion,1,2479.08,0.1,UPI,Bengaluru,Karnataka,30.0,Male,2231.17,2025-10,2025
ORD002219,CUST0357,2024-11-15,Backpack,Fashion,1,3960.24,0.1,Credit Card,New Delhi,Delhi,29.0,Male,3564.22,2024-11,2024
ORD000512,CUST1140,2024-07-02,Bedsheet,Home & Kitchen,4,2306.89,0.1,UPI,Kochi,Kerala,45.0,Male,8304.8,2024-07,2024
ORD005985,CUST0479,2024-10-02,Laptop Stand,Electronics,3,75353.46,0.15,UPI,Chennai,Tamil Nadu,32.0,Male,192151.32,2024-10,2024
ORD000063,CUST0624,2025-05-17,Bluetooth Speaker,Electronics,1,42341.3,0.05,Net Banking,New Delhi,Delhi,23.0,Female,40224.24,2025-05,2025
ORD001554,CUST0529,2024-12-04,Cookware Set,Home & Kitchen,1,11936.29,0.1,Net Banking,Pune,Maharashtra,31.0,Male,10742.66,2024-12,2024
ORD003771,CUST0587,2025-03-03,Mixer Grinder,Home & Kitchen,4,1777.73,0.1,Cash on Delivery,Chennai,Tamil Nadu,20.0,Male,6399.83,2025-03,2025
ORD005217,CUST0610,2024-07-02,Bedsheet,Home & Kitchen,2,9717.21,0.05,Cash on Delivery,Warangal,Telangana,20.0,Female,18462.7,2024-07,2024
ORD005589,CUST0107,2025-03-27,Coffee Maker,Home & Kitchen,2,2842.56,0.1,UPI,Chennai,Tamil Nadu,43.0,Male,5116.61,2025-03,2025
ORD001719,CUST0556,2024-08-04,Football,Sports,2,3588.9,0.1,Cash on Delivery,Kochi,Kerala,36.0,Male,6460.02,2024-08,2024
ORD002861,CUST0604,2025-01-05,Coffee Maker,Home & Kitchen,2,8430.27,0.2,Cash on Delivery,Thiruvananthapuram,Kerala,52.0,Male,13488.43,2025-01,2025
ORD004371,CUST0166,2025-04-30,Mixer Grinder,Home & Kitchen,3,579.0,0.05,Debit Card,Mysuru,Karnataka,21.0,Female,1650.15,2025-04,2025
ORD002096,CUST0511,2025-12-24,Bedsheet,Home & Kitchen,1,11430.48,0.15,UPI,Bengaluru,Karnataka,37.0,Female,9715.91,2025-12,2025
ORD000680,CUST0916,2025-03-19,Sneakers,Fashion,1,5814.45,0.1,,Madurai,Tamil Nadu,29.0,Female,5233.0,2025-03,2025
ORD003687,CUST0113,2024-11-05,Moisturizer,Beauty,1,3368.83,0.05,Credit Card,New Delhi,Delhi,41.0,Male,3200.39,2024-11,2024
ORD001212,CUST0578,2024-12-20,Data Analytics Book,Books,1,1520.91,0.1,UPI,New Delhi,Delhi,23.0,Male,1368.82,2024-12,2024
ORD000123,CUST0194,2024-04-12,Python Programming,Books,2,2390.99,0.0,Cash on Delivery,New Delhi,Delhi,39.0,Male,4781.98,2024-04,2024
ORD002642,CUST0053,2025-09-03,Table Lamp,Home & Kitchen,1,13271.42,0.15,Cash on Delivery,New Delhi,Delhi,36.0,Female,11280.71,2025-09,2025
ORD003086,CUST0069,2024-01-11,Laptop Stand,Electronics,1,22644.59,0.05,Debit Card,Mysuru,Karnataka,41.0,Male,21512.36,2024-01,2024
ORD004078,CUST1152,2025-03-15,Machine Learning Book,Books,1,1316.96,0.1,Debit Card,Thiruvananthapuram,Kerala,33.0,Male,1185.26,2025-03,2025
ORD004918,CUST0916,2024-06-02,Bluetooth Speaker,Electronics,1,45540.74,0.1,Cash on Delivery,New Delhi,Delhi,33.0,Male,40986.67,2024-06,2024
ORD003177,CUST0682,2024-09-21,Moisturizer,Beauty,1,875.25,0.1,UPI,Mumbai,Maharashtra,53.0,Male,787.72,2024-09,2024
ORD001211,CUST0077,2024-07-17,Power Bank,Electronics,2,16357.41,0.1,Debit Card,Mangaluru,Karnataka,30.0,Female,29443.34,2024-07,2024
ORD000568,CUST0103,2024-09-15,T-Shirt,Fashion,2,2990.62,0.15,Debit Card,Thiruvananthapuram,Kerala,24.0,Female,5084.05,2024-09,2024
ORD003430,CUST1090,2024-01-17,Laptop Stand,Electronics,2,67725.37,0.0,Cash on Delivery,Kochi,Kerala,28.0,Female,135450.74,2024-01,2024
ORD000549,CUST0658,2024-04-15,Cookware Set,Home & Kitchen,1,14307.83,,Debit Card,Bengaluru,Karnataka,18.0,Female,12877.05,2024-04,2024
ORD000865,CUST0466,2024-09-11,Coffee Maker,Home & Kitchen,1,11972.36,0.05,UPI,Kochi,Kerala,31.0,Male,11373.74,2024-09,2024
ORD004540,CUST0694,2024-10-04,Bluetooth Speaker,Electronics,1,71232.63,0.0,Cash on Delivery,Bengaluru,Karnataka,46.0,Female,71232.63,2024-10,2024
ORD001393,CUST0274,2025-08-22,Dumbbells,Sports,2,1234.49,0.1,UPI,Madurai,Tamil Nadu,18.0,Male,2222.08,2025-08,2025
ORD005726,CUST0346,2024-07-02,Cookware Set,Home & Kitchen,1,3620.04,0.2,UPI,New Delhi,Delhi,30.0,Female,2896.03,2024-07,2024
ORD002403,CUST0820,2025-04-03,Sunscreen,Beauty,1,1578.14,0.2,Debit Card,New Delhi,Delhi,21.0,Female,1262.51,2025-04,2025
ORD003985,CUST1041,2024-02-21,Laptop Stand,Electronics,1,74314.44,0.15,Net Banking,Nagpur,Maharashtra,43.0,Male,63167.27,2024-02,2024
ORD002058,CUST0133,2024-11-18,Machine Learning Book,Books,1,899.47,0.05,Credit Card,Kochi,Kerala,37.0,Female,854.5,2024-11,2024
ORD004771,CUST0995,2025-08-17,T-Shirt,Fashion,2,4975.17,0.1,Debit Card,Nagpur,Maharashtra,20.0,Female,8955.31,2025-08,2025
ORD000721,CUST0793,2025-03-09,Power Bank,Electronics,1,34488.23,0.0,Debit Card,Mysuru,Karnataka,22.0,Female,34488.23,2025-03,2025
ORD003838,CUST0943,2024-07-17,Mixer Grinder,Home & Kitchen,1,12782.8,0.0,Debit Card,Pune,Maharashtra,18.0,Male,12782.8,2024-07,2024
ORD002883,CUST1008,2025-04-30,Bedsheet,Home & Kitchen,2,990.4,0.05,Credit Card,Warangal,Telangana,27.0,Female,1881.76,2025-04,2025
ORD000691,CUST1075,2025-09-19,Coffee Maker,Home & Kitchen,2,12354.7,0.15,Credit Card,Hyderabad,Telangana,22.0,Male,21002.99,2025-09,2025
ORD000603,CUST0852,2025-01-28,Sunscreen,Beauty,2,3883.54,0.1,Cash on Delivery,Hyderabad,Telangana,37.0,Female,6990.37,2025-01,2025
ORD002216,CUST1110,2024-10-24,Yoga Mat,Sports,1,8815.4,0.05,UPI,Warangal,Telangana,24.0,Male,8374.63,2024-10,2024
ORD004968,CUST0837,2025-09-04,Cricket Bat,Sports,1,4964.93,0.05,Credit Card,Thiruvananthapuram,Kerala,33.0,Female,4716.68,2025-09,2025
ORD005376,CUST0943,2024-08-05,Jacket,Fashion,2,1278.88,0.05,Cash on Delivery,Pune,Maharashtra,34.0,Female,2429.87,2024-08,2024
ORD005016,CUST0088,2025-03-09,T-Shirt,Fashion,4,2253.03,0.0,Cash on Delivery,Mangaluru,Karnataka,25.0,Male,9012.12,2025-03,2025
ORD005578,CUST0479,2025-01-18,Perfume,Beauty,2,3505.7,0.05,Debit Card,Thiruvananthapuram,Kerala,28.0,Male,6660.83,2025-01,2025
ORD000504,CUST0001,2024-08-04,Perfume,Beauty,1,3114.46,0.1,Debit Card,Bengaluru,Karnataka,27.0,Female,2803.01,2024-08,2024
ORD004503,CUST0842,2024-11-07,T-Shirt,Fashion,3,5929.98,0.1,Cash on Delivery,Mysuru,Karnataka,27.0,Male,16010.95,2024-11,2024
ORD000319,CUST0917,2025-11-29,Cricket Bat,Sports,1,7761.36,0.1,Debit Card,New Delhi,Delhi,40.0,Male,6985.22,2025-11,2025
ORD005879,CUST0663,2025-12-13,Bedsheet,Home & Kitchen,2,11877.53,0.1,Debit Card,Hyderabad,Telangana,31.0,Female,21379.55,2025-12,2025
ORD005514,CUST0083,2025-04-30,Backpack,Fashion,2,4045.86,0.15,Net Banking,Warangal,Telangana,28.0,Female,6877.96,2025-04,2025
ORD000275,CUST0162,2025-03-18,Yoga Mat,Sports,4,6505.52,0.0,Credit Card,Coimbatore,Tamil Nadu,28.0,Male,26022.08,2025-03,2025
ORD005156,CUST0698,2025-02-13,Coffee Maker,Home & Kitchen,1,1919.45,0.2,UPI,Mysuru,Karnataka,44.0,Female,1535.56,2025-02,2025
ORD003621,CUST0828,2025-04-22,Jeans,Fashion,2,5575.33,0.1,Credit Card,Mangaluru,Karnataka,45.0,Female,10035.59,2025-04,2025
ORD001362,CUST0136,2025-08-03,Mixer Grinder,Home & Kitchen,4,9108.29,0.15,Credit Card,New Delhi,Delhi,44.0,Male,30968.19,2025-08,2025
ORD004196,CUST0576,2024-05-09,Power Bank,Electronics,2,2041.48,0.1,Cash on Delivery,Bengaluru,Karnataka,20.0,Female,3674.66,2024-05,2024
ORD001527,CUST0159,2024-06-23,T-Shirt,Fashion,2,3504.95,0.1,Credit Card,Bengaluru,Karnataka,35.0,Female,6308.91,2024-06,2024
ORD002367,CUST0518,2024-02-03,Wireless Headphones,Electronics,4,62696.63,0.1,Credit Card,Kochi,Kerala,25.0,Male,225707.87,2024-02,2024
ORD003376,CUST0695,2024-10-08,Football,Sports,4,6243.28,0.1,Credit Card,Chennai,Tamil Nadu,31.0,Other,22475.81,2024-10,2024
ORD004161,CUST1016,2024-03-02,Jacket,Fashion,3,3599.17,0.0,Cash on Delivery,Mumbai,Maharashtra,20.0,Female,10797.51,2024-03,2024
ORD002292,CUST0453,2024-12-15,Sunscreen,Beauty,1,2634.57,0.15,UPI,Kochi,Kerala,26.0,Male,2239.38,2024-12,2024
ORD003289,CUST0349,2024-02-02,SQL Guide,Books,1,452.89,0.0,Debit Card,Warangal,Telangana,39.0,Male,452.89,2024-02,2024
ORD003876,CUST0687,2024-02-15,Power Bank,Electronics,2,39500.17,0.1,Cash on Delivery,Hyderabad,Telangana,19.0,Male,71100.31,2024-02,2024
ORD003559,CUST1193,2025-07-07,Coffee Maker,Home & Kitchen,1,5448.34,0.15,Cash on Delivery,Kochi,Kerala,35.0,Male,4631.09,2025-07,2025
ORD005158,CUST0083,2025-07-04,Face Wash,Beauty,1,2624.62,0.1,UPI,Pune,Maharashtra,28.0,Female,2362.16,2025-07,2025
ORD000946,CUST0374,2024-05-14,Perfume,Beauty,1,1835.71,0.0,UPI,Nagpur,Maharashtra,44.0,Male,1835.71,2024-05,2024
ORD004717,CUST0715,2024-11-01,Smart Watch,Electronics,4,74431.06,0.1,Credit Card,Mumbai,Maharashtra,33.0,Female,267951.82,2024-11,2024
ORD005782,CUST0181,2024-08-30,Python Programming,Books,1,1828.69,0.0,UPI,New Delhi,Delhi,47.0,Female,1828.69,2024-08,2024
ORD000296,CUST1153,2024-07-25,Moisturizer,Beauty,1,2186.59,0.15,Net Banking,Chennai,Tamil Nadu,18.0,Female,1858.6,2024-07,2024
ORD003167,CUST0442,2024-05-01,SQL Guide,Books,1,1810.47,0.1,UPI,Pune,Maharashtra,27.0,Female,1629.42,2024-05,2024
ORD002183,CUST0609,2025-03-11,Laptop Stand,Electronics,1,15446.07,0.0,UPI,Pune,Maharashtra,21.0,Male,15446.07,2025-03,2025
ORD000299,CUST1030,2024-05-16,Bedsheet,Home & Kitchen,1,7196.73,0.05,UPI,New Delhi,Delhi,44.0,Female,6836.89,2024-05,2024
ORD000069,CUST0270,2024-08-16,Cricket Bat,Sports,1,8833.41,0.05,Cash on Delivery,Kochi,Kerala,35.0,Female,8391.74,2024-08,2024
ORD004393,CUST0176,2024-03-28,Wireless Headphones,Electronics,4,17661.16,0.05,Net Banking,Mumbai,Maharashtra,29.0,Male,67112.41,2024-03,2024
ORD000737,CUST1062,2025-11-26,Face Wash,Beauty,1,1791.1,0.1,,Chennai,Tamil Nadu,38.0,Male,1611.99,2025-11,2025
ORD003476,CUST0702,2024-06-25,Cricket Bat,Sports,4,7819.74,0.1,Credit Card,Chennai,Tamil Nadu,36.0,Female,28151.06,2024-06,2024
ORD004267,CUST0751,2025-03-13,SQL Guide,Books,2,1867.98,0.0,UPI,New Delhi,Delhi,23.0,Male,3735.96,2025-03,2025
ORD002989,CUST0501,2025-11-05,Face Wash,Beauty,1,2238.47,0.1,Credit Card,Bengaluru,Karnataka,43.0,Female,2014.62,2025-11,2025
ORD003647,CUST0870,2025-04-12,Smart Watch,Electronics,1,59793.41,0.0,UPI,Pune,Maharashtra,31.0,Male,59793.41,2025-04,2025
ORD001504,CUST0826,2024-04-21,Dumbbells,Sports,1,7479.22,0.15,Debit Card,Mumbai,Maharashtra,20.0,Male,6357.34,2024-04,2024
ORD002073,CUST0821,2025-04-25,Cookware Set,Home & Kitchen,1,14124.77,0.1,UPI,Mangaluru,Karnataka,39.0,Female,12712.29,2025-04,2025
ORD000151,CUST0302,2025-11-30,Smart Watch,Electronics,1,71619.92,0.0,UPI,New Delhi,Delhi,18.0,Male,71619.92,2025-11,2025
ORD000757,CUST1024,2025-03-21,Bluetooth Speaker,Electronics,1,56519.44,0.1,UPI,Hyderabad,Telangana,31.0,Male,50867.5,2025-03,2025
ORD005899,CUST0192,2024-05-08,Shampoo,Beauty,2,2300.77,0.0,UPI,Madurai,Tamil Nadu,24.0,Female,4601.54,2024-05,2024
ORD003502,CUST0901,2024-09-06,Machine Learning Book,Books,1,418.46,0.1,UPI,New Delhi,Delhi,24.0,Female,376.61,2024-09,2024
ORD001704,CUST0315,2024-05-08,T-Shirt,Fashion,4,2214.0,0.15,Credit Card,New Delhi,Delhi,34.0,Female,7527.6,2024-05,2024
ORD005467,CUST0097,2024-03-13,Dumbbells,Sports,2,2553.08,0.15,Credit Card,Hyderabad,Telangana,35.0,Female,4340.24,2024-03,2024
ORD002105,CUST0649,2024-02-25,SQL Guide,Books,2,1150.91,0.15,UPI,New Delhi,Delhi,31.0,Male,1956.55,2024-02,2024
ORD000170,CUST0408,2024-02-12,Wireless Headphones,Electronics,1,24285.62,0.05,Debit Card,Thiruvananthapuram,Kerala,31.0,Female,23071.34,2024-02,2024
ORD002155,CUST0787,2024-12-03,Cricket Bat,Sports,1,2017.05,0.15,Debit Card,Coimbatore,Tamil Nadu,31.0,Male,1714.49,2024-12,2024
ORD000377,CUST0288,2025-08-29,Cookware Set,Home & Kitchen,2,841.22,0.05,UPI,Mysuru,Karnataka,44.0,Female,1598.32,2025-08,2025
ORD002026,CUST0920,2025-11-18,Sunscreen,Beauty,4,254.63,0.15,Credit Card,Thiruvananthapuram,Kerala,20.0,Female,865.74,2025-11,2025
ORD000860,CUST0342,2024-01-13,Perfume,Beauty,2,1938.49,0.0,UPI,Thiruvananthapuram,Kerala,28.0,Female,3876.98,2024-01,2024
ORD002688,CUST0972,2025-09-17,Cricket Bat,Sports,3,4838.32,0.0,Credit Card,Thiruvananthapuram,Kerala,32.0,Male,14514.96,2025-09,2025
ORD005036,CUST0374,2025-02-14,Smart Watch,Electronics,4,12010.67,0.1,Debit Card,Warangal,Telangana,18.0,Female,43238.41,2025-02,2025
ORD005349,CUST0849,2024-11-23,T-Shirt,Fashion,1,4294.12,0.05,Credit Card,Pune,Maharashtra,49.0,Female,4079.41,2024-11,2024
ORD000379,CUST1132,2025-12-11,Bluetooth Speaker,Electronics,2,75490.5,0.05,Debit Card,Mangaluru,Karnataka,21.0,Male,143431.95,2025-12,2025
ORD004784,CUST0520,2025-11-01,Sneakers,Fashion,1,491.66,0.0,Credit Card,New Delhi,Delhi,18.0,Female,491.66,2025-11,2025
ORD005457,CUST0822,2025-05-03,Bluetooth Speaker,Electronics,2,72316.92,0.05,UPI,New Delhi,Delhi,25.0,Female,137402.15,2025-05,2025
ORD001295,CUST0538,2025-12-28,Power Bank,Electronics,2,13787.85,0.05,Credit Card,Kochi,Kerala,40.0,Female,26196.92,2025-12,2025
ORD004972,CUST1195,2025-08-09,Power Bank,Electronics,1,10313.46,0.05,UPI,Madurai,Tamil Nadu,35.0,Female,9797.79,2025-08,2025
ORD001433,CUST0893,2024-08-26,Power Bank,Electronics,2,70975.23,0.05,Debit Card,Kochi,Kerala,28.0,Male,134852.94,2024-08,2024
ORD005326,CUST0766,2024-09-17,Shampoo,Beauty,3,3212.9,0.1,Credit Card,Kochi,Kerala,22.0,Male,8674.83,2024-09,2024
ORD005860,CUST0473,2025-08-08,Coffee Maker,Home & Kitchen,1,4532.81,0.1,Debit Card,New Delhi,Delhi,37.0,Female,4079.53,2025-08,2025
ORD002943,CUST1007,2024-07-24,Mixer Grinder,Home & Kitchen,1,7654.06,0.1,Credit Card,New Delhi,Delhi,32.0,Male,6888.65,2024-07,2024
ORD001780,CUST0358,2024-09-09,T-Shirt,Fashion,2,4231.74,0.1,Debit Card,Kochi,Kerala,31.0,Male,7617.13,2024-09,2024
ORD003389,CUST0946,2024-01-08,Bluetooth Speaker,Electronics,4,15652.47,0.2,UPI,Pune,Maharashtra,41.0,Male,50087.9,2024-01,2024
ORD005163,CUST0674,2025-12-02,Table Lamp,Home & Kitchen,3,2425.74,0.15,UPI,Bengaluru,Karnataka,23.0,Female,6185.64,2025-12,2025
ORD005136,CUST0650,2025-08-06,Backpack,Fashion,4,2083.63,0.15,Credit Card,Madurai,Tamil Nadu,43.0,Male,7084.34,2025-08,2025
ORD003544,CUST0465,2025-04-20,Bedsheet,Home & Kitchen,3,10825.29,0.15,UPI,Mangaluru,Karnataka,34.0,Male,27604.49,2025-04,2025
ORD000842,CUST0462,2025-07-19,Data Analytics Book,Books,3,915.19,0.1,Net Banking,Thiruvananthapuram,Kerala,27.0,Female,2471.01,2025-07,2025
ORD002573,CUST0800,2024-03-09,Moisturizer,Beauty,1,3682.16,0.15,Debit Card,Kochi,Kerala,27.0,Female,3129.84,2024-03,2024
ORD001190,CUST0463,2024-12-31,Mixer Grinder,Home & Kitchen,1,11390.65,0.0,UPI,Madurai,Tamil Nadu,42.0,Male,11390.65,2024-12,2024
ORD000176,CUST0302,2025-09-29,Perfume,Beauty,1,2273.34,0.1,UPI,Pune,Maharashtra,41.0,Female,2046.01,2025-09,2025
ORD004776,CUST0969,2025-06-17,Cookware Set,Home & Kitchen,2,5513.59,0.1,UPI,New Delhi,Delhi,30.0,Male,9924.46,2025-06,2025
ORD000928,CUST0694,2024-12-13,SQL Guide,Books,1,910.13,0.0,Cash on Delivery,New Delhi,Delhi,18.0,Female,910.13,2024-12,2024
ORD003259,CUST0254,2025-01-31,Dumbbells,Sports,3,6651.88,0.05,UPI,Bengaluru,Karnataka,34.0,Male,18957.86,2025-01,2025
ORD000046,CUST0471,2025-10-17,Laptop Stand,Electronics,2,22768.59,0.0,Credit Card,Mysuru,Karnataka,35.0,Male,45537.18,2025-10,2025
ORD001261,CUST0283,2024-10-05,Yoga Mat,Sports,4,4716.05,0.05,Cash on Delivery,New Delhi,Delhi,45.0,Male,17920.99,2024-10,2024
ORD001097,CUST0478,2024-05-13,Machine Learning Book,Books,3,864.28,0.1,Cash on Delivery,Mangaluru,Karnataka,27.0,Female,2333.56,2024-05,2024
ORD001444,CUST0428,2025-07-14,Table Lamp,Home & Kitchen,2,12717.53,0.15,Debit Card,Mysuru,Karnataka,50.0,Male,21619.8,2025-07,2025
ORD002108,CUST0643,2025-03-31,Backpack,Fashion,3,2929.91,0.15,Credit Card,Pune,Maharashtra,32.0,Male,7471.27,2025-03,2025
ORD005004,CUST0770,2024-04-12,Business Analytics,Books,3,678.11,0.05,UPI,Kochi,Kerala,33.0,Male,1932.61,2024-04,2024
ORD001188,CUST1144,2025-07-26,Python Programming,Books,3,1015.25,0.0,Credit Card,Nagpur,Maharashtra,19.0,Female,3045.75,2025-07,2025
ORD005094,CUST0402,2024-03-02,Mixer Grinder,Home & Kitchen,1,2551.53,0.0,Debit Card,Hyderabad,Telangana,34.0,Male,2551.53,2024-03,2024
ORD003788,CUST0698,2024-11-21,Bluetooth Speaker,Electronics,2,945.46,0.15,UPI,Thiruvananthapuram,Kerala,37.0,Female,1607.28,2024-11,2024
ORD001031,CUST0300,2024-05-19,Football,Sports,1,6525.17,0.0,Debit Card,Salem,Tamil Nadu,45.0,Male,6525.17,2024-05,2024
ORD004818,CUST0883,2025-01-23,Data Analytics Book,Books,3,573.38,0.1,UPI,Thiruvananthapuram,Kerala,28.0,Male,1548.13,2025-01,2025
ORD000301,CUST0721,2024-10-15,Jeans,Fashion,1,1586.61,0.05,UPI,Pune,Maharashtra,33.0,Female,1507.28,2024-10,2024
ORD002524,CUST0302,2024-05-23,Yoga Mat,Sports,1,4914.66,0.0,Credit Card,Pune,Maharashtra,33.0,Male,4914.66,2024-05,2024
ORD001473,CUST0617,2025-03-16,Perfume,Beauty,2,1140.71,0.1,Credit Card,Mumbai,Maharashtra,21.0,Male,2053.28,2025-03,2025
ORD000284,CUST0831,2024-12-03,T-Shirt,Fashion,1,5835.79,0.0,Credit Card,Mysuru,Karnataka,44.0,Female,5835.79,2024-12,2024
ORD004383,CUST0824,2024-04-06,Face Wash,Beauty,1,1674.66,0.05,Credit Card,Mangaluru,Karnataka,40.0,Female,1590.93,2024-04,2024
ORD002481,CUST0631,2025-11-10,Bluetooth Speaker,Electronics,1,13615.68,0.05,Debit Card,Kochi,Kerala,44.0,Female,12934.9,2025-11,2025
ORD004756,CUST0392,2024-02-07,Cookware Set,Home & Kitchen,1,1006.7,0.1,Cash on Delivery,Mangaluru,Karnataka,33.0,Female,906.03,2024-02,2024
ORD003347,CUST0659,2025-04-07,Jeans,Fashion,4,5106.01,0.05,Cash on Delivery,Thiruvananthapuram,Kerala,33.0,Male,19402.84,2025-04,2025
ORD001814,CUST0657,2025-02-27,Mixer Grinder,Home & Kitchen,3,11743.51,0.1,UPI,Hyderabad,Telangana,30.0,Female,31707.48,2025-02,2025
ORD003888,CUST0871,2025-01-17,Laptop Stand,Electronics,2,44968.92,0.0,Debit Card,Nagpur,Maharashtra,24.0,Male,89937.84,2025-01,2025
ORD004314,CUST0144,2025-08-24,Football,Sports,1,980.39,0.1,UPI,Thiruvananthapuram,Kerala,18.0,Female,882.35,2025-08,2025
ORD004142,CUST0811,2024-02-05,Smart Watch,Electronics,4,77488.3,0.05,UPI,Thiruvananthapuram,Kerala,18.0,Female,294455.54,2024-02,2024
ORD005062,CUST0365,2024-05-11,Power Bank,Electronics,1,18535.16,0.1,Credit Card,Nagpur,Maharashtra,45.0,Male,16681.64,2024-05,2024
ORD004828,CUST1026,2024-12-19,Shampoo,Beauty,1,3395.17,0.0,UPI,Trichy,Tamil Nadu,24.0,Male,3395.17,2024-12,2024
ORD002933,CUST0126,2024-02-15,Table Lamp,Home & Kitchen,1,12856.31,0.15,UPI,Thiruvananthapuram,Kerala,18.0,Male,10927.86,2024-02,2024
ORD002120,CUST0396,2024-08-26,Table Lamp,Home & Kitchen,2,10154.0,0.0,Cash on Delivery,Kochi,Kerala,27.0,Female,20308.0,2024-08,2024
ORD005658,CUST0777,2025-12-09,Power Bank,Electronics,1,44062.34,0.05,UPI,New Delhi,Delhi,30.0,Female,41859.22,2025-12,2025
ORD004815,CUST0247,2025-06-26,Football,Sports,2,5230.77,0.0,Debit Card,Nagpur,Maharashtra,19.0,Male,10461.54,2025-06,2025
ORD003808,CUST0974,2024-11-25,Laptop Stand,Electronics,2,22764.73,0.0,Credit Card,Thiruvananthapuram,Kerala,25.0,Male,45529.46,2024-11,2024
ORD005706,CUST0378,2024-03-18,Jeans,Fashion,3,5742.83,0.1,UPI,Kochi,Kerala,34.0,Female,15505.64,2024-03,2024
ORD005775,CUST0449,2024-01-12,Football,Sports,3,9192.2,0.0,Cash on Delivery,Madurai,Tamil Nadu,29.0,Male,27576.6,2024-01,2024
ORD002331,CUST1062,2024-09-21,Backpack,Fashion,1,3122.01,0.1,UPI,Mumbai,Maharashtra,36.0,Male,2809.81,2024-09,2024
ORD002030,CUST0509,2025-04-07,Bedsheet,Home & Kitchen,1,12338.67,0.15,UPI,Thiruvananthapuram,Kerala,29.0,Female,10487.87,2025-04,2025
ORD005465,CUST0547,2025-06-11,Business Analytics,Books,3,1039.66,0.0,UPI,Pune,Maharashtra,33.0,Female,3118.98,2025-06,2025
ORD000258,CUST0559,2025-03-13,Smart Watch,Electronics,2,19035.87,0.0,Credit Card,Bengaluru,Karnataka,31.0,Female,38071.74,2025-03,2025
ORD000508,CUST0152,2025-06-19,SQL Guide,Books,3,1056.99,0.05,Credit Card,Hyderabad,Telangana,23.0,Male,3012.42,2025-06,2025
ORD001943,CUST0357,2024-02-01,Running Shoes,Sports,1,1987.23,0.1,Credit Card,Warangal,Telangana,36.0,Male,1788.51,2024-02,2024
ORD000100,CUST0311,2025-03-25,Mixer Grinder,Home & Kitchen,1,6067.48,0.2,UPI,New Delhi,Delhi,18.0,Male,4853.98,2025-03,2025
ORD002956,CUST0121,2024-02-24,Sneakers,Fashion,1,3872.77,0.15,,Hyderabad,Telangana,18.0,Male,3291.85,2024-02,2024
ORD000745,CUST0279,2024-06-02,Backpack,Fashion,2,3965.48,0.0,Debit Card,Thiruvananthapuram,Kerala,30.0,Female,7930.96,2024-06,2024
ORD004571,CUST1064,2025-05-10,Backpack,Fashion,2,2417.85,0.1,Credit Card,Thiruvananthapuram,Kerala,33.0,Male,4352.13,2025-05,2025
ORD005553,CUST0854,2025-07-15,Football,Sports,1,4689.19,0.15,UPI,Bengaluru,Karnataka,36.0,Female,3985.81,2025-07,2025
ORD001376,CUST1177,2025-06-20,Backpack,Fashion,2,821.93,0.2,Cash on Delivery,Madurai,Tamil Nadu,33.0,Female,1315.09,2025-06,2025
ORD003867,CUST0590,2025-01-25,Football,Sports,5,6453.98,0.0,Credit Card,Nagpur,Maharashtra,25.0,Female,32269.9,2025-01,2025
ORD003820,CUST0822,2025-04-29,Machine Learning Book,Books,2,797.06,0.2,UPI,Kochi,Kerala,33.0,Female,1275.3,2025-04,2025
ORD003683,CUST0659,2024-12-05,Mixer Grinder,Home & Kitchen,3,6144.13,0.15,Cash on Delivery,Kochi,Kerala,36.0,Female,15667.53,2024-12,2024
ORD001955,CUST0655,2024-11-22,Business Analytics,Books,2,1860.72,0.0,Credit Card,Warangal,Telangana,27.0,Female,3721.44,2024-11,2024
ORD004747,CUST1049,2025-07-10,Sneakers,Fashion,1,452.75,0.1,Net Banking,Mumbai,Maharashtra,27.0,Female,407.48,2025-07,2025
ORD001158,CUST0799,2025-11-14,Machine Learning Book,Books,1,1719.86,0.0,UPI,New Delhi,Delhi,39.0,Male,1719.86,2025-11,2025
ORD004369,CUST1174,2024-02-15,Power Bank,Electronics,2,61113.98,0.05,UPI,Bengaluru,Karnataka,24.0,Female,116116.56,2024-02,2024
ORD003366,CUST0414,2024-12-14,Table Lamp,Home & Kitchen,1,9128.18,0.1,UPI,Mysuru,Karnataka,34.0,Female,8215.36,2024-12,2024
ORD004906,CUST0048,2025-03-28,Power Bank,Electronics,1,31464.92,0.1,Credit Card,Thiruvananthapuram,Kerala,43.0,Male,28318.43,2025-03,2025
ORD001438,CUST1089,2025-01-31,Cricket Bat,Sports,4,9123.39,0.1,UPI,Kochi,Kerala,41.0,Female,32844.2,2025-01,2025
ORD000367,CUST0076,2025-05-29,Face Wash,Beauty,4,1824.43,0.05,Cash on Delivery,Bengaluru,Karnataka,22.0,Male,6932.83,2025-05,2025
ORD004814,CUST0886,2024-09-03,Cookware Set,Home & Kitchen,2,11118.63,0.15,,Coimbatore,Tamil Nadu,31.0,Male,18901.67,2024-09,2024
ORD002942,CUST0893,2025-10-13,Machine Learning Book,Books,4,1136.01,0.0,UPI,Salem,Tamil Nadu,38.0,Female,4544.04,2025-10,2025
ORD000403,CUST0862,2025-09-21,Wireless Headphones,Electronics,2,30971.39,0.0,Credit Card,New Delhi,Delhi,24.0,Male,61942.78,2025-09,2025
ORD004645,CUST0612,2024-07-05,Football,Sports,4,3570.77,0.0,Cash on Delivery,Mysuru,Karnataka,32.0,Male,14283.08,2024-07,2024
ORD005655,CUST0298,2025-02-05,Sneakers,Fashion,1,3408.25,0.1,Net Banking,Mangaluru,Karnataka,36.0,Male,3067.42,2025-02,2025
ORD000950,CUST0233,2024-01-02,Moisturizer,Beauty,2,1489.75,0.15,Credit Card,Kochi,Kerala,40.0,Male,2532.57,2024-01,2024
ORD002782,CUST0669,2024-09-26,Python Programming,Books,1,1264.81,0.0,Debit Card,Hyderabad,Telangana,24.0,Female,1264.81,2024-09,2024
ORD000020,CUST0822,2025-12-06,Jacket,Fashion,1,2222.24,0.1,Debit Card,Trichy,Tamil Nadu,47.0,Female,2000.02,2025-12,2025
ORD000230,CUST1133,2025-07-07,Wireless Headphones,Electronics,1,66590.53,0.1,UPI,Thiruvananthapuram,Kerala,18.0,Female,59931.48,2025-07,2025
ORD004188,CUST0992,2025-03-30,Face Wash,Beauty,3,1265.08,,UPI,Chennai,Tamil Nadu,33.0,Female,3225.95,2025-03,2025
ORD000669,CUST0991,2024-11-25,Mixer Grinder,Home & Kitchen,2,7821.53,0.0,Cash on Delivery,Chennai,Tamil Nadu,53.0,Female,15643.06,2024-11,2024
ORD000219,CUST0602,2024-10-27,Python Programming,Books,4,827.56,0.1,Cash on Delivery,Thiruvananthapuram,Kerala,38.0,Male,2979.22,2024-10,2024
ORD005008,CUST0656,2024-01-26,Sunscreen,Beauty,2,2844.1,0.1,Debit Card,Mysuru,Karnataka,23.0,Female,5119.38,2024-01,2024
ORD004025,CUST0731,2024-04-24,Table Lamp,Home & Kitchen,1,4864.6,0.15,Debit Card,Trichy,Tamil Nadu,33.0,Male,4134.91,2024-04,2024
ORD003572,CUST0616,2025-11-11,Shampoo,Beauty,3,1918.73,0.05,UPI,Madurai,Tamil Nadu,30.0,Male,5468.38,2025-11,2025
ORD002514,CUST0859,2025-09-01,Backpack,Fashion,4,2074.85,0.05,Net Banking,Hyderabad,Telangana,29.0,Male,7884.43,2025-09,2025
ORD004391,CUST0085,2025-11-27,Jeans,Fashion,3,1163.05,0.05,UPI,Mumbai,Maharashtra,57.0,Female,3314.69,2025-11,2025
ORD000586,CUST1030,2025-09-14,Power Bank,Electronics,1,35999.72,0.0,UPI,Nagpur,Maharashtra,42.0,Male,35999.72,2025-09,2025
ORD001913,CUST0662,2025-07-30,Cookware Set,Home & Kitchen,2,1440.37,0.05,Credit Card,Mangaluru,Karnataka,21.0,Female,2736.7,2025-07,2025
ORD005378,CUST0993,2025-07-04,Dumbbells,Sports,2,4753.59,0.0,Debit Card,New Delhi,Delhi,40.0,Female,9507.18,2025-07,2025
ORD004432,CUST0122,2024-04-15,Bluetooth Speaker,Electronics,2,5205.43,0.0,Credit Card,Hyderabad,Telangana,23.0,Male,10410.86,2024-04,2024
ORD004348,CUST0370,2024-10-05,Sneakers,Fashion,1,5596.92,0.05,Debit Card,Mangaluru,Karnataka,31.0,Female,5317.07,2024-10,2024
ORD003830,CUST0506,2024-11-30,Bluetooth Speaker,Electronics,2,27260.2,0.0,UPI,Mumbai,Maharashtra,40.0,Male,54520.4,2024-11,2024
ORD003480,CUST0176,2025-05-03,Python Programming,Books,2,456.68,0.15,Credit Card,Nagpur,Maharashtra,18.0,Female,776.36,2025-05,2025
ORD004578,CUST1049,2024-08-23,Sunscreen,Beauty,5,3277.95,0.0,UPI,Thiruvananthapuram,Kerala,27.0,Female,16389.75,2024-08,2024
ORD000778,CUST1048,2025-12-04,Laptop Stand,Electronics,3,52343.57,0.2,Cash on Delivery,New Delhi,Delhi,30.0,Female,125624.57,2025-12,2025
ORD002315,CUST1021,2025-05-12,T-Shirt,Fashion,1,706.66,0.05,UPI,New Delhi,Delhi,27.0,Male,671.33,2025-05,2025
ORD001019,CUST0250,2025-07-26,Backpack,Fashion,2,5155.63,0.05,Cash on Delivery,Pune,Maharashtra,34.0,Female,9795.7,2025-07,2025
ORD001607,CUST0364,2024-10-02,Coffee Maker,Home & Kitchen,1,7551.64,0.0,Credit Card,Mumbai,Maharashtra,26.0,Female,7551.64,2024-10,2024
ORD002506,CUST1056,2024-08-07,Yoga Mat,Sports,1,8931.05,0.1,Credit Card,Thiruvananthapuram,Kerala,39.0,Male,8037.94,2024-08,2024
ORD002808,CUST0559,2024-04-11,Wireless Headphones,Electronics,1,71533.84,0.1,Debit Card,Pune,Maharashtra,37.0,Female,64380.46,2024-04,2024
ORD004589,CUST0155,2025-11-08,Jeans,Fashion,3,1861.21,0.05,Credit Card,New Delhi,Delhi,33.0,Female,5304.45,2025-11,2025
ORD003214,CUST0139,2024-07-11,Sunscreen,Beauty,1,3013.78,0.1,Cash on Delivery,Warangal,Telangana,34.0,Male,2712.4,2024-07,2024
ORD001492,CUST0842,2025-05-01,SQL Guide,Books,4,2420.31,0.05,UPI,Thiruvananthapuram,Kerala,31.0,Male,9197.18,2025-05,2025
ORD004985,CUST1069,2024-04-21,Jacket,Fashion,1,4791.35,0.05,UPI,Madurai,Tamil Nadu,41.0,Female,4551.78,2024-04,2024
ORD005248,CUST1104,2024-08-13,Backpack,Fashion,2,2079.68,0.15,UPI,Chennai,Tamil Nadu,25.0,Male,3535.46,2024-08,2024
ORD004341,CUST0627,2024-11-22,Power Bank,Electronics,4,27305.99,0.0,UPI,Chennai,Tamil Nadu,28.0,Female,109223.96,2024-11,2024
ORD003661,CUST1169,2024-08-30,Business Analytics,Books,1,1872.53,0.1,Debit Card,Bengaluru,Karnataka,46.0,Female,1685.28,2024-08,2024
ORD004488,CUST1138,2024-01-06,T-Shirt,Fashion,1,3890.73,0.1,UPI,Mangaluru,Karnataka,30.0,Female,3501.66,2024-01,2024
ORD002878,CUST0674,2024-03-14,Smart Watch,Electronics,1,69041.06,0.1,Debit Card,Mysuru,Karnataka,32.0,Female,62136.95,2024-03,2024
ORD001594,CUST0767,2025-05-17,Jeans,Fashion,5,4935.34,0.15,Debit Card,Mumbai,Maharashtra,24.0,Male,20975.2,2025-05,2025
ORD000518,CUST0993,2025-03-17,Running Shoes,Sports,4,5385.16,0.1,UPI,Nagpur,Maharashtra,41.0,Female,19386.58,2025-03,2025
ORD000322,CUST0780,2025-07-16,Coffee Maker,Home & Kitchen,1,7094.08,0.1,Debit Card,Mysuru,Karnataka,47.0,Female,6384.67,2025-07,2025
ORD005265,CUST1081,2025-01-20,Bluetooth Speaker,Electronics,2,57298.94,0.15,Credit Card,New Delhi,Delhi,38.0,Male,97408.2,2025-01,2025
ORD005636,CUST1106,2024-12-04,Sneakers,Fashion,3,5199.29,0.05,Debit Card,Coimbatore,Tamil Nadu,23.0,Female,14817.98,2024-12,2024
ORD004100,CUST0727,2024-08-18,Wireless Headphones,Electronics,1,12650.26,0.05,Debit Card,Mysuru,Karnataka,39.0,Female,12017.75,2024-08,2024
ORD003690,CUST0660,2025-10-04,T-Shirt,Fashion,1,5302.66,0.0,Debit Card,New Delhi,Delhi,34.0,Male,5302.66,2025-10,2025
ORD000218,CUST0127,2024-11-28,T-Shirt,Fashion,4,4398.58,0.1,UPI,Hyderabad,Telangana,42.0,Male,15834.89,2024-11,2024
ORD002656,CUST0895,2024-07-19,T-Shirt,Fashion,2,3816.48,0.2,Net Banking,Warangal,Telangana,32.0,Male,6106.37,2024-07,2024
ORD002389,CUST0568,2025-02-04,Wireless Headphones,Electronics,3,42933.96,0.2,Debit Card,Warangal,Telangana,26.0,Female,103041.5,2025-02,2025
ORD000361,CUST0122,2025-09-03,Dumbbells,Sports,2,3141.95,0.0,UPI,Kochi,Kerala,45.0,Female,6283.9,2025-09,2025
ORD004376,CUST1024,2024-11-19,Coffee Maker,Home & Kitchen,1,1750.57,0.1,UPI,Mumbai,Maharashtra,20.0,Female,1575.51,2024-11,2024
ORD003337,CUST1042,2024-03-20,Laptop Stand,Electronics,1,14411.4,0.15,Credit Card,Thiruvananthapuram,Kerala,28.0,Male,12249.69,2024-03,2024
ORD003011,CUST0249,2024-06-18,Backpack,Fashion,4,5257.71,0.0,UPI,Hyderabad,Telangana,40.0,Male,21030.84,2024-06,2024
ORD002319,CUST0948,2024-11-05,Face Wash,Beauty,2,2359.26,0.15,UPI,Mysuru,Karnataka,30.0,Female,4010.74,2024-11,2024
ORD001053,CUST0038,2025-09-02,T-Shirt,Fashion,4,2920.7,0.1,Credit Card,Kochi,Kerala,37.0,Male,10514.52,2025-09,2025
ORD005141,CUST0554,2025-04-07,Coffee Maker,Home & Kitchen,5,739.8,0.15,Cash on Delivery,New Delhi,Delhi,28.0,Male,3144.15,2025-04,2025
ORD000760,CUST0054,2025-09-06,Bluetooth Speaker,Electronics,1,65429.85,0.15,Credit Card,New Delhi,Delhi,26.0,Male,55615.37,2025-09,2025
ORD004668,CUST0125,2024-01-31,Perfume,Beauty,3,2393.55,0.05,Debit Card,Nagpur,Maharashtra,29.0,Female,6821.62,2024-01,2024
ORD005278,CUST0542,2024-03-26,Wireless Headphones,Electronics,4,28288.1,0.0,UPI,Thiruvananthapuram,Kerala,22.0,Female,113152.4,2024-03,2024
ORD005996,CUST1162,2024-11-09,Running Shoes,Sports,2,4258.88,0.0,UPI,Madurai,Tamil Nadu,35.0,Male,8517.76,2024-11,2024
ORD001427,CUST0721,2025-08-06,Sneakers,Fashion,2,2962.25,0.05,Credit Card,Hyderabad,Telangana,30.0,Female,5628.28,2025-08,2025
ORD004408,CUST0310,2025-05-24,Wireless Headphones,Electronics,1,78101.08,0.15,Debit Card,Mangaluru,Karnataka,35.0,Male,66385.92,2025-05,2025
ORD003698,CUST0996,2024-03-29,Yoga Mat,Sports,1,1172.83,0.05,Cash on Delivery,Thiruvananthapuram,Kerala,38.0,Female,1114.19,2024-03,2024
ORD000215,CUST0730,2024-09-18,SQL Guide,Books,1,715.73,0.1,UPI,Warangal,Telangana,18.0,Female,644.16,2024-09,2024
ORD001615,CUST0349,2025-12-18,Bluetooth Speaker,Electronics,1,34745.33,0.15,UPI,Trichy,Tamil Nadu,18.0,Other,29533.53,2025-12,2025
ORD004676,CUST0298,2024-09-08,Business Analytics,Books,3,900.61,0.1,UPI,Mumbai,Maharashtra,35.0,Female,2431.65,2024-09,2024
ORD001718,CUST0092,2025-01-30,Power Bank,Electronics,1,63658.27,0.1,Cash on Delivery,Hyderabad,Telangana,38.0,Male,57292.44,2025-01,2025
ORD002742,CUST0944,2024-06-29,Football,Sports,2,558.52,0.0,Cash on Delivery,Madurai,Tamil Nadu,38.0,Male,1117.04,2024-06,2024
ORD002054,CUST0421,2024-08-14,Smart Watch,Electronics,1,22863.95,0.1,Credit Card,Bengaluru,Karnataka,25.0,Male,20577.56,2024-08,2024
ORD002999,CUST0758,2025-07-02,Jeans,Fashion,1,1032.84,0.1,Net Banking,Bengaluru,Karnataka,30.0,Female,929.56,2025-07,2025
ORD001984,CUST0153,2024-11-30,Jeans,Fashion,1,4394.94,0.05,UPI,Nagpur,Maharashtra,27.0,Male,4175.19,2024-11,2024
ORD001703,CUST0436,2024-10-11,T-Shirt,Fashion,2,961.76,0.05,UPI,Thiruvananthapuram,Kerala,26.0,Female,1827.34,2024-10,2024
ORD003102,CUST0896,2025-03-26,Table Lamp,Home & Kitchen,1,1838.27,0.05,Credit Card,Bengaluru,Karnataka,30.0,Male,1746.36,2025-03,2025
ORD003035,CUST0500,2025-02-03,Dumbbells,Sports,2,4886.46,0.15,UPI,Trichy,Tamil Nadu,33.0,Female,8306.98,2025-02,2025
ORD005328,CUST0775,2025-05-15,Jeans,Fashion,1,1832.58,0.05,Credit Card,Pune,Maharashtra,22.0,Female,1740.95,2025-05,2025
ORD000197,CUST1012,2025-07-07,Football,Sports,1,5471.63,0.05,Debit Card,Coimbatore,Tamil Nadu,42.0,Female,5198.05,2025-07,2025
ORD000726,CUST0983,2025-03-29,Jacket,Fashion,1,999.15,0.1,Cash on Delivery,Madurai,Tamil Nadu,24.0,Male,899.24,2025-03,2025
ORD003919,CUST0511,2025-07-16,Coffee Maker,Home & Kitchen,2,10517.8,0.0,Cash on Delivery,Kochi,Kerala,33.0,Male,21035.6,2025-07,2025
ORD001513,CUST1054,2024-04-22,Running Shoes,Sports,1,2205.2,0.0,UPI,New Delhi,Delhi,29.0,Female,2205.2,2024-04,2024
ORD002624,CUST1126,2025-10-21,Football,Sports,1,4611.05,0.05,UPI,Warangal,Telangana,37.0,Female,4380.5,2025-10,2025
ORD004539,CUST0032,2025-02-06,SQL Guide,Books,2,581.88,0.05,UPI,Madurai,Tamil Nadu,26.0,Male,1105.57,2025-02,2025
ORD004696,CUST1132,2025-09-03,Python Programming,Books,3,698.37,0.1,Credit Card,Warangal,Telangana,28.0,Female,1885.6,2025-09,2025
ORD001057,CUST0980,2024-10-23,Jeans,Fashion,1,4644.01,0.1,Debit Card,Warangal,Telangana,18.0,Female,4179.61,2024-10,2024
ORD004994,CUST1161,2024-05-05,Machine Learning Book,Books,4,398.83,0.1,Credit Card,Madurai,Tamil Nadu,22.0,Female,1435.79,2024-05,2024
ORD000888,CUST0844,2025-04-18,Data Analytics Book,Books,2,1701.87,0.15,UPI,Nagpur,Maharashtra,22.0,Female,2893.18,2025-04,2025
ORD002699,CUST0516,2024-11-05,Jeans,Fashion,1,824.26,0.1,UPI,Trichy,Tamil Nadu,25.0,Male,741.83,2024-11,2024
ORD001093,CUST0285,2025-07-28,Shampoo,Beauty,2,2386.39,,Debit Card,Warangal,Telangana,26.0,Male,4772.78,2025-07,2025
ORD005098,CUST0977,2024-03-29,Shampoo,Beauty,2,2688.49,0.0,Debit Card,Hyderabad,Telangana,34.0,Male,5376.98,2024-03,2024
ORD004126,CUST0473,2024-09-22,Yoga Mat,Sports,1,9175.23,0.0,Debit Card,Pune,Maharashtra,36.0,Male,9175.23,2024-09,2024
ORD000569,CUST0814,2025-12-11,Cricket Bat,Sports,1,1675.06,0.1,Debit Card,Thiruvananthapuram,Kerala,32.0,Male,1507.55,2025-12,2025
ORD000517,CUST1171,2024-12-16,Sunscreen,Beauty,1,1296.74,0.2,UPI,New Delhi,Delhi,18.0,Other,1037.39,2024-12,2024
ORD003629,CUST0975,2025-11-21,Coffee Maker,Home & Kitchen,3,9575.43,0.0,Credit Card,Nagpur,Maharashtra,28.0,Male,28726.29,2025-11,2025
ORD004830,CUST0285,2025-12-07,Bedsheet,Home & Kitchen,4,14422.51,0.1,Cash on Delivery,Bengaluru,Karnataka,42.0,Female,51921.04,2025-12,2025
ORD002150,CUST0301,2025-03-12,Smart Watch,Electronics,1,38288.55,0.05,Cash on Delivery,New Delhi,Delhi,26.0,Male,36374.12,2025-03,2025
ORD000140,CUST0397,2025-04-26,Cricket Bat,Sports,1,6666.21,0.05,Debit Card,Kochi,Kerala,26.0,Male,6332.9,2025-04,2025
ORD005830,CUST0113,2025-01-07,Football,Sports,2,4952.33,0.0,Debit Card,Warangal,Telangana,29.0,Female,9904.66,2025-01,2025
ORD005275,CUST0930,2024-12-27,Dumbbells,Sports,2,6135.68,0.15,UPI,Bengaluru,Karnataka,36.0,Male,10430.66,2024-12,2024
ORD002285,CUST0864,2025-06-11,Wireless Headphones,Electronics,5,77807.69,0.1,Credit Card,Mangaluru,Karnataka,30.0,Male,350134.61,2025-06,2025
ORD005011,CUST0527,2024-04-19,Sneakers,Fashion,1,4860.04,0.05,Debit Card,Chennai,Tamil Nadu,28.0,Male,4617.04,2024-04,2024
ORD001150,CUST0757,2024-05-27,Cookware Set,Home & Kitchen,1,4345.8,0.0,Credit Card,Warangal,Telangana,42.0,Female,4345.8,2024-05,2024
ORD004049,CUST1075,2024-12-18,Cookware Set,Home & Kitchen,2,5622.9,0.05,UPI,Bengaluru,Karnataka,25.0,Female,10683.51,2024-12,2024
ORD002499,CUST0920,2024-12-12,Wireless Headphones,Electronics,1,28053.39,0.0,Cash on Delivery,Madurai,Tamil Nadu,40.0,Male,28053.39,2024-12,2024
ORD002274,CUST0233,2025-08-29,Table Lamp,Home & Kitchen,1,5882.04,0.05,UPI,Mumbai,Maharashtra,35.0,Male,5587.94,2025-08,2025
ORD002527,CUST1134,2024-08-11,Bedsheet,Home & Kitchen,2,9158.35,0.2,Credit Card,Mangaluru,Karnataka,18.0,Female,14653.36,2024-08,2024
ORD000464,CUST0087,2025-04-01,T-Shirt,Fashion,3,5199.0,0.2,Credit Card,New Delhi,Delhi,37.0,Male,12477.6,2025-04,2025
ORD003308,CUST0168,2024-07-08,Bluetooth Speaker,Electronics,2,35623.76,0.15,Debit Card,Hyderabad,Telangana,,Male,60560.39,2024-07,2024
ORD003133,CUST0109,2025-05-25,Face Wash,Beauty,1,2907.35,0.15,UPI,Kochi,Kerala,40.0,Male,2471.25,2025-05,2025
ORD004986,CUST0380,2025-10-31,Backpack,Fashion,3,1301.96,0.1,Cash on Delivery,Mumbai,Maharashtra,28.0,Female,3515.29,2025-10,2025
ORD000595,CUST1015,2024-11-28,Sunscreen,Beauty,3,2156.33,0.2,UPI,Mangaluru,Karnataka,40.0,Female,5175.19,2024-11,2024
ORD003081,CUST1126,2024-04-02,Sunscreen,Beauty,1,2590.16,0.15,Credit Card,Nagpur,Maharashtra,31.0,Male,2201.64,2024-04,2024
ORD001808,CUST0870,2025-07-26,Bedsheet,Home & Kitchen,3,5400.94,0.05,UPI,New Delhi,Delhi,47.0,Male,15392.68,2025-07,2025
ORD005137,CUST0125,2024-07-07,Football,Sports,2,7294.19,0.05,UPI,Mumbai,Maharashtra,25.0,Female,13858.96,2024-07,2024
ORD000451,CUST0027,2024-02-13,Backpack,Fashion,3,1008.62,0.2,Credit Card,Kochi,Kerala,36.0,Male,2420.69,2024-02,2024
ORD003044,CUST0291,2024-10-25,Moisturizer,Beauty,5,310.0,0.05,Cash on Delivery,New Delhi,Delhi,28.0,Female,1472.5,2024-10,2024
ORD005827,CUST0168,2024-03-30,T-Shirt,Fashion,2,1522.43,0.15,Credit Card,Pune,Maharashtra,34.0,Female,2588.13,2024-03,2024
ORD000519,CUST1067,2024-10-07,Sneakers,Fashion,1,2790.61,0.05,Cash on Delivery,Pune,Maharashtra,35.0,Male,2651.08,2024-10,2024
ORD002523,CUST1125,2024-03-06,Bedsheet,Home & Kitchen,4,14788.63,0.05,Cash on Delivery,Mysuru,Karnataka,32.0,Male,56196.79,2024-03,2024
ORD000313,CUST1083,2025-09-07,Power Bank,Electronics,1,6896.16,0.1,Credit Card,Pune,Maharashtra,38.0,Female,6206.54,2025-09,2025
ORD005888,CUST0331,2025-11-11,Jeans,Fashion,1,2460.43,0.1,Net Banking,Hyderabad,Telangana,41.0,Male,2214.39,2025-11,2025
ORD004484,CUST0330,2024-04-30,Yoga Mat,Sports,4,6483.77,0.05,Debit Card,Mangaluru,Karnataka,32.0,Male,24638.33,2024-04,2024
ORD002648,CUST0723,2025-03-29,Football,Sports,3,7208.37,0.1,Credit Card,Bengaluru,Karnataka,25.0,Male,19462.6,2025-03,2025
ORD003438,CUST1191,2024-12-22,Running Shoes,Sports,3,7376.25,0.15,Net Banking,New Delhi,Delhi,27.0,Male,18809.44,2024-12,2024
ORD001175,CUST1049,2024-07-22,Table Lamp,Home & Kitchen,3,12513.81,0.1,UPI,Warangal,Telangana,33.0,Female,33787.29,2024-07,2024
ORD003533,CUST0702,2024-01-24,Smart Watch,Electronics,1,13401.12,0.1,Cash on Delivery,Trichy,Tamil Nadu,24.0,Female,12061.01,2024-01,2024
ORD000452,CUST1178,2024-11-29,Shampoo,Beauty,2,3046.44,0.15,Debit Card,Thiruvananthapuram,Kerala,29.0,Male,5178.95,2024-11,2024
ORD005038,CUST0937,2024-04-02,Cricket Bat,Sports,2,9973.98,0.15,Cash on Delivery,Hyderabad,Telangana,33.0,Female,16955.77,2024-04,2024
ORD003425,CUST0225,2024-06-12,Mixer Grinder,Home & Kitchen,2,7883.0,0.1,Debit Card,Kochi,Kerala,,Male,14189.4,2024-06,2024
ORD001113,CUST0486,2024-06-03,Cookware Set,Home & Kitchen,2,7142.2,0.15,UPI,Hyderabad,Telangana,24.0,Male,12141.74,2024-06,2024
ORD004845,CUST0586,2025-12-16,Mixer Grinder,Home & Kitchen,3,1424.94,0.0,Credit Card,Nagpur,Maharashtra,38.0,Male,4274.82,2025-12,2025
ORD001579,CUST0077,2025-04-29,Power Bank,Electronics,3,19121.2,0.05,UPI,Nagpur,Maharashtra,37.0,Female,54495.42,2025-04,2025
ORD000891,CUST1158,2024-07-04,Sneakers,Fashion,3,3257.19,0.0,Debit Card,Kochi,Kerala,27.0,Male,9771.57,2024-07,2024
ORD001616,CUST0272,2024-07-28,Laptop Stand,Electronics,1,64885.77,0.1,Debit Card,New Delhi,Delhi,31.0,Male,58397.19,2024-07,2024
ORD004349,CUST0963,2025-03-12,Machine Learning Book,Books,1,467.34,0.1,Credit Card,New Delhi,Delhi,30.0,Male,420.61,2025-03,2025
ORD003980,CUST0014,2024-05-21,Bedsheet,Home & Kitchen,1,9418.02,0.15,Debit Card,Mangaluru,Karnataka,18.0,Male,8005.32,2024-05,2024
ORD005681,CUST0408,2024-02-15,Machine Learning Book,Books,1,1640.46,0.05,Cash on Delivery,New Delhi,Delhi,32.0,Male,1558.44,2024-02,2024
ORD005840,CUST0718,2025-02-25,Smart Watch,Electronics,3,10163.17,0.05,Net Banking,New Delhi,Delhi,28.0,Female,28965.03,2025-02,2025
ORD002926,CUST0785,2025-05-31,Python Programming,Books,1,1447.32,0.15,Debit Card,Nagpur,Maharashtra,27.0,Female,1230.22,2025-05,2025
ORD001264,CUST0769,2025-04-07,Smart Watch,Electronics,3,27781.57,0.05,Debit Card,Mangaluru,Karnataka,33.0,Female,79177.47,2025-04,2025
ORD005616,CUST1052,2025-05-18,Running Shoes,Sports,1,9011.72,0.0,Net Banking,New Delhi,Delhi,34.0,Male,9011.72,2025-05,2025
ORD001000,CUST0240,2025-07-24,Sunscreen,Beauty,1,1378.59,0.1,Debit Card,Hyderabad,Telangana,37.0,Male,1240.73,2025-07,2025
ORD003762,CUST0242,2025-09-22,Backpack,Fashion,1,4555.2,0.1,Debit Card,Bengaluru,Karnataka,36.0,Female,4099.68,2025-09,2025
ORD001360,CUST0674,2024-07-20,Machine Learning Book,Books,1,1630.36,0.0,UPI,Coimbatore,Tamil Nadu,53.0,Male,1630.36,2024-07,2024
ORD005995,CUST0391,2024-12-05,Machine Learning Book,Books,3,1919.72,0.1,Credit Card,Bengaluru,Karnataka,30.0,Female,5183.24,2024-12,2024
ORD001477,CUST0806,2025-10-18,T-Shirt,Fashion,1,4408.17,0.1,Credit Card,Kochi,Kerala,,Male,3967.35,2025-10,2025
ORD000193,CUST0593,2024-10-15,Machine Learning Book,Books,2,758.83,0.15,Credit Card,Mysuru,Karnataka,43.0,Female,1290.01,2024-10,2024
ORD004693,CUST0769,2025-05-20,Bluetooth Speaker,Electronics,4,58663.97,0.1,Net Banking,Thiruvananthapuram,Kerala,42.0,Female,211190.29,2025-05,2025
ORD005399,CUST0244,2025-05-15,Laptop Stand,Electronics,1,70418.53,0.1,UPI,Mumbai,Maharashtra,45.0,Female,63376.68,2025-05,2025
ORD002793,CUST0762,2024-11-11,Shampoo,Beauty,4,2580.88,0.15,UPI,New Delhi,Delhi,32.0,Male,8774.99,2024-11,2024
ORD005002,CUST0596,2025-06-11,SQL Guide,Books,3,1255.22,0.05,UPI,Trichy,Tamil Nadu,32.0,Female,3577.38,2025-06,2025
ORD002408,CUST0988,2024-05-19,Data Analytics Book,Books,2,1456.68,0.1,UPI,Hyderabad,Telangana,27.0,Male,2622.02,2024-05,2024
ORD005058,CUST1190,2024-12-16,Coffee Maker,Home & Kitchen,4,12310.01,0.0,Debit Card,Pune,Maharashtra,46.0,Male,49240.04,2024-12,2024
ORD001875,CUST0473,2024-08-15,T-Shirt,Fashion,2,4323.43,0.1,Cash on Delivery,Kochi,Kerala,31.0,Male,7782.17,2024-08,2024
ORD005301,CUST0895,2024-11-23,Sneakers,Fashion,1,1153.87,0.15,UPI,Mangaluru,Karnataka,27.0,Female,980.79,2024-11,2024
ORD001339,CUST0019,2025-05-02,Table Lamp,Home & Kitchen,2,11354.11,0.15,UPI,Kochi,Kerala,28.0,Male,19301.99,2025-05,2025
ORD003478,CUST0904,2024-11-26,Data Analytics Book,Books,3,1867.12,0.1,UPI,Warangal,Telangana,46.0,Female,5041.22,2024-11,2024
ORD004843,CUST0620,2024-02-20,Backpack,Fashion,2,2729.94,0.1,UPI,Pune,Maharashtra,19.0,Male,4913.89,2024-02,2024
ORD003872,CUST0099,2024-09-20,Dumbbells,Sports,1,4897.76,0.0,Debit Card,Thiruvananthapuram,Kerala,30.0,Female,4897.76,2024-09,2024
ORD002806,CUST0827,2024-10-04,Table Lamp,Home & Kitchen,2,4742.53,0.05,Credit Card,Hyderabad,Telangana,23.0,Female,9010.81,2024-10,2024
ORD005900,CUST0371,2024-03-20,Wireless Headphones,Electronics,2,37323.75,0.1,Cash on Delivery,Mysuru,Karnataka,24.0,Male,67182.75,2024-03,2024
ORD001294,CUST1170,2025-04-27,Running Shoes,Sports,1,2483.05,0.2,UPI,Salem,Tamil Nadu,50.0,Female,1986.44,2025-04,2025
ORD005286,CUST1156,2024-05-07,SQL Guide,Books,4,1241.07,0.0,Debit Card,Mangaluru,Karnataka,45.0,Female,4964.28,2024-05,2024
ORD004513,CUST0921,2024-03-09,Laptop Stand,Electronics,4,40373.07,0.05,Credit Card,Hyderabad,Telangana,30.0,Female,153417.67,2024-03,2024
ORD005618,CUST0913,2025-03-19,Moisturizer,Beauty,2,1278.84,0.1,Debit Card,Mysuru,Karnataka,26.0,Male,2301.91,2025-03,2025
ORD003520,CUST0873,2024-02-07,Laptop Stand,Electronics,2,19774.43,0.15,Net Banking,Thiruvananthapuram,Kerala,28.0,Female,33616.53,2024-02,2024
ORD002665,CUST0214,2025-03-12,Power Bank,Electronics,2,25846.88,0.05,Credit Card,Kochi,Kerala,35.0,Male,49109.07,2025-03,2025
ORD001908,CUST0342,2024-03-22,Python Programming,Books,1,2451.27,0.05,Credit Card,Trichy,Tamil Nadu,23.0,Male,2328.71,2024-03,2024
ORD003759,CUST1047,2025-09-01,Python Programming,Books,1,799.5,0.1,UPI,Warangal,Telangana,28.0,Female,719.55,2025-09,2025
ORD004154,CUST0390,2025-02-07,Bluetooth Speaker,Electronics,3,14044.88,0.0,Debit Card,Kochi,Kerala,30.0,Male,42134.64,2025-02,2025
ORD000369,CUST0116,2024-12-20,Jeans,Fashion,2,683.49,0.0,Credit Card,Nagpur,Maharashtra,35.0,Female,1366.98,2024-12,2024
ORD001938,CUST0566,2024-04-28,Moisturizer,Beauty,1,1333.46,0.2,Net Banking,Mysuru,Karnataka,34.0,Male,1066.77,2024-04,2024
ORD003574,CUST0842,2024-09-18,Backpack,Fashion,3,4971.93,0.0,Credit Card,Salem,Tamil Nadu,27.0,Male,14915.79,2024-09,2024
ORD001152,CUST0020,2024-11-10,T-Shirt,Fashion,1,1364.42,0.15,Net Banking,New Delhi,Delhi,26.0,Male,1159.76,2024-11,2024
ORD004922,CUST0540,2024-08-07,Bedsheet,Home & Kitchen,1,13354.72,0.1,Credit Card,Chennai,Tamil Nadu,24.0,Male,12019.25,2024-08,2024
ORD004013,CUST0390,2024-09-17,Business Analytics,Books,1,1634.53,0.15,Credit Card,Warangal,Telangana,38.0,Male,1389.35,2024-09,2024
ORD002352,CUST0390,2024-04-27,Face Wash,Beauty,1,2578.02,0.05,UPI,Madurai,Tamil Nadu,30.0,Male,2449.12,2024-04,2024
ORD004052,CUST0616,2024-07-10,Bluetooth Speaker,Electronics,1,32767.52,0.2,Debit Card,New Delhi,Delhi,18.0,Female,26214.02,2024-07,2024
ORD005661,CUST0159,2024-04-18,Mixer Grinder,Home & Kitchen,2,1323.39,0.0,UPI,Mangaluru,Karnataka,26.0,Female,2646.78,2024-04,2024
ORD003556,CUST1044,2025-09-27,Moisturizer,Beauty,3,345.54,0.1,UPI,New Delhi,Delhi,20.0,Female,932.96,2025-09,2025
ORD001873,CUST0703,2024-11-25,Jeans,Fashion,1,1250.56,0.0,Debit Card,Mangaluru,Karnataka,33.0,Female,1250.56,2024-11,2024
ORD005903,CUST0773,2024-08-12,Cricket Bat,Sports,2,7746.8,0.1,Cash on Delivery,Trichy,Tamil Nadu,27.0,Female,13944.24,2024-08,2024
ORD000192,CUST0371,2024-10-31,Business Analytics,Books,1,756.96,0.05,Cash on Delivery,Salem,Tamil Nadu,26.0,Male,719.11,2024-10,2024
ORD002441,CUST0070,2025-02-13,Football,Sports,2,5870.22,0.1,Net Banking,Chennai,Tamil Nadu,18.0,Female,10566.4,2025-02,2025
ORD000109,CUST1064,2024-11-18,Shampoo,Beauty,1,840.03,0.0,UPI,Kochi,Kerala,32.0,Female,840.03,2024-11,2024
ORD000175,CUST1196,2025-12-25,Wireless Headphones,Electronics,1,43886.11,0.1,UPI,Kochi,Kerala,20.0,Female,39497.5,2025-12,2025
ORD003170,CUST0130,2024-01-31,Coffee Maker,Home & Kitchen,3,13081.69,0.15,Credit Card,Salem,Tamil Nadu,40.0,Female,33358.31,2024-01,2024
ORD003353,CUST0922,2024-05-31,Backpack,Fashion,1,2581.71,0.05,UPI,Salem,Tamil Nadu,22.0,Male,2452.62,2024-05,2024
ORD003835,CUST0046,2025-07-27,Power Bank,Electronics,1,52590.92,0.05,Credit Card,Hyderabad,Telangana,18.0,Female,49961.37,2025-07,2025
ORD001599,CUST0128,2024-04-16,T-Shirt,Fashion,2,3252.65,0.1,Credit Card,New Delhi,Delhi,46.0,Female,5854.77,2024-04,2024
ORD001361,CUST0665,2024-09-28,Machine Learning Book,Books,5,1539.89,0.0,UPI,Warangal,Telangana,52.0,Male,7699.45,2024-09,2024
ORD002104,CUST0191,2024-02-01,Face Wash,Beauty,2,3021.14,0.15,Cash on Delivery,Kochi,Kerala,18.0,Male,5135.94,2024-02,2024
ORD005220,CUST0289,2025-08-21,Shampoo,Beauty,2,792.6,0.05,Credit Card,Nagpur,Maharashtra,18.0,Male,1505.94,2025-08,2025
ORD005841,CUST0995,2025-10-02,Jacket,Fashion,3,2582.68,0.15,Debit Card,Nagpur,Maharashtra,31.0,Male,6585.83,2025-10,2025
ORD005044,CUST0785,2024-10-01,Python Programming,Books,1,674.29,0.15,UPI,New Delhi,Delhi,30.0,Male,573.15,2024-10,2024
ORD003581,CUST0415,2024-10-14,Football,Sports,4,4908.1,0.0,Debit Card,Mysuru,Karnataka,21.0,Male,19632.4,2024-10,2024
ORD001165,CUST0504,2024-02-02,Bedsheet,Home & Kitchen,2,9183.09,0.2,Debit Card,New Delhi,Delhi,22.0,Male,14692.94,2024-02,2024
ORD003679,CUST0768,2024-10-05,Running Shoes,Sports,2,1640.26,0.1,Cash on Delivery,New Delhi,Delhi,18.0,Male,2952.47,2024-10,2024
ORD005285,CUST1152,2024-03-16,Bluetooth Speaker,Electronics,4,33489.99,0.2,Credit Card,Hyderabad,Telangana,21.0,Female,107167.97,2024-03,2024
ORD001662,CUST0701,2025-07-04,Bluetooth Speaker,Electronics,1,26209.28,0.0,Credit Card,New Delhi,Delhi,18.0,Male,26209.28,2025-07,2025
ORD000509,CUST0814,2025-04-05,Cricket Bat,Sports,3,593.36,0.05,UPI,New Delhi,Delhi,20.0,Male,1691.08,2025-04,2025
ORD000167,CUST0546,2025-05-24,Backpack,Fashion,3,5395.67,0.2,Debit Card,Mangaluru,Karnataka,18.0,Male,12949.61,2025-05,2025
ORD002788,CUST0951,2024-12-17,Jeans,Fashion,3,4810.04,0.15,Debit Card,Chennai,Tamil Nadu,28.0,Female,12265.6,2024-12,2024
ORD005522,CUST0340,2024-03-15,Bluetooth Speaker,Electronics,1,17787.1,0.0,UPI,New Delhi,Delhi,28.0,Male,17787.1,2024-03,2024
ORD002255,CUST0338,2024-08-15,Power Bank,Electronics,1,22301.56,0.0,UPI,New Delhi,Delhi,35.0,Female,22301.56,2024-08,2024
ORD003962,CUST0206,2024-10-29,Cricket Bat,Sports,1,1653.01,0.15,Cash on Delivery,Salem,Tamil Nadu,46.0,Female,1405.06,2024-10,2024
ORD000104,CUST0564,2025-12-11,Laptop Stand,Electronics,3,10330.83,0.0,Credit Card,Kochi,Kerala,18.0,Male,30992.49,2025-12,2025
ORD002413,CUST0784,2025-02-14,Coffee Maker,Home & Kitchen,1,10333.64,0.05,Credit Card,Kochi,Kerala,22.0,Female,9816.96,2025-02,2025
ORD004926,CUST0618,2024-11-11,Machine Learning Book,Books,1,1360.73,0.05,Debit Card,Kochi,Kerala,34.0,Male,1292.69,2024-11,2024
ORD004882,CUST0407,2025-04-01,Data Analytics Book,Books,1,1259.77,0.1,UPI,Madurai,Tamil Nadu,21.0,Male,1133.79,2025-04,2025
ORD001753,CUST0301,2025-07-02,Laptop Stand,Electronics,2,56577.65,0.05,Cash on Delivery,Thiruvananthapuram,Kerala,33.0,Male,107497.54,2025-07,2025
ORD005355,CUST0907,2025-08-04,SQL Guide,Books,1,1139.86,0.05,Cash on Delivery,Nagpur,Maharashtra,39.0,Other,1082.87,2025-08,2025
ORD005104,CUST0962,2024-08-18,Sneakers,Fashion,1,3538.6,0.05,Cash on Delivery,Kochi,Kerala,22.0,Female,3361.67,2024-08,2024
ORD001659,CUST0365,2024-09-13,Mixer Grinder,Home & Kitchen,4,2171.74,0.05,UPI,Warangal,Telangana,46.0,Male,8252.61,2024-09,2024
ORD000153,CUST0067,2025-07-15,Table Lamp,Home & Kitchen,2,5336.76,0.1,UPI,Mangaluru,Karnataka,18.0,Other,9606.17,2025-07,2025
ORD002587,CUST0608,2024-04-01,Running Shoes,Sports,3,9480.27,0.1,Debit Card,Pune,Maharashtra,36.0,Male,25596.73,2024-04,2024
ORD001584,CUST0838,2024-11-11,Business Analytics,Books,1,331.61,0.2,Credit Card,Mumbai,Maharashtra,31.0,Male,265.29,2024-11,2024
ORD002178,CUST0896,2025-08-07,Business Analytics,Books,1,864.42,0.0,UPI,Coimbatore,Tamil Nadu,33.0,Female,864.42,2025-08,2025
ORD005970,CUST0938,2025-10-25,Wireless Headphones,Electronics,4,74464.19,0.05,UPI,Hyderabad,Telangana,30.0,Female,282963.92,2025-10,2025
ORD004890,CUST1144,2024-06-06,Mixer Grinder,Home & Kitchen,2,12431.67,0.05,Debit Card,Mangaluru,Karnataka,39.0,Female,23620.17,2024-06,2024
ORD002115,CUST1004,2024-02-13,Moisturizer,Beauty,5,2850.11,0.1,Credit Card,Thiruvananthapuram,Kerala,33.0,Female,12825.5,2024-02,2024
ORD002647,CUST0975,2024-03-04,Backpack,Fashion,1,5378.28,0.05,Cash on Delivery,New Delhi,Delhi,34.0,Male,5109.37,2024-03,2024
ORD001823,CUST0078,2025-03-16,Cookware Set,Home & Kitchen,2,549.07,0.05,UPI,New Delhi,Delhi,18.0,Male,1043.23,2025-03,2025
ORD005070,CUST0905,2024-03-11,Cookware Set,Home & Kitchen,1,2921.51,0.0,Net Banking,Mumbai,Maharashtra,35.0,Female,2921.51,2024-03,2024
ORD003127,CUST0426,2024-12-18,Jacket,Fashion,2,5899.67,,Credit Card,Warangal,Telangana,44.0,Male,11799.34,2024-12,2024
ORD000310,CUST0317,2025-04-26,Wireless Headphones,Electronics,2,42069.0,0.05,Debit Card,Warangal,Telangana,29.0,Male,79931.1,2025-04,2025
ORD005792,CUST0109,2025-03-02,Power Bank,Electronics,1,73413.37,0.05,Credit Card,Mumbai,Maharashtra,36.0,Female,69742.7,2025-03,2025
ORD002432,CUST0293,2025-08-06,Coffee Maker,Home & Kitchen,3,7630.04,0.0,UPI,Salem,Tamil Nadu,38.0,Male,22890.12,2025-08,2025
ORD002571,CUST0378,2024-03-12,Python Programming,Books,1,957.78,0.05,UPI,Pune,Maharashtra,24.0,Male,909.89,2024-03,2024
ORD000496,CUST0109,2025-11-14,Cricket Bat,Sports,3,6439.55,0.2,Debit Card,Kochi,Kerala,41.0,Male,15454.92,2025-11,2025
ORD000206,CUST0533,2024-05-22,Power Bank,Electronics,4,19234.84,0.15,UPI,Thiruvananthapuram,Kerala,35.0,Female,65398.46,2024-05,2024
ORD001435,CUST0668,2024-06-14,Wireless Headphones,Electronics,3,57018.3,0.1,Credit Card,Hyderabad,Telangana,32.0,Male,153949.41,2024-06,2024
ORD001136,CUST1167,2024-02-20,Perfume,Beauty,1,2492.07,0.15,UPI,New Delhi,Delhi,41.0,Other,2118.26,2024-02,2024
ORD000869,CUST0622,2024-03-10,Jacket,Fashion,2,5327.17,0.05,Credit Card,Mumbai,Maharashtra,18.0,Male,10121.62,2024-03,2024
ORD000306,CUST0425,2024-12-01,Bedsheet,Home & Kitchen,2,3159.91,0.15,Cash on Delivery,New Delhi,Delhi,38.0,Female,5371.85,2024-12,2024
ORD001850,CUST0662,2024-12-02,Bluetooth Speaker,Electronics,1,58615.87,0.0,UPI,Pune,Maharashtra,23.0,Male,58615.87,2024-12,2024
ORD002237,CUST0329,2024-01-06,Jeans,Fashion,2,1211.67,0.15,Debit Card,Thiruvananthapuram,Kerala,34.0,Female,2059.84,2024-01,2024
ORD001989,CUST0253,2025-05-05,Yoga Mat,Sports,3,3983.4,0.15,UPI,Mysuru,Karnataka,18.0,Male,10157.67,2025-05,2025
ORD005968,CUST1106,2024-08-24,Smart Watch,Electronics,3,74407.8,0.15,Cash on Delivery,Nagpur,Maharashtra,27.0,Male,189739.89,2024-08,2024
ORD001535,CUST0150,2025-02-20,Python Programming,Books,2,772.29,0.0,Credit Card,Mumbai,Maharashtra,31.0,Male,1544.58,2025-02,2025
ORD000844,CUST0290,2025-10-25,Yoga Mat,Sports,2,3642.53,0.15,UPI,Salem,Tamil Nadu,31.0,Male,6192.3,2025-10,2025
ORD001988,CUST0611,2024-07-22,Perfume,Beauty,2,1231.54,0.15,UPI,New Delhi,Delhi,33.0,Female,2093.62,2024-07,2024
ORD005596,CUST0159,2024-10-03,Power Bank,Electronics,3,72697.69,0.1,UPI,Bengaluru,Karnataka,43.0,Female,196283.76,2024-10,2024
ORD003842,CUST1063,2024-02-09,T-Shirt,Fashion,3,2224.5,,Net Banking,New Delhi,Delhi,34.0,Female,6339.82,2024-02,2024
ORD002537,CUST0715,2025-11-05,Running Shoes,Sports,3,6210.97,0.2,UPI,Mumbai,Maharashtra,25.0,Other,14906.33,2025-11,2025
ORD005281,CUST0329,2025-01-18,Sunscreen,Beauty,1,3624.88,0.05,Debit Card,Kochi,Kerala,19.0,Female,3443.64,2025-01,2025
ORD001539,CUST0893,2024-03-16,Jacket,Fashion,1,538.74,0.15,UPI,Thiruvananthapuram,Kerala,56.0,Male,457.93,2024-03,2024
ORD000212,CUST1059,2025-03-20,Yoga Mat,Sports,1,4628.66,0.15,Credit Card,Kochi,Kerala,41.0,Male,3934.36,2025-03,2025
ORD001958,CUST0556,2025-12-04,Backpack,Fashion,3,2708.17,0.05,UPI,New Delhi,Delhi,18.0,Male,7718.28,2025-12,2025
ORD003722,CUST0723,2025-12-12,Jeans,Fashion,1,418.85,0.2,Net Banking,Mumbai,Maharashtra,28.0,Male,335.08,2025-12,2025
ORD004705,CUST0369,2025-11-06,Football,Sports,2,8476.67,0.05,UPI,Salem,Tamil Nadu,26.0,Male,16105.67,2025-11,2025
ORD002708,CUST0189,2025-02-28,Table Lamp,Home & Kitchen,2,667.81,0.1,UPI,Thiruvananthapuram,Kerala,32.0,Female,1202.06,2025-02,2025
ORD001350,CUST0064,2025-02-04,Mixer Grinder,Home & Kitchen,3,3684.85,0.05,UPI,New Delhi,Delhi,22.0,Male,10501.82,2025-02,2025
ORD004309,CUST0746,2024-04-18,Dumbbells,Sports,1,7816.96,0.2,Credit Card,Salem,Tamil Nadu,19.0,Female,6253.57,2024-04,2024
ORD004588,CUST1190,2025-02-06,Python Programming,Books,1,685.9,0.15,Cash on Delivery,Mumbai,Maharashtra,22.0,Female,583.02,2025-02,2025
ORD000681,CUST1172,2024-09-03,Power Bank,Electronics,3,19219.39,0.1,Credit Card,New Delhi,Delhi,22.0,Male,51892.35,2024-09,2024
ORD000181,CUST1125,2024-03-10,Power Bank,Electronics,2,948.89,0.0,UPI,Warangal,Telangana,24.0,Male,1897.78,2024-03,2024
ORD003758,CUST0341,2024-08-22,Moisturizer,Beauty,2,967.3,0.1,Cash on Delivery,New Delhi,Delhi,18.0,Female,1741.14,2024-08,2024
ORD002227,CUST0606,2024-01-25,Power Bank,Electronics,2,34751.15,0.05,UPI,Coimbatore,Tamil Nadu,39.0,Male,66027.18,2024-01,2024
ORD003291,CUST0555,2024-12-01,Cricket Bat,Sports,1,1083.13,0.0,UPI,Kochi,Kerala,22.0,Male,1083.13,2024-12,2024
ORD000279,CUST0488,2025-02-22,Yoga Mat,Sports,2,5636.98,0.05,UPI,New Delhi,Delhi,31.0,Female,10710.26,2025-02,2025
ORD000290,CUST1151,2025-05-21,Football,Sports,1,6099.81,0.1,Debit Card,Kochi,Kerala,37.0,Female,5489.83,2025-05,2025
ORD004729,CUST0743,2024-12-30,Coffee Maker,Home & Kitchen,2,4103.12,0.05,UPI,New Delhi,Delhi,35.0,Male,7795.93,2024-12,2024
ORD000994,CUST0366,2024-03-09,Coffee Maker,Home & Kitchen,3,2475.65,0.15,UPI,Mangaluru,Karnataka,43.0,Male,6312.91,2024-03,2024
ORD005091,CUST1028,2025-03-10,Yoga Mat,Sports,2,7387.32,0.0,Net Banking,Pune,Maharashtra,33.0,Female,14774.64,2025-03,2025
ORD005039,CUST0421,2025-10-15,Cricket Bat,Sports,3,4704.26,0.05,UPI,Trichy,Tamil Nadu,32.0,Male,13407.14,2025-10,2025
ORD004713,CUST0896,2024-06-09,Bluetooth Speaker,Electronics,3,53279.57,,Credit Card,Warangal,Telangana,21.0,Female,151846.77,2024-06,2024
ORD004807,CUST0349,2024-10-28,Laptop Stand,Electronics,2,29770.07,0.0,Credit Card,Hyderabad,Telangana,18.0,Female,59540.14,2024-10,2024
ORD000271,CUST0536,2025-06-19,Shampoo,Beauty,4,1719.34,0.1,Credit Card,Bengaluru,Karnataka,25.0,Male,6189.62,2025-06,2025
ORD002305,CUST1200,2025-11-09,Sunscreen,Beauty,3,3516.99,0.0,UPI,Chennai,Tamil Nadu,18.0,Female,10550.97,2025-11,2025
ORD004896,CUST0608,2025-02-03,Face Wash,Beauty,1,1173.59,0.0,UPI,New Delhi,Delhi,,Female,1173.59,2025-02,2025
ORD005833,CUST0807,2025-05-29,Jeans,Fashion,3,2256.65,0.15,UPI,Coimbatore,Tamil Nadu,31.0,Male,5754.46,2025-05,2025
ORD005806,CUST1008,2024-08-08,Backpack,Fashion,2,1807.33,0.1,Cash on Delivery,Pune,Maharashtra,18.0,Female,3253.19,2024-08,2024
ORD000112,CUST0866,2024-08-10,Table Lamp,Home & Kitchen,1,6767.49,0.15,Credit Card,Pune,Maharashtra,42.0,Male,5752.37,2024-08,2024
ORD001392,CUST0307,2024-09-08,Business Analytics,Books,3,589.37,0.0,UPI,Mangaluru,Karnataka,22.0,Male,1768.11,2024-09,2024
ORD000221,CUST0202,2024-04-14,Sneakers,Fashion,1,1362.35,0.1,Debit Card,Thiruvananthapuram,Kerala,20.0,Male,1226.12,2024-04,2024
ORD005204,CUST0744,2024-09-12,Coffee Maker,Home & Kitchen,1,7995.79,0.15,UPI,Salem,Tamil Nadu,45.0,Male,6796.42,2024-09,2024
ORD000084,CUST0759,2024-11-08,Sneakers,Fashion,3,1399.85,0.1,UPI,Thiruvananthapuram,Kerala,39.0,Male,3779.59,2024-11,2024
ORD003434,CUST0049,2024-10-03,Table Lamp,Home & Kitchen,2,1303.83,0.0,UPI,Hyderabad,Telangana,26.0,Female,2607.66,2024-10,2024
ORD000462,CUST1095,2024-05-27,Shampoo,Beauty,2,350.75,0.05,UPI,Mysuru,Karnataka,29.0,Female,666.42,2024-05,2024
ORD005272,CUST0969,2024-08-29,Mixer Grinder,Home & Kitchen,2,8082.0,0.15,Credit Card,Trichy,Tamil Nadu,18.0,Male,13739.4,2024-08,2024
ORD000552,CUST0133,2024-11-24,Data Analytics Book,Books,5,260.95,0.05,UPI,New Delhi,Delhi,30.0,Male,1239.51,2024-11,2024
ORD005041,CUST0928,2025-05-27,Running Shoes,Sports,1,3903.9,0.1,Cash on Delivery,Warangal,Telangana,23.0,Male,3513.51,2025-05,2025
ORD004695,CUST0446,2025-07-18,Coffee Maker,Home & Kitchen,3,8116.99,0.2,UPI,Coimbatore,Tamil Nadu,41.0,Male,19480.78,2025-07,2025
ORD002766,CUST0874,2025-07-17,Bluetooth Speaker,Electronics,2,7979.34,0.0,Credit Card,Mangaluru,Karnataka,38.0,Male,15958.68,2025-07,2025
ORD005166,CUST1113,2024-09-21,Yoga Mat,Sports,1,866.2,0.05,UPI,Mysuru,Karnataka,28.0,Male,822.89,2024-09,2024
ORD002953,CUST0547,2025-10-18,Shampoo,Beauty,1,785.25,0.05,UPI,Madurai,Tamil Nadu,27.0,Male,745.99,2025-10,2025
ORD000651,CUST0628,2024-06-24,Yoga Mat,Sports,2,4828.44,0.1,Cash on Delivery,New Delhi,Delhi,23.0,Female,8691.19,2024-06,2024
ORD000709,CUST0657,2025-08-10,SQL Guide,Books,2,1405.23,0.1,Cash on Delivery,Salem,Tamil Nadu,32.0,Male,2529.41,2025-08,2025
ORD004744,CUST0420,2024-07-17,Table Lamp,Home & Kitchen,2,9707.37,0.0,UPI,Chennai,Tamil Nadu,33.0,Male,19414.74,2024-07,2024
ORD002410,CUST0728,2024-07-04,Cricket Bat,Sports,3,1022.56,0.05,Credit Card,Coimbatore,Tamil Nadu,39.0,Male,2914.3,2024-07,2024
ORD002415,CUST0667,2024-11-11,Laptop Stand,Electronics,1,10995.72,0.0,Credit Card,Mangaluru,Karnataka,40.0,Female,10995.72,2024-11,2024
ORD001425,CUST0259,2024-12-04,Laptop Stand,Electronics,2,17896.62,0.1,Net Banking,New Delhi,Delhi,18.0,Male,32213.92,2024-12,2024
ORD001217,CUST0318,2025-12-18,Wireless Headphones,Electronics,4,76428.71,0.2,Cash on Delivery,Bengaluru,Karnataka,41.0,Male,244571.87,2025-12,2025
ORD004577,CUST0323,2025-07-25,Mixer Grinder,Home & Kitchen,1,11640.84,0.0,UPI,Thiruvananthapuram,Kerala,38.0,Male,11640.84,2025-07,2025
ORD001925,CUST0760,2024-01-22,Sunscreen,Beauty,4,2678.48,0.05,Cash on Delivery,Mangaluru,Karnataka,33.0,Male,10178.22,2024-01,2024
ORD004910,CUST0493,2025-11-28,Football,Sports,3,6836.88,0.0,Cash on Delivery,Salem,Tamil Nadu,21.0,Female,20510.64,2025-11,2025
ORD002684,CUST0819,2024-02-18,Cricket Bat,Sports,1,1203.91,0.05,Cash on Delivery,Mumbai,Maharashtra,18.0,Female,1143.71,2024-02,2024
ORD000315,CUST0923,2025-09-13,Mixer Grinder,Home & Kitchen,3,11718.11,0.1,UPI,Kochi,Kerala,29.0,Other,31638.9,2025-09,2025
ORD002729,CUST0572,2025-07-16,Shampoo,Beauty,5,2616.79,,UPI,New Delhi,Delhi,27.0,Female,11121.36,2025-07,2025
ORD001428,CUST1091,2024-12-14,Jeans,Fashion,2,1331.95,0.15,UPI,Pune,Maharashtra,31.0,Female,2264.32,2024-12,2024
ORD005075,CUST1081,2025-12-23,Football,Sports,2,847.04,0.1,UPI,Bengaluru,Karnataka,26.0,Male,1524.67,2025-12,2025
ORD004754,CUST1199,2025-08-10,Python Programming,Books,3,1678.24,0.15,UPI,Kochi,Kerala,31.0,Male,4279.51,2025-08,2025
ORD004120,CUST1132,2024-06-22,Bluetooth Speaker,Electronics,1,43556.16,0.05,Cash on Delivery,Mysuru,Karnataka,42.0,Male,41378.35,2024-06,2024
ORD003865,CUST0727,2025-10-04,Cricket Bat,Sports,1,9385.38,0.1,UPI,Hyderabad,Telangana,34.0,Male,8446.84,2025-10,2025
ORD003215,CUST0175,2024-05-16,Cookware Set,Home & Kitchen,1,5317.99,0.2,Credit Card,Warangal,Telangana,42.0,Female,4254.39,2024-05,2024
ORD004415,CUST0264,2025-07-03,Yoga Mat,Sports,3,5339.69,0.05,UPI,New Delhi,Delhi,33.0,Female,15218.12,2025-07,2025
ORD003828,CUST0061,2024-05-04,Wireless Headphones,Electronics,1,42328.86,0.1,UPI,Mysuru,Karnataka,18.0,Female,38095.97,2024-05,2024
ORD006000,CUST0403,2024-06-23,Football,Sports,3,8238.86,0.15,Credit Card,Pune,Maharashtra,23.0,Female,21009.09,2024-06,2024
ORD002526,CUST0962,2024-04-18,Dumbbells,Sports,1,723.63,0.0,Cash on Delivery,Bengaluru,Karnataka,32.0,Male,723.63,2024-04,2024
ORD000685,CUST0081,2024-05-01,Python Programming,Books,3,596.83,0.15,Credit Card,Hyderabad,Telangana,20.0,Male,1521.92,2024-05,2024
ORD004395,CUST0914,2025-05-14,Sunscreen,Beauty,2,2520.72,0.1,Cash on Delivery,New Delhi,Delhi,18.0,Female,4537.3,2025-05,2025
ORD002522,CUST1049,2025-05-04,Power Bank,Electronics,4,51805.76,0.15,Credit Card,New Delhi,Delhi,40.0,Female,176139.58,2025-05,2025
ORD002909,CUST0837,2025-11-29,Laptop Stand,Electronics,2,71322.19,0.05,UPI,Mumbai,Maharashtra,22.0,Male,135512.16,2025-11,2025
ORD002390,CUST0320,2024-02-13,Sunscreen,Beauty,1,3491.44,0.0,Credit Card,Kochi,Kerala,19.0,Male,3491.44,2024-02,2024
ORD000327,CUST0976,2025-06-02,Cricket Bat,Sports,1,9024.98,0.1,Net Banking,Kochi,Kerala,39.0,Other,8122.48,2025-06,2025
ORD005014,CUST0362,2024-04-04,Smart Watch,Electronics,2,15624.53,0.05,Credit Card,Kochi,Kerala,34.0,Female,29686.61,2024-04,2024
ORD002593,CUST1095,2025-08-07,Running Shoes,Sports,1,9686.35,0.1,Net Banking,Pune,Maharashtra,32.0,Female,8717.72,2025-08,2025
ORD005186,CUST0352,2025-03-30,Backpack,Fashion,3,4118.05,0.0,Debit Card,Bengaluru,Karnataka,23.0,Female,12354.15,2025-03,2025
ORD002928,CUST1174,2025-11-23,Backpack,Fashion,2,5894.46,0.0,Net Banking,Warangal,Telangana,33.0,Female,11788.92,2025-11,2025
ORD004051,CUST0036,2025-12-30,Python Programming,Books,2,1021.15,0.15,Debit Card,Kochi,Kerala,28.0,Male,1735.96,2025-12,2025
ORD005807,CUST0217,2024-01-18,Business Analytics,Books,1,947.91,0.0,Credit Card,Trichy,Tamil Nadu,18.0,Female,947.91,2024-01,2024
ORD003786,CUST0040,2025-01-11,Jeans,Fashion,1,3799.87,0.05,Debit Card,New Delhi,Delhi,34.0,Male,3609.88,2025-01,2025
ORD000349,CUST0472,2024-07-02,Jacket,Fashion,1,1042.86,0.2,Debit Card,Madurai,Tamil Nadu,19.0,Male,834.29,2024-07,2024
ORD001627,CUST0018,2024-03-12,Yoga Mat,Sports,2,930.65,0.05,Debit Card,Hyderabad,Telangana,30.0,Male,1768.24,2024-03,2024
ORD004411,CUST0133,2025-11-22,Wireless Headphones,Electronics,5,56428.54,0.1,Cash on Delivery,Salem,Tamil Nadu,35.0,Female,253928.43,2025-11,2025
ORD000872,CUST0520,2024-04-13,Cookware Set,Home & Kitchen,4,4820.71,0.0,UPI,Nagpur,Maharashtra,35.0,Male,19282.84,2024-04,2024
ORD003359,CUST0285,2025-04-23,Yoga Mat,Sports,4,8358.38,0.2,UPI,Salem,Tamil Nadu,36.0,Male,26746.82,2025-04,2025
ORD002340,CUST0315,2024-06-23,Data Analytics Book,Books,1,661.08,0.1,UPI,Thiruvananthapuram,Kerala,29.0,Male,594.97,2024-06,2024
ORD004704,CUST0159,2025-03-14,Bedsheet,Home & Kitchen,3,13449.22,0.15,UPI,Salem,Tamil Nadu,18.0,Female,34295.51,2025-03,2025
ORD002122,CUST0730,2025-06-06,Power Bank,Electronics,5,20183.72,0.0,Net Banking,Pune,Maharashtra,22.0,Male,100918.6,2025-06,2025
ORD003928,CUST0092,2025-01-20,Perfume,Beauty,2,2846.97,0.15,Credit Card,Mumbai,Maharashtra,31.0,Female,4839.85,2025-01,2025
ORD000086,CUST0915,2024-05-26,Cookware Set,Home & Kitchen,2,5370.05,0.15,UPI,Mysuru,Karnataka,36.0,Female,9129.09,2024-05,2024
ORD002819,CUST0783,2024-08-08,Coffee Maker,Home & Kitchen,1,1835.69,0.2,Credit Card,New Delhi,Delhi,40.0,Male,1468.55,2024-08,2024
ORD001878,CUST0576,2024-01-27,Face Wash,Beauty,3,3141.28,0.15,Credit Card,Salem,Tamil Nadu,45.0,Male,8010.26,2024-01,2024
ORD005690,CUST0029,2024-08-31,Mixer Grinder,Home & Kitchen,5,3208.45,0.15,UPI,Thiruvananthapuram,Kerala,41.0,Male,13635.91,2024-08,2024
ORD004086,CUST0169,2025-02-07,Jacket,Fashion,3,4188.39,0.15,UPI,Hyderabad,Telangana,34.0,Female,10680.39,2025-02,2025
ORD002376,CUST0387,2024-10-29,Sunscreen,Beauty,1,588.94,0.1,Net Banking,Pune,Maharashtra,29.0,Male,530.05,2024-10,2024
ORD000495,CUST0019,2025-08-27,T-Shirt,Fashion,3,2403.43,0.0,UPI,Kochi,Kerala,27.0,Male,7210.29,2025-08,2025
ORD002967,CUST0004,2024-03-06,Sneakers,Fashion,2,3657.44,0.1,Cash on Delivery,Thiruvananthapuram,Kerala,33.0,Female,6583.39,2024-03,2024
ORD003110,CUST1017,2025-08-20,Backpack,Fashion,5,5375.56,0.15,UPI,Bengaluru,Karnataka,28.0,Female,22846.13,2025-08,2025
ORD002760,CUST1187,2024-09-26,Machine Learning Book,Books,3,1782.25,0.05,Credit Card,Salem,Tamil Nadu,40.0,Female,5079.41,2024-09,2024
ORD001271,CUST0296,2025-12-09,Laptop Stand,Electronics,1,21644.85,0.05,UPI,Kochi,Kerala,39.0,Male,20562.61,2025-12,2025
ORD002655,CUST0283,2025-10-21,Sunscreen,Beauty,3,3084.14,0.15,UPI,Trichy,Tamil Nadu,19.0,Female,7864.56,2025-10,2025
ORD002634,CUST0881,2025-12-05,Jeans,Fashion,2,4660.71,0.05,UPI,Mumbai,Maharashtra,32.0,Female,8855.35,2025-12,2025
ORD004955,CUST0417,2025-04-29,Shampoo,Beauty,1,1866.99,0.1,Debit Card,Thiruvananthapuram,Kerala,29.0,Male,1680.29,2025-04,2025
ORD000619,CUST1080,2024-11-18,Jacket,Fashion,1,5243.97,0.05,UPI,Warangal,Telangana,33.0,Female,4981.77,2024-11,2024
ORD005131,CUST0272,2024-06-24,Running Shoes,Sports,1,4196.09,0.15,UPI,Kochi,Kerala,59.0,Female,3566.68,2024-06,2024
ORD002630,CUST0584,2024-05-28,Face Wash,Beauty,3,867.53,0.05,Credit Card,Thiruvananthapuram,Kerala,18.0,Male,2472.46,2024-05,2024
ORD002827,CUST0738,2025-11-08,Mixer Grinder,Home & Kitchen,3,6922.85,0.0,Credit Card,Mangaluru,Karnataka,27.0,Male,20768.55,2025-11,2025
ORD005228,CUST0672,2024-03-23,Smart Watch,Electronics,2,4476.87,0.1,Credit Card,Bengaluru,Karnataka,49.0,Female,8058.37,2024-03,2024
ORD002230,CUST0585,2024-02-21,Backpack,Fashion,1,669.75,0.15,Credit Card,Kochi,Kerala,43.0,Female,569.29,2024-02,2024
ORD005033,CUST0514,2025-06-13,Wireless Headphones,Electronics,1,63432.16,0.0,UPI,New Delhi,Delhi,18.0,Female,63432.16,2025-06,2025
ORD001414,CUST0623,2024-11-20,T-Shirt,Fashion,4,1298.05,0.1,UPI,Hyderabad,Telangana,45.0,Other,4672.98,2024-11,2024
ORD002202,CUST0931,2025-11-28,Laptop Stand,Electronics,1,75760.65,0.05,UPI,Mysuru,Karnataka,,Female,71972.62,2025-11,2025
ORD004964,CUST0009,2025-01-29,Bluetooth Speaker,Electronics,2,45254.68,0.2,Debit Card,Mysuru,Karnataka,18.0,Female,72407.49,2025-01,2025
ORD004478,CUST0643,2025-09-12,Backpack,Fashion,3,4475.14,0.05,Credit Card,New Delhi,Delhi,44.0,Female,12754.15,2025-09,2025
ORD000870,CUST0368,2024-02-20,Coffee Maker,Home & Kitchen,3,2858.46,0.15,Debit Card,Bengaluru,Karnataka,26.0,Female,7289.07,2024-02,2024
ORD002007,CUST0405,2025-05-22,Smart Watch,Electronics,1,29705.97,0.0,Credit Card,Thiruvananthapuram,Kerala,43.0,Male,29705.97,2025-05,2025
ORD004148,CUST0599,2024-01-27,Business Analytics,Books,1,739.71,0.15,UPI,Hyderabad,Telangana,26.0,Male,628.75,2024-01,2024
ORD000357,CUST0694,2024-07-09,Data Analytics Book,Books,3,988.4,0.0,UPI,New Delhi,Delhi,18.0,Male,2965.2,2024-07,2024
ORD001163,CUST0137,2024-06-27,Backpack,Fashion,3,5708.34,0.1,Cash on Delivery,New Delhi,Delhi,24.0,Male,15412.52,2024-06,2024
ORD004555,CUST1100,2024-05-13,Mixer Grinder,Home & Kitchen,2,7547.43,0.15,UPI,Pune,Maharashtra,36.0,Female,12830.63,2024-05,2024
ORD002407,CUST0394,2024-06-03,Yoga Mat,Sports,2,2925.72,0.0,UPI,New Delhi,Delhi,41.0,Female,5851.44,2024-06,2024
ORD005916,CUST0816,2025-07-28,Machine Learning Book,Books,2,2039.75,0.05,UPI,Coimbatore,Tamil Nadu,24.0,Female,3875.52,2025-07,2025
ORD001891,CUST0189,2025-08-16,Laptop Stand,Electronics,2,69292.27,0.0,Debit Card,Pune,Maharashtra,47.0,Female,138584.54,2025-08,2025
ORD000580,CUST0993,2024-09-17,Running Shoes,Sports,3,2308.63,0.05,UPI,Salem,Tamil Nadu,18.0,Female,6579.6,2024-09,2024
ORD002553,CUST1055,2024-09-10,Backpack,Fashion,1,1593.06,0.0,UPI,Mumbai,Maharashtra,29.0,Female,1593.06,2024-09,2024
ORD001692,CUST0518,2024-08-30,T-Shirt,Fashion,2,4538.98,0.05,Credit Card,Mysuru,Karnataka,32.0,Female,8624.06,2024-08,2024
ORD000863,CUST0383,2025-01-25,Power Bank,Electronics,1,33903.19,0.2,Debit Card,Trichy,Tamil Nadu,34.0,Male,27122.55,2025-01,2025
ORD005370,CUST1132,2024-03-24,Power Bank,Electronics,2,50811.57,0.0,Credit Card,Kochi,Kerala,24.0,Female,101623.14,2024-03,2024
ORD005811,CUST0727,2025-07-23,Jacket,Fashion,1,4860.25,0.05,UPI,Thiruvananthapuram,Kerala,26.0,Male,4617.24,2025-07,2025
ORD004790,CUST0989,2024-03-30,Laptop Stand,Electronics,1,53871.15,0.15,Credit Card,Mumbai,Maharashtra,29.0,Female,45790.48,2024-03,2024
ORD004646,CUST0915,2024-12-26,SQL Guide,Books,3,637.65,0.05,Cash on Delivery,Kochi,Kerala,30.0,Male,1817.3,2024-12,2024
ORD001117,CUST0116,2024-09-24,Smart Watch,Electronics,1,17514.24,0.0,UPI,Salem,Tamil Nadu,35.0,Female,17514.24,2024-09,2024
ORD001542,CUST0107,2024-11-12,Coffee Maker,Home & Kitchen,3,3042.16,0.15,Debit Card,Mysuru,Karnataka,27.0,Male,7757.51,2024-11,2024
ORD003791,CUST0699,2025-06-29,Wireless Headphones,Electronics,3,32922.94,0.05,UPI,Madurai,Tamil Nadu,19.0,Male,93830.38,2025-06,2025
ORD004616,CUST0661,2024-02-19,Jeans,Fashion,1,4565.04,0.0,UPI,Mangaluru,Karnataka,32.0,Male,4565.04,2024-02,2024
ORD005519,CUST0549,2024-05-30,Jacket,Fashion,1,899.19,0.05,UPI,Mysuru,Karnataka,19.0,Female,854.23,2024-05,2024
ORD003296,CUST0195,2025-11-09,Sneakers,Fashion,4,5381.31,0.1,UPI,Kochi,Kerala,33.0,Male,19372.72,2025-11,2025
ORD005299,CUST0240,2025-12-13,Wireless Headphones,Electronics,3,48126.51,0.05,UPI,Hyderabad,Telangana,34.0,Male,137160.55,2025-12,2025
ORD005314,CUST0957,2024-10-01,Backpack,Fashion,4,4315.02,0.15,Credit Card,Bengaluru,Karnataka,31.0,Male,14671.07,2024-10,2024
ORD005905,CUST0810,2025-01-31,Bedsheet,Home & Kitchen,1,4715.84,0.15,Net Banking,Warangal,Telangana,43.0,Female,4008.46,2025-01,2025
ORD003048,CUST1125,2025-03-02,Bedsheet,Home & Kitchen,3,12815.48,0.05,Debit Card,Hyderabad,Telangana,28.0,Female,36524.12,2025-03,2025
ORD005724,CUST0944,2025-10-06,Laptop Stand,Electronics,1,42339.77,0.0,Net Banking,Bengaluru,Karnataka,33.0,Male,42339.77,2025-10,2025
ORD002438,CUST0197,2025-07-10,Mixer Grinder,Home & Kitchen,1,5293.89,0.15,Cash on Delivery,Hyderabad,Telangana,25.0,Female,4499.81,2025-07,2025
ORD005755,CUST0721,2024-11-12,Mixer Grinder,Home & Kitchen,1,7924.46,0.05,Net Banking,Nagpur,Maharashtra,34.0,Male,7528.24,2024-11,2024
ORD002053,CUST1132,2025-11-02,Power Bank,Electronics,1,33281.02,0.05,Cash on Delivery,Nagpur,Maharashtra,18.0,Male,31616.97,2025-11,2025
ORD001777,CUST1156,2025-04-08,Bluetooth Speaker,Electronics,3,69996.2,0.2,UPI,Trichy,Tamil Nadu,32.0,Female,167990.88,2025-04,2025
ORD003270,CUST0307,2025-04-24,Cookware Set,Home & Kitchen,3,7809.81,0.15,UPI,Trichy,Tamil Nadu,18.0,Male,19915.02,2025-04,2025
ORD004303,CUST0592,2024-02-04,Laptop Stand,Electronics,3,18330.16,0.1,Credit Card,Kochi,Kerala,42.0,Other,49491.43,2024-02,2024
ORD001593,CUST0626,2024-02-12,Table Lamp,Home & Kitchen,2,641.7,0.15,Cash on Delivery,New Delhi,Delhi,21.0,Female,1090.89,2024-02,2024
ORD001724,CUST0246,2024-11-16,Shampoo,Beauty,2,3396.9,0.15,Credit Card,Kochi,Kerala,25.0,Female,5774.73,2024-11,2024
ORD004694,CUST0079,2025-06-24,Shampoo,Beauty,1,2054.32,0.05,Debit Card,Mumbai,Maharashtra,34.0,Female,1951.6,2025-06,2025
ORD004042,CUST0004,2024-06-19,Jacket,Fashion,1,2757.42,0.15,UPI,Bengaluru,Karnataka,22.0,Female,2343.81,2024-06,2024
ORD000491,CUST0420,2024-03-02,Backpack,Fashion,1,2957.69,0.05,UPI,Mumbai,Maharashtra,29.0,Female,2809.81,2024-03,2024
ORD005078,CUST0302,2024-03-29,Jacket,Fashion,2,1872.02,0.0,UPI,Nagpur,Maharashtra,36.0,Male,3744.04,2024-03,2024
ORD001007,CUST0389,2025-01-20,Power Bank,Electronics,2,33371.41,0.05,UPI,Kochi,Kerala,33.0,Female,63405.68,2025-01,2025
ORD003149,CUST0212,2025-09-25,Bluetooth Speaker,Electronics,2,57480.13,0.1,Credit Card,New Delhi,Delhi,22.0,Male,103464.23,2025-09,2025
ORD004249,CUST0261,2024-11-06,Moisturizer,Beauty,3,1943.31,0.0,UPI,Pune,Maharashtra,,Female,5829.93,2024-11,2024
ORD001418,CUST0471,2024-02-07,Smart Watch,Electronics,1,14032.23,0.2,Debit Card,New Delhi,Delhi,31.0,Other,11225.78,2024-02,2024
ORD000026,CUST0903,2025-05-20,Table Lamp,Home & Kitchen,1,1236.14,0.15,UPI,Hyderabad,Telangana,24.0,Male,1050.72,2025-05,2025
ORD001114,CUST0484,2025-07-08,SQL Guide,Books,1,992.09,,Debit Card,Madurai,Tamil Nadu,37.0,Male,892.88,2025-07,2025
ORD005586,CUST1115,2025-08-02,Business Analytics,Books,3,768.91,0.0,Credit Card,Mumbai,Maharashtra,23.0,Male,2306.73,2025-08,2025
ORD001553,CUST0444,2025-01-27,T-Shirt,Fashion,3,4639.38,0.1,Debit Card,Nagpur,Maharashtra,36.0,Female,12526.33,2025-01,2025
ORD005124,CUST0577,2024-05-31,Football,Sports,3,3006.57,0.1,Credit Card,Nagpur,Maharashtra,31.0,Female,8117.74,2024-05,2024
ORD004483,CUST0729,2024-01-22,Dumbbells,Sports,2,5690.58,0.0,Cash on Delivery,Warangal,Telangana,27.0,Male,11381.16,2024-01,2024
ORD000434,CUST1111,2024-06-20,Bluetooth Speaker,Electronics,2,46563.98,0.05,Credit Card,Bengaluru,Karnataka,27.0,Female,88471.56,2024-06,2024
ORD002927,CUST1146,2025-08-01,Football,Sports,1,9022.71,0.05,UPI,Kochi,Kerala,27.0,Female,8571.57,2025-08,2025
ORD003858,CUST1148,2024-08-05,Smart Watch,Electronics,2,16331.17,0.05,Credit Card,Bengaluru,Karnataka,28.0,Female,31029.22,2024-08,2024
ORD004016,CUST0432,2024-12-03,Wireless Headphones,Electronics,2,40975.48,0.05,Debit Card,Pune,Maharashtra,39.0,Male,77853.41,2024-12,2024
ORD002964,CUST0435,2025-09-17,Football,Sports,1,3021.17,0.15,Credit Card,Warangal,Telangana,27.0,Female,2567.99,2025-09,2025
ORD003099,CUST0530,2024-10-08,Machine Learning Book,Books,2,1239.34,0.1,Cash on Delivery,Bengaluru,Karnataka,29.0,Male,2230.81,2024-10,2024
ORD005876,CUST0922,2024-06-17,Jacket,Fashion,2,1489.31,0.05,Credit Card,Thiruvananthapuram,Kerala,42.0,Female,2829.69,2024-06,2024
ORD004457,CUST0577,2024-02-29,Power Bank,Electronics,2,24087.36,0.0,Debit Card,New Delhi,Delhi,42.0,Female,48174.72,2024-02,2024
ORD004541,CUST1072,2025-06-12,Yoga Mat,Sports,4,5933.92,0.05,Credit Card,Coimbatore,Tamil Nadu,24.0,Female,22548.9,2025-06,2025
ORD005769,CUST1146,2025-04-17,Smart Watch,Electronics,1,4297.12,0.1,UPI,Mysuru,Karnataka,18.0,Male,3867.41,2025-04,2025
ORD001103,CUST0802,2025-12-27,Sunscreen,Beauty,1,3462.45,0.1,Credit Card,Trichy,Tamil Nadu,33.0,Male,3116.2,2025-12,2025
ORD005066,CUST0604,2024-03-18,Coffee Maker,Home & Kitchen,1,9943.48,0.0,Cash on Delivery,Madurai,Tamil Nadu,36.0,Male,9943.48,2024-03,2024
ORD004518,CUST1092,2024-05-06,Machine Learning Book,Books,1,1310.96,0.0,Debit Card,Pune,Maharashtra,18.0,Female,1310.96,2024-05,2024
ORD004163,CUST0792,2025-11-28,Jacket,Fashion,1,5601.45,0.15,UPI,Hyderabad,Telangana,18.0,Female,4761.23,2025-11,2025
ORD000195,CUST0571,2024-10-20,Sneakers,Fashion,2,1547.34,0.15,Cash on Delivery,Salem,Tamil Nadu,26.0,Female,2630.48,2024-10,2024
ORD000616,CUST0155,2024-01-23,Sunscreen,Beauty,2,2735.45,0.1,Credit Card,Thiruvananthapuram,Kerala,43.0,Female,4923.81,2024-01,2024
ORD000644,CUST0228,2025-04-09,Cricket Bat,Sports,1,9306.54,0.1,UPI,Salem,Tamil Nadu,18.0,Male,8375.89,2025-04,2025
ORD004310,CUST0846,2025-08-20,Backpack,Fashion,2,3623.95,0.15,Cash on Delivery,Coimbatore,Tamil Nadu,,Male,6160.71,2025-08,2025
ORD003154,CUST0973,2024-10-14,T-Shirt,Fashion,3,5702.29,0.05,UPI,Mangaluru,Karnataka,27.0,Male,16251.53,2024-10,2024
ORD005071,CUST0880,2025-07-14,Sunscreen,Beauty,5,2566.72,0.0,Credit Card,Pune,Maharashtra,24.0,Male,12833.6,2025-07,2025
ORD000331,CUST0637,2025-02-23,Backpack,Fashion,3,1267.58,0.0,Credit Card,Thiruvananthapuram,Kerala,27.0,Male,3802.74,2025-02,2025
ORD003826,CUST0685,2024-03-27,Jeans,Fashion,1,4758.65,0.05,UPI,Trichy,Tamil Nadu,23.0,Male,4520.72,2024-03,2024
ORD004516,CUST1022,2024-05-30,Sunscreen,Beauty,1,3675.25,0.0,UPI,Bengaluru,Karnataka,32.0,Male,3675.25,2024-05,2024
ORD003114,CUST0744,2025-10-03,SQL Guide,Books,3,633.85,0.05,UPI,Thiruvananthapuram,Kerala,25.0,Male,1806.47,2025-10,2025
ORD005366,CUST0111,2024-07-06,Machine Learning Book,Books,2,1436.01,0.1,Net Banking,Mysuru,Karnataka,18.0,Female,2584.82,2024-07,2024
ORD000484,CUST0399,2025-11-08,Bluetooth Speaker,Electronics,1,78649.39,0.1,Debit Card,New Delhi,Delhi,20.0,Male,70784.45,2025-11,2025
ORD005198,CUST0290,2025-11-16,Python Programming,Books,3,2424.66,0.0,Credit Card,Nagpur,Maharashtra,38.0,Female,7273.98,2025-11,2025
ORD002672,CUST0328,2024-05-14,Perfume,Beauty,3,2651.05,0.05,Debit Card,Warangal,Telangana,36.0,Male,7555.49,2024-05,2024
ORD002060,CUST0600,2024-04-16,Perfume,Beauty,1,1198.57,0.1,Net Banking,New Delhi,Delhi,47.0,Female,1078.71,2024-04,2024
ORD004679,CUST0803,2025-07-19,Bluetooth Speaker,Electronics,1,58268.16,0.15,UPI,Thiruvananthapuram,Kerala,33.0,Female,49527.94,2025-07,2025
ORD000033,CUST0762,2024-06-28,Data Analytics Book,Books,4,1544.82,0.05,Debit Card,Kochi,Kerala,29.0,Female,5870.32,2024-06,2024
ORD000665,CUST0180,2024-12-16,Wireless Headphones,Electronics,2,61781.91,0.0,Net Banking,Nagpur,Maharashtra,23.0,Male,123563.82,2024-12,2024
ORD005160,CUST0099,2025-10-07,Running Shoes,Sports,4,2659.96,0.0,Net Banking,New Delhi,Delhi,25.0,Female,10639.84,2025-10,2025
ORD004183,CUST0354,2024-01-22,Cookware Set,Home & Kitchen,1,12571.16,0.1,Credit Card,Pune,Maharashtra,23.0,Female,11314.04,2024-01,2024
ORD001445,CUST1172,2024-04-21,Moisturizer,Beauty,2,1777.17,0.0,Credit Card,Kochi,Kerala,20.0,Female,3554.34,2024-04,2024
ORD002400,CUST0433,2024-11-27,Backpack,Fashion,3,5077.4,0.15,Credit Card,Coimbatore,Tamil Nadu,37.0,Female,12947.37,2024-11,2024
ORD002442,CUST0599,2024-04-24,Mixer Grinder,Home & Kitchen,2,1171.84,0.1,Credit Card,Mumbai,Maharashtra,34.0,Male,2109.31,2024-04,2024
ORD005853,CUST0366,2025-08-10,Mixer Grinder,Home & Kitchen,3,12368.3,0.0,UPI,Kochi,Kerala,38.0,Female,37104.9,2025-08,2025
ORD001706,CUST0988,2025-11-28,Football,Sports,1,8198.89,0.1,UPI,Hyderabad,Telangana,37.0,Male,7379.0,2025-11,2025
ORD005983,CUST0726,2025-09-28,Bluetooth Speaker,Electronics,2,17144.27,0.15,Cash on Delivery,Nagpur,Maharashtra,37.0,Male,29145.26,2025-09,2025
ORD002851,CUST0103,2024-07-29,Bluetooth Speaker,Electronics,1,53574.21,0.0,Debit Card,New Delhi,Delhi,39.0,Male,53574.21,2024-07,2024
ORD005502,CUST0980,2025-12-25,SQL Guide,Books,1,1958.23,0.1,UPI,Kochi,Kerala,23.0,Female,1762.41,2025-12,2025
ORD002278,CUST1072,2025-05-26,T-Shirt,Fashion,2,2421.57,0.15,Debit Card,Kochi,Kerala,20.0,Male,4116.67,2025-05,2025
ORD001402,CUST0205,2025-02-06,Sneakers,Fashion,1,1007.91,0.1,UPI,Bengaluru,Karnataka,30.0,Female,907.12,2025-02,2025
ORD005549,CUST0300,2024-09-27,Sunscreen,Beauty,1,1993.33,0.0,UPI,Hyderabad,Telangana,30.0,Male,1993.33,2024-09,2024
ORD000171,CUST0499,2025-01-25,Bluetooth Speaker,Electronics,2,7343.32,0.1,Cash on Delivery,Bengaluru,Karnataka,42.0,Male,13217.98,2025-01,2025
ORD000541,CUST0062,2025-01-20,Backpack,Fashion,1,1074.12,0.1,Cash on Delivery,Coimbatore,Tamil Nadu,25.0,Male,966.71,2025-01,2025
ORD005466,CUST0938,2024-10-16,Cookware Set,Home & Kitchen,2,8462.14,0.0,Debit Card,Kochi,Kerala,23.0,Male,16924.28,2024-10,2024
ORD004606,CUST0154,2025-06-26,Laptop Stand,Electronics,2,15845.24,0.05,UPI,New Delhi,Delhi,31.0,Male,30105.96,2025-06,2025
ORD002459,CUST0887,2024-12-24,Laptop Stand,Electronics,1,62359.14,0.05,Debit Card,Mangaluru,Karnataka,19.0,Male,59241.18,2024-12,2024
ORD003909,CUST0509,2024-09-02,Perfume,Beauty,2,2796.89,0.2,Net Banking,Chennai,Tamil Nadu,35.0,Female,4475.02,2024-09,2024
ORD000675,CUST1181,2025-05-30,Sneakers,Fashion,1,645.73,0.1,Credit Card,Mysuru,Karnataka,28.0,Female,581.16,2025-05,2025
ORD002919,CUST0244,2025-11-13,Sneakers,Fashion,1,3826.21,0.1,UPI,Thiruvananthapuram,Kerala,31.0,Female,3443.59,2025-11,2025
ORD004077,CUST1144,2025-09-11,Machine Learning Book,Books,2,1343.02,0.2,UPI,Warangal,Telangana,31.0,Female,2148.83,2025-09,2025
ORD001816,CUST0619,2024-03-29,Jeans,Fashion,4,2173.37,0.05,UPI,New Delhi,Delhi,38.0,Other,8258.81,2024-03,2024
ORD002555,CUST1156,2025-06-24,T-Shirt,Fashion,3,665.71,0.0,Cash on Delivery,New Delhi,Delhi,29.0,Female,1997.13,2025-06,2025
ORD002101,CUST0054,2024-10-18,Table Lamp,Home & Kitchen,1,10874.17,0.1,Debit Card,New Delhi,Delhi,24.0,Female,9786.75,2024-10,2024
ORD003126,CUST0479,2024-06-12,Machine Learning Book,Books,2,902.48,0.1,Credit Card,Chennai,Tamil Nadu,27.0,Male,1624.46,2024-06,2024
ORD005494,CUST0171,2024-10-13,Moisturizer,Beauty,3,955.76,0.1,Credit Card,Trichy,Tamil Nadu,30.0,Male,2580.55,2024-10,2024
ORD002102,CUST0845,2024-12-08,Mixer Grinder,Home & Kitchen,1,13103.4,,UPI,Thiruvananthapuram,Kerala,40.0,Male,11793.06,2024-12,2024
ORD005081,CUST0192,2025-05-04,Cricket Bat,Sports,4,4195.01,0.1,Credit Card,Kochi,Kerala,34.0,Male,15102.04,2025-05,2025
ORD002804,CUST1124,2025-06-09,Sunscreen,Beauty,2,3169.14,0.05,Cash on Delivery,New Delhi,Delhi,25.0,Female,6021.37,2025-06,2025
ORD001549,CUST0273,2025-12-09,T-Shirt,Fashion,3,5409.52,0.1,Debit Card,Bengaluru,Karnataka,38.0,Female,14605.7,2025-12,2025
ORD004751,CUST0266,2025-03-21,T-Shirt,Fashion,3,5130.33,0.0,UPI,Coimbatore,Tamil Nadu,18.0,Female,15390.99,2025-03,2025
ORD004851,CUST0886,2025-03-29,Business Analytics,Books,1,2292.64,0.05,Debit Card,Mangaluru,Karnataka,41.0,Female,2178.01,2025-03,2025
ORD000356,CUST0698,2025-09-06,Jeans,Fashion,2,1668.52,0.1,UPI,Hyderabad,Telangana,34.0,Female,3003.34,2025-09,2025
ORD002641,CUST1079,2024-03-18,Cookware Set,Home & Kitchen,3,14082.74,0.0,Cash on Delivery,Warangal,Telangana,31.0,Male,42248.22,2024-03,2024
ORD004170,CUST0491,2025-11-18,Sunscreen,Beauty,3,838.06,0.15,Debit Card,Thiruvananthapuram,Kerala,36.0,Female,2137.05,2025-11,2025
ORD004677,CUST0237,2025-03-05,Shampoo,Beauty,1,1240.63,0.05,Credit Card,Coimbatore,Tamil Nadu,33.0,Male,1178.6,2025-03,2025
ORD005310,CUST0997,2024-04-03,Dumbbells,Sports,4,7445.71,0.1,Cash on Delivery,Warangal,Telangana,26.0,Female,26804.56,2024-04,2024
ORD004274,CUST0573,2025-09-03,Bluetooth Speaker,Electronics,1,9331.4,0.2,UPI,New Delhi,Delhi,38.0,Female,7465.12,2025-09,2025
ORD001052,CUST0444,2025-03-31,Bluetooth Speaker,Electronics,1,2183.48,0.0,Debit Card,New Delhi,Delhi,28.0,Male,2183.48,2025-03,2025
ORD002322,CUST0639,2024-03-29,T-Shirt,Fashion,1,5308.34,0.05,Credit Card,Hyderabad,Telangana,37.0,Male,5042.92,2024-03,2024
ORD004329,CUST0538,2025-01-01,Dumbbells,Sports,2,2435.42,0.15,UPI,Mysuru,Karnataka,32.0,Female,4140.21,2025-01,2025
ORD003920,CUST1151,2024-06-11,Data Analytics Book,Books,2,408.01,0.05,UPI,Warangal,Telangana,36.0,Male,775.22,2024-06,2024
ORD001752,CUST0984,2025-02-02,Smart Watch,Electronics,3,61480.87,0.05,UPI,Kochi,Kerala,25.0,Female,175220.48,2025-02,2025
ORD002465,CUST0068,2024-10-22,Perfume,Beauty,2,3590.91,0.1,Credit Card,Kochi,Kerala,46.0,Male,6463.64,2024-10,2024
ORD001773,CUST0084,2024-10-16,SQL Guide,Books,3,2467.12,0.1,UPI,Bengaluru,Karnataka,19.0,Female,6661.22,2024-10,2024
ORD001197,CUST0108,2025-06-16,Sneakers,Fashion,1,2786.16,0.1,Debit Card,Mangaluru,Karnataka,26.0,Male,2507.54,2025-06,2025
ORD001879,CUST0089,2025-06-19,Bluetooth Speaker,Electronics,2,57607.92,0.05,UPI,Warangal,Telangana,39.0,Male,109455.05,2025-06,2025
ORD002017,CUST0960,2024-05-13,Bedsheet,Home & Kitchen,1,2003.2,0.0,UPI,Mumbai,Maharashtra,20.0,Female,2003.2,2024-05,2024
ORD002006,CUST1178,2025-04-01,T-Shirt,Fashion,1,5606.31,0.1,UPI,Hyderabad,Telangana,29.0,Female,5045.68,2025-04,2025
ORD004076,CUST0508,2024-07-17,Python Programming,Books,3,308.88,0.15,Credit Card,Thiruvananthapuram,Kerala,35.0,Male,787.64,2024-07,2024
ORD001483,CUST0255,2024-12-14,Power Bank,Electronics,5,63929.05,0.05,Cash on Delivery,Coimbatore,Tamil Nadu,21.0,Female,303662.99,2024-12,2024
ORD000329,CUST1122,2025-05-08,Laptop Stand,Electronics,1,35525.77,0.1,Net Banking,Mysuru,Karnataka,24.0,Female,31973.19,2025-05,2025
ORD000649,CUST0606,2025-12-18,Backpack,Fashion,1,1337.83,0.05,UPI,Mysuru,Karnataka,47.0,Female,1270.94,2025-12,2025
ORD002895,CUST0547,2024-02-17,Smart Watch,Electronics,2,71569.57,0.05,UPI,Bengaluru,Karnataka,34.0,Female,135982.18,2024-02,2024
ORD001124,CUST1184,2025-06-12,Sunscreen,Beauty,1,301.22,0.0,Credit Card,New Delhi,Delhi,33.0,Female,301.22,2025-06,2025
ORD002777,CUST0520,2025-02-25,T-Shirt,Fashion,3,3063.13,0.0,Debit Card,Mumbai,Maharashtra,18.0,Female,9189.39,2025-02,2025
ORD002961,CUST1000,2025-09-24,Sneakers,Fashion,2,1935.3,0.05,Debit Card,Mysuru,Karnataka,42.0,Male,3677.07,2025-09,2025
ORD003456,CUST0556,2024-01-14,Running Shoes,Sports,3,8422.69,0.1,Credit Card,Mumbai,Maharashtra,24.0,Female,22741.26,2024-01,2024
ORD002844,CUST0162,2024-11-06,Laptop Stand,Electronics,1,9460.14,0.15,UPI,Warangal,Telangana,40.0,Female,8041.12,2024-11,2024
ORD003090,CUST1167,2024-06-27,Python Programming,Books,1,2479.22,0.05,Debit Card,Mangaluru,Karnataka,46.0,Male,2355.26,2024-06,2024
ORD005022,CUST0844,2025-11-08,Sneakers,Fashion,1,5877.44,0.2,UPI,Warangal,Telangana,49.0,Male,4701.95,2025-11,2025
ORD001260,CUST0561,2024-01-19,Perfume,Beauty,2,2300.26,0.1,Debit Card,Thiruvananthapuram,Kerala,,Male,4140.47,2024-01,2024
ORD004315,CUST0591,2025-11-28,Wireless Headphones,Electronics,3,66809.26,0.0,Debit Card,Thiruvananthapuram,Kerala,34.0,Female,200427.78,2025-11,2025
ORD003412,CUST0817,2024-06-03,Power Bank,Electronics,1,15518.32,0.0,UPI,Chennai,Tamil Nadu,28.0,Male,15518.32,2024-06,2024
ORD004620,CUST0819,2025-05-09,Jeans,Fashion,2,1011.19,0.1,UPI,Pune,Maharashtra,30.0,Female,1820.14,2025-05,2025
ORD001520,CUST0103,2025-11-12,Machine Learning Book,Books,1,1808.3,0.0,Net Banking,Hyderabad,Telangana,41.0,Male,1808.3,2025-11,2025
ORD001379,CUST0114,2024-11-22,Mixer Grinder,Home & Kitchen,2,10270.31,0.1,Credit Card,Hyderabad,Telangana,38.0,Male,18486.56,2024-11,2024
ORD004382,CUST1138,2024-09-04,Shampoo,Beauty,1,3296.18,0.0,Cash on Delivery,Mumbai,Maharashtra,18.0,Male,3296.18,2024-09,2024
ORD001024,CUST1194,2024-06-14,Sunscreen,Beauty,1,2088.84,0.15,UPI,Madurai,Tamil Nadu,25.0,Male,1775.51,2024-06,2024
ORD002877,CUST0938,2025-08-28,Jeans,Fashion,3,3072.37,0.15,Credit Card,Thiruvananthapuram,Kerala,24.0,Male,7834.54,2025-08,2025
ORD004554,CUST0123,2025-09-21,Mixer Grinder,Home & Kitchen,1,11874.77,0.1,UPI,Kochi,Kerala,44.0,Female,10687.29,2025-09,2025
ORD004796,CUST0266,2025-11-17,Laptop Stand,Electronics,2,73708.59,0.0,UPI,Salem,Tamil Nadu,39.0,Female,147417.18,2025-11,2025
ORD000913,CUST0349,2025-08-30,Shampoo,Beauty,1,295.47,0.0,Debit Card,Thiruvananthapuram,Kerala,32.0,Male,295.47,2025-08,2025
ORD004039,CUST0573,2024-08-14,Business Analytics,Books,1,1839.51,0.2,Cash on Delivery,Hyderabad,Telangana,24.0,Other,1471.61,2024-08,2024
ORD001676,CUST0404,2024-09-09,Running Shoes,Sports,2,3985.51,0.1,Cash on Delivery,Coimbatore,Tamil Nadu,40.0,Male,7173.92,2024-09,2024
ORD001747,CUST0079,2025-09-28,Coffee Maker,Home & Kitchen,2,4121.65,0.05,Credit Card,Madurai,Tamil Nadu,42.0,Female,7831.13,2025-09,2025
ORD002971,CUST0465,2024-12-11,Data Analytics Book,Books,1,2040.69,0.05,UPI,Warangal,Telangana,22.0,Female,1938.66,2024-12,2024
ORD001737,CUST0731,2024-03-06,Laptop Stand,Electronics,4,70029.48,0.2,Credit Card,Thiruvananthapuram,Kerala,32.0,Female,224094.34,2024-03,2024
ORD001630,CUST0727,2025-03-12,Bluetooth Speaker,Electronics,2,65954.15,0.05,Credit Card,Warangal,Telangana,32.0,Male,125312.88,2025-03,2025
ORD004320,CUST0420,2024-12-05,Laptop Stand,Electronics,3,67353.95,0.0,UPI,Warangal,Telangana,47.0,Male,202061.85,2024-12,2024
ORD000431,CUST0914,2025-06-01,Machine Learning Book,Books,2,519.89,0.05,Cash on Delivery,New Delhi,Delhi,31.0,Female,987.79,2025-06,2025
ORD001809,CUST0624,2025-06-21,Wireless Headphones,Electronics,5,69055.74,0.0,Debit Card,Pune,Maharashtra,30.0,Female,345278.7,2025-06,2025
ORD003528,CUST0598,2024-05-02,Sneakers,Fashion,1,1482.92,0.1,UPI,Warangal,Telangana,42.0,Male,1334.63,2024-05,2024
ORD002388,CUST0662,2025-01-09,Jeans,Fashion,1,1950.42,0.05,Debit Card,Nagpur,Maharashtra,29.0,Female,1852.9,2025-01,2025
ORD003403,CUST0126,2024-01-17,Running Shoes,Sports,1,1159.04,0.05,Net Banking,Chennai,Tamil Nadu,61.0,Female,1101.09,2024-01,2024
ORD003481,CUST0885,2024-09-23,Shampoo,Beauty,2,3987.55,0.05,Credit Card,Mysuru,Karnataka,49.0,Female,7576.34,2024-09,2024
ORD005707,CUST0469,2024-11-08,Face Wash,Beauty,2,2953.17,0.15,Credit Card,Thiruvananthapuram,Kerala,35.0,Female,5020.39,2024-11,2024
ORD002223,CUST0515,2025-02-27,Wireless Headphones,Electronics,5,42931.94,0.05,Credit Card,Pune,Maharashtra,30.0,Male,203926.72,2025-02,2025
ORD004199,CUST1017,2025-07-23,Laptop Stand,Electronics,2,8448.5,0.0,UPI,Mumbai,Maharashtra,31.0,Male,16897.0,2025-07,2025
ORD004167,CUST0426,2025-10-05,T-Shirt,Fashion,1,1580.48,0.05,UPI,Mumbai,Maharashtra,28.0,Male,1501.46,2025-10,2025
ORD005351,CUST0633,2025-10-08,T-Shirt,Fashion,2,715.99,0.15,UPI,Mumbai,Maharashtra,22.0,Female,1217.18,2025-10,2025
ORD005882,CUST1044,2025-01-16,Jeans,Fashion,1,2784.82,0.15,UPI,Mysuru,Karnataka,18.0,Male,2367.1,2025-01,2025
ORD004587,CUST1093,2024-05-02,Jacket,Fashion,3,756.97,0.15,Cash on Delivery,Warangal,Telangana,33.0,Male,1930.27,2024-05,2024
ORD005325,CUST0452,2024-01-01,Power Bank,Electronics,3,32948.7,0.05,Cash on Delivery,Thiruvananthapuram,Kerala,34.0,Male,93903.79,2024-01,2024
ORD001996,CUST0926,2024-01-16,Smart Watch,Electronics,2,52159.88,0.1,UPI,Hyderabad,Telangana,33.0,Male,93887.78,2024-01,2024
ORD004991,CUST0060,2024-05-14,Data Analytics Book,Books,1,329.56,0.05,UPI,Nagpur,Maharashtra,27.0,Male,313.08,2024-05,2024
ORD002225,CUST0299,2025-01-07,Bluetooth Speaker,Electronics,1,58361.02,0.0,UPI,Chennai,Tamil Nadu,37.0,Female,58361.02,2025-01,2025
ORD001107,CUST0187,2024-03-08,Cookware Set,Home & Kitchen,2,13162.04,0.05,Cash on Delivery,Warangal,Telangana,22.0,Male,25007.88,2024-03,2024
ORD005746,CUST0283,2025-07-25,Business Analytics,Books,3,2087.44,0.15,Credit Card,Bengaluru,Karnataka,45.0,Female,5322.97,2025-07,2025
ORD000819,CUST0180,2024-08-11,Jeans,Fashion,2,2298.37,0.0,Credit Card,Hyderabad,Telangana,19.0,Female,4596.74,2024-08,2024
ORD004073,CUST0499,2025-05-04,Jacket,Fashion,3,3593.47,0.0,UPI,Pune,Maharashtra,30.0,Other,10780.41,2025-05,2025
ORD004359,CUST0864,2025-11-16,Backpack,Fashion,1,5486.69,0.05,Debit Card,Bengaluru,Karnataka,40.0,Male,5212.36,2025-11,2025
ORD001698,CUST0634,2024-08-10,Wireless Headphones,Electronics,4,17194.47,0.2,Cash on Delivery,Warangal,Telangana,49.0,Female,55022.3,2024-08,2024
ORD003222,CUST0075,2025-10-24,Bedsheet,Home & Kitchen,2,6746.38,0.2,Credit Card,Bengaluru,Karnataka,29.0,Male,10794.21,2025-10,2025
ORD000137,CUST1032,2025-01-09,Data Analytics Book,Books,1,289.41,0.0,Cash on Delivery,Thiruvananthapuram,Kerala,38.0,Female,289.41,2025-01,2025
ORD004524,CUST1034,2025-09-29,Cookware Set,Home & Kitchen,1,2714.96,0.15,UPI,Bengaluru,Karnataka,27.0,Male,2307.72,2025-09,2025
ORD002922,CUST0400,2025-09-13,Coffee Maker,Home & Kitchen,4,642.26,0.1,Cash on Delivery,New Delhi,Delhi,29.0,Female,2312.14,2025-09,2025
ORD005317,CUST1093,2024-10-26,Smart Watch,Electronics,3,41341.69,0.15,UPI,New Delhi,Delhi,32.0,Female,105421.31,2024-10,2024
ORD001181,CUST0917,2025-12-08,Coffee Maker,Home & Kitchen,1,3028.17,0.15,Net Banking,Nagpur,Maharashtra,30.0,Male,2573.94,2025-12,2025
ORD003435,CUST0814,2025-09-02,T-Shirt,Fashion,2,4090.97,0.1,UPI,Nagpur,Maharashtra,18.0,Male,7363.75,2025-09,2025
ORD000889,CUST0133,2024-04-03,Running Shoes,Sports,3,601.57,0.05,Cash on Delivery,Warangal,Telangana,18.0,Female,1714.47,2024-04,2024
ORD002657,CUST0481,2025-06-21,Shampoo,Beauty,1,3517.62,0.1,Net Banking,Chennai,Tamil Nadu,29.0,Male,3165.86,2025-06,2025
ORD005734,CUST0784,2025-04-22,Data Analytics Book,Books,2,922.34,0.15,Cash on Delivery,Kochi,Kerala,35.0,Male,1567.98,2025-04,2025
ORD002896,CUST0588,2024-03-10,Laptop Stand,Electronics,2,67163.03,0.15,Credit Card,Madurai,Tamil Nadu,21.0,Female,114177.15,2024-03,2024
ORD000818,CUST0815,2024-01-19,Table Lamp,Home & Kitchen,1,5452.13,0.2,Credit Card,Mangaluru,Karnataka,24.0,Male,4361.7,2024-01,2024
ORD001112,CUST0508,2025-06-09,Bluetooth Speaker,Electronics,2,27623.42,0.15,Credit Card,New Delhi,Delhi,36.0,Male,46959.81,2025-06,2025
ORD003413,CUST0984,2024-04-09,Jeans,Fashion,2,3794.05,0.05,Credit Card,Kochi,Kerala,18.0,Male,7208.7,2024-04,2024
ORD002342,CUST0137,2025-03-14,Jacket,Fashion,1,866.17,0.2,UPI,Hyderabad,Telangana,33.0,Female,692.94,2025-03,2025
ORD005991,CUST1061,2024-12-29,Jeans,Fashion,1,1341.43,0.05,Debit Card,Coimbatore,Tamil Nadu,38.0,Female,1274.36,2024-12,2024
ORD003760,CUST1168,2025-05-03,Mixer Grinder,Home & Kitchen,2,7972.97,0.15,Net Banking,Nagpur,Maharashtra,24.0,Female,13554.05,2025-05,2025
ORD001265,CUST0476,2025-12-09,Shampoo,Beauty,1,3914.29,0.15,Credit Card,New Delhi,Delhi,22.0,Female,3327.15,2025-12,2025
ORD000991,CUST0027,2025-08-07,Face Wash,Beauty,1,2034.73,0.2,UPI,Hyderabad,Telangana,33.0,Male,1627.78,2025-08,2025
ORD003236,CUST0012,2024-05-25,Shampoo,Beauty,2,2572.93,0.1,Cash on Delivery,Kochi,Kerala,47.0,Male,4631.27,2024-05,2024
ORD001740,CUST0654,2025-03-27,Face Wash,Beauty,1,2197.48,0.05,Debit Card,Madurai,Tamil Nadu,24.0,Male,2087.61,2025-03,2025
ORD002478,CUST0788,2025-12-09,Power Bank,Electronics,3,79561.55,0.05,Cash on Delivery,Bengaluru,Karnataka,23.0,Female,226750.42,2025-12,2025
ORD000354,CUST0005,2024-07-10,Power Bank,Electronics,2,18721.0,0.15,Debit Card,Thiruvananthapuram,Kerala,32.0,Male,31825.7,2024-07,2024
ORD005270,CUST0515,2025-08-07,Smart Watch,Electronics,2,41170.51,0.15,Cash on Delivery,Bengaluru,Karnataka,29.0,Female,69989.87,2025-08,2025
ORD002458,CUST0894,2025-12-06,Moisturizer,Beauty,2,1412.85,0.05,Debit Card,New Delhi,Delhi,24.0,Female,2684.41,2025-12,2025
ORD004208,CUST0229,2025-01-01,Jacket,Fashion,1,3620.44,0.1,Net Banking,Hyderabad,Telangana,34.0,Female,3258.4,2025-01,2025
ORD001490,CUST1111,2025-04-09,Backpack,Fashion,4,1669.22,0.1,Credit Card,Chennai,Tamil Nadu,20.0,Male,6009.19,2025-04,2025
ORD003927,CUST0355,2024-05-17,Bluetooth Speaker,Electronics,1,61894.81,0.0,Credit Card,Nagpur,Maharashtra,24.0,Male,61894.81,2024-05,2024
ORD001229,CUST0734,2025-05-30,SQL Guide,Books,1,1681.77,0.1,UPI,New Delhi,Delhi,18.0,Male,1513.59,2025-05,2025
ORD005933,CUST1132,2025-02-02,Jeans,Fashion,3,5894.62,0.05,Credit Card,Mumbai,Maharashtra,20.0,Other,16799.67,2025-02,2025
ORD002690,CUST0998,2025-11-02,Smart Watch,Electronics,1,43783.69,0.15,UPI,Warangal,Telangana,46.0,Female,37216.14,2025-11,2025
ORD005683,CUST0223,2025-11-09,Data Analytics Book,Books,1,814.97,0.0,Credit Card,Warangal,Telangana,36.0,Female,814.97,2025-11,2025
ORD000053,CUST0767,2025-09-15,Power Bank,Electronics,1,28566.53,0.1,Credit Card,Thiruvananthapuram,Kerala,22.0,Male,25709.88,2025-09,2025
ORD003124,CUST0708,2024-12-19,Jeans,Fashion,1,2069.97,0.05,Debit Card,Hyderabad,Telangana,26.0,Female,1966.47,2024-12,2024
ORD003949,CUST0653,2025-11-10,Football,Sports,3,3226.58,0.05,UPI,Chennai,Tamil Nadu,30.0,Male,9195.75,2025-11,2025
ORD003322,CUST0839,2025-03-25,Backpack,Fashion,4,5856.21,0.2,Cash on Delivery,Madurai,Tamil Nadu,44.0,Female,18739.87,2025-03,2025
ORD003653,CUST0861,2025-04-24,Power Bank,Electronics,3,48749.95,0.2,UPI,Mumbai,Maharashtra,30.0,Female,116999.88,2025-04,2025
ORD001590,CUST1156,2024-09-13,T-Shirt,Fashion,2,849.81,0.1,Credit Card,Thiruvananthapuram,Kerala,26.0,Male,1529.66,2024-09,2024
ORD001480,CUST1070,2025-08-17,Sunscreen,Beauty,2,3952.43,0.15,Net Banking,New Delhi,Delhi,32.0,Male,6719.13,2025-08,2025
ORD001470,CUST0839,2025-04-10,Wireless Headphones,Electronics,3,9096.85,0.15,Credit Card,Mangaluru,Karnataka,24.0,Female,23196.97,2025-04,2025
ORD002779,CUST0183,2024-11-17,Smart Watch,Electronics,1,51140.23,0.0,Debit Card,Bengaluru,Karnataka,31.0,Male,51140.23,2024-11,2024
ORD005988,CUST0844,2024-01-19,Sunscreen,Beauty,2,631.56,0.1,Credit Card,Trichy,Tamil Nadu,27.0,Male,1136.81,2024-01,2024
ORD002079,CUST0451,2025-01-28,Face Wash,Beauty,2,3973.41,0.1,Cash on Delivery,Kochi,Kerala,21.0,Female,7152.14,2025-01,2025
ORD003451,CUST0661,2025-07-17,Backpack,Fashion,1,5234.78,0.15,UPI,Hyderabad,Telangana,32.0,Male,4449.56,2025-07,2025
ORD005912,CUST1024,2025-05-03,Machine Learning Book,Books,4,1255.7,0.0,Debit Card,Mangaluru,Karnataka,25.0,Male,5022.8,2025-05,2025
ORD002952,CUST0560,2025-09-22,Face Wash,Beauty,1,2747.83,0.1,Debit Card,Warangal,Telangana,24.0,Female,2473.05,2025-09,2025
ORD000437,CUST0753,2024-12-17,Smart Watch,Electronics,1,37437.41,0.0,UPI,New Delhi,Delhi,32.0,Male,37437.41,2024-12,2024
ORD002887,CUST1110,2024-02-14,Backpack,Fashion,1,2914.72,0.1,UPI,Kochi,Kerala,32.0,Female,2623.25,2024-02,2024
ORD003886,CUST1131,2025-10-30,Bluetooth Speaker,Electronics,1,27389.59,0.05,Cash on Delivery,New Delhi,Delhi,33.0,Female,26020.11,2025-10,2025
ORD001589,CUST0826,2024-03-09,Smart Watch,Electronics,2,76637.37,0.05,Credit Card,Warangal,Telangana,26.0,Female,145611.0,2024-03,2024
ORD004418,CUST0281,2025-12-16,Running Shoes,Sports,2,9845.47,0.05,Cash on Delivery,Madurai,Tamil Nadu,36.0,Female,18706.39,2025-12,2025
ORD001591,CUST0963,2025-06-26,Backpack,Fashion,2,832.99,0.2,Credit Card,Hyderabad,Telangana,34.0,Male,1332.78,2025-06,2025
ORD003251,CUST0409,2025-03-17,Face Wash,Beauty,2,3986.67,0.1,Cash on Delivery,Salem,Tamil Nadu,18.0,Female,7176.01,2025-03,2025
ORD000974,CUST0204,2025-11-12,Mixer Grinder,Home & Kitchen,3,9202.04,0.1,,Mysuru,Karnataka,21.0,Male,24845.51,2025-11,2025
ORD001239,CUST0245,2024-09-05,Table Lamp,Home & Kitchen,3,12055.22,0.05,Debit Card,Bengaluru,Karnataka,36.0,Female,34357.38,2024-09,2024
ORD002343,CUST0568,2025-08-22,Perfume,Beauty,2,1223.53,0.1,Credit Card,Thiruvananthapuram,Kerala,37.0,Male,2202.35,2025-08,2025
ORD002474,CUST0792,2024-11-29,Table Lamp,Home & Kitchen,5,861.29,0.05,Credit Card,New Delhi,Delhi,28.0,Female,4091.13,2024-11,2024
ORD003589,CUST0476,2024-04-22,Bluetooth Speaker,Electronics,3,39147.81,0.2,Cash on Delivery,Mangaluru,Karnataka,27.0,Male,93954.74,2024-04,2024
ORD005121,CUST0131,2025-02-19,Perfume,Beauty,1,3560.92,0.0,UPI,Thiruvananthapuram,Kerala,29.0,Male,3560.92,2025-02,2025
ORD002232,CUST0434,2024-08-26,Dumbbells,Sports,1,4299.95,0.1,UPI,Madurai,Tamil Nadu,33.0,Male,3869.96,2024-08,2024
ORD002519,CUST0514,2024-12-18,Business Analytics,Books,3,1879.69,0.15,Credit Card,New Delhi,Delhi,37.0,Male,4793.21,2024-12,2024
ORD001498,CUST0628,2024-11-23,Python Programming,Books,2,1010.75,0.2,UPI,Thiruvananthapuram,Kerala,44.0,Male,1617.2,2024-11,2024
ORD000450,CUST0129,2024-12-05,Power Bank,Electronics,1,15528.15,0.2,UPI,Mysuru,Karnataka,32.0,Female,12422.52,2024-12,2024
ORD002370,CUST0578,2024-09-17,Laptop Stand,Electronics,1,63518.2,0.05,Debit Card,Bengaluru,Karnataka,35.0,Male,60342.29,2024-09,2024
ORD004123,CUST0268,2024-05-20,Laptop Stand,Electronics,1,43085.91,0.15,UPI,Trichy,Tamil Nadu,21.0,Female,36623.02,2024-05,2024
ORD002423,CUST0923,2025-07-14,Machine Learning Book,Books,2,1676.26,0.05,Credit Card,New Delhi,Delhi,31.0,Female,3184.89,2025-07,2025
ORD005387,CUST0135,2024-10-21,Mixer Grinder,Home & Kitchen,2,13365.77,0.05,Credit Card,Mumbai,Maharashtra,18.0,Female,25394.96,2024-10,2024
ORD005957,CUST0311,2024-06-20,Machine Learning Book,Books,2,616.05,0.15,Cash on Delivery,Mysuru,Karnataka,49.0,Male,1047.28,2024-06,2024
ORD001552,CUST0256,2025-05-01,Laptop Stand,Electronics,2,6079.91,0.1,Credit Card,Bengaluru,Karnataka,41.0,Female,10943.84,2025-05,2025
ORD005319,CUST0761,2025-09-20,Bedsheet,Home & Kitchen,3,10219.57,0.1,UPI,Hyderabad,Telangana,42.0,Female,27592.84,2025-09,2025
ORD001147,CUST0317,2024-02-17,Coffee Maker,Home & Kitchen,2,10439.35,0.0,UPI,Pune,Maharashtra,18.0,Male,20878.7,2024-02,2024
ORD005599,CUST0018,2024-01-30,Backpack,Fashion,2,3771.63,0.05,UPI,Thiruvananthapuram,Kerala,31.0,Male,7166.1,2024-01,2024
ORD002093,CUST1085,2025-03-31,Laptop Stand,Electronics,3,11419.36,0.05,UPI,Chennai,Tamil Nadu,29.0,Male,32545.18,2025-03,2025
ORD001314,CUST0055,2024-05-02,Bedsheet,Home & Kitchen,1,525.01,0.0,UPI,Coimbatore,Tamil Nadu,31.0,Female,525.01,2024-05,2024
ORD002016,CUST0791,2024-11-19,Face Wash,Beauty,2,875.53,0.0,Debit Card,Nagpur,Maharashtra,28.0,Male,1751.06,2024-11,2024
ORD004307,CUST0369,2025-04-16,Smart Watch,Electronics,3,49552.92,0.15,UPI,Chennai,Tamil Nadu,39.0,Male,126359.95,2025-04,2025
ORD003709,CUST0548,2024-10-10,SQL Guide,Books,3,1965.13,0.1,UPI,Warangal,Telangana,44.0,Female,5305.85,2024-10,2024
ORD003009,CUST0936,2025-04-20,Shampoo,Beauty,1,1772.87,0.0,Debit Card,Thiruvananthapuram,Kerala,32.0,Female,1772.87,2025-04,2025
ORD001382,CUST0197,2024-01-20,Jeans,Fashion,1,4789.91,0.05,Credit Card,Thiruvananthapuram,Kerala,43.0,Female,4550.41,2024-01,2024
ORD003249,CUST0515,2025-07-14,Laptop Stand,Electronics,1,52343.85,0.2,UPI,New Delhi,Delhi,36.0,Female,41875.08,2025-07,2025
ORD000414,CUST0076,2025-05-16,Perfume,Beauty,2,504.9,0.0,Net Banking,Hyderabad,Telangana,31.0,Male,1009.8,2025-05,2025
ORD000942,CUST0986,2025-06-02,Jacket,Fashion,3,4789.98,0.1,Cash on Delivery,Hyderabad,Telangana,29.0,Female,12932.95,2025-06,2025
ORD000802,CUST0410,2025-04-30,Power Bank,Electronics,2,78896.54,0.1,Cash on Delivery,Kochi,Kerala,21.0,Female,142013.77,2025-04,2025
ORD004914,CUST0939,2025-09-17,T-Shirt,Fashion,4,5365.45,0.05,Credit Card,Madurai,Tamil Nadu,20.0,Female,20388.71,2025-09,2025
ORD005484,CUST0143,2025-02-08,SQL Guide,Books,1,2485.96,0.05,Cash on Delivery,Bengaluru,Karnataka,25.0,Female,2361.66,2025-02,2025
ORD000257,CUST0507,2025-01-28,Bedsheet,Home & Kitchen,2,12242.97,0.2,UPI,Kochi,Kerala,39.0,Male,19588.75,2025-01,2025
ORD005887,CUST0127,2024-10-11,Running Shoes,Sports,1,4074.24,0.15,UPI,Coimbatore,Tamil Nadu,20.0,Female,3463.1,2024-10,2024
ORD002236,CUST0240,2025-05-01,T-Shirt,Fashion,5,893.46,0.15,Cash on Delivery,Chennai,Tamil Nadu,35.0,Female,3797.2,2025-05,2025
ORD000648,CUST1013,2024-02-28,Sneakers,Fashion,5,5625.23,0.15,Credit Card,Coimbatore,Tamil Nadu,37.0,Male,23907.23,2024-02,2024
ORD001768,CUST0128,2025-04-11,Python Programming,Books,2,870.43,0.0,Cash on Delivery,Thiruvananthapuram,Kerala,39.0,Male,1740.86,2025-04,2025
ORD004106,CUST0258,2025-03-15,Smart Watch,Electronics,2,76497.51,0.0,Credit Card,Mangaluru,Karnataka,30.0,Male,152995.02,2025-03,2025
ORD003936,CUST1160,2025-07-08,T-Shirt,Fashion,1,2295.26,0.1,Cash on Delivery,Bengaluru,Karnataka,38.0,Male,2065.73,2025-07,2025
ORD005413,CUST0172,2024-07-25,Wireless Headphones,Electronics,2,54597.14,0.15,Debit Card,Warangal,Telangana,51.0,Female,92815.14,2024-07,2024
ORD003950,CUST1101,2024-06-19,Coffee Maker,Home & Kitchen,1,9516.56,0.05,Credit Card,Coimbatore,Tamil Nadu,26.0,Female,9040.73,2024-06,2024
ORD000025,CUST0155,2025-09-30,Jeans,Fashion,1,2750.77,0.05,Credit Card,Chennai,Tamil Nadu,34.0,Female,2613.23,2025-09,2025
ORD001089,CUST0931,2025-08-14,Backpack,Fashion,5,1246.96,0.0,Cash on Delivery,Nagpur,Maharashtra,31.0,Female,6234.8,2025-08,2025
ORD005112,CUST1004,2025-06-08,Table Lamp,Home & Kitchen,2,6858.84,0.1,UPI,Kochi,Kerala,18.0,Female,12345.91,2025-06,2025
ORD004166,CUST0674,2025-09-04,Dumbbells,Sports,2,949.25,0.15,Net Banking,Trichy,Tamil Nadu,30.0,Male,1613.72,2025-09,2025
ORD000113,CUST0037,2024-11-30,Laptop Stand,Electronics,2,5387.3,0.0,Cash on Delivery,Warangal,Telangana,35.0,Female,10774.6,2024-11,2024
ORD002312,CUST0220,2025-06-20,Wireless Headphones,Electronics,4,41632.66,0.1,UPI,Mysuru,Karnataka,32.0,Male,149877.58,2025-06,2025
ORD004648,CUST0436,2024-06-13,Running Shoes,Sports,2,8545.79,0.1,Credit Card,Chennai,Tamil Nadu,21.0,Male,15382.42,2024-06,2024
ORD000057,CUST1029,2024-02-20,Jeans,Fashion,2,4266.21,0.0,Debit Card,Thiruvananthapuram,Kerala,18.0,Male,8532.42,2024-02,2024
ORD001310,CUST1079,2024-07-03,Bluetooth Speaker,Electronics,2,60387.03,0.15,UPI,New Delhi,Delhi,35.0,Male,102657.95,2024-07,2024
ORD000696,CUST0589,2025-07-06,Jeans,Fashion,1,4412.14,0.0,Cash on Delivery,Warangal,Telangana,21.0,Female,4412.14,2025-07,2025
ORD004367,CUST0394,2024-04-06,Shampoo,Beauty,2,267.54,0.15,UPI,Nagpur,Maharashtra,34.0,Female,454.82,2024-04,2024
ORD001228,CUST0632,2024-11-06,Jacket,Fashion,2,5342.28,0.0,UPI,Bengaluru,Karnataka,18.0,Female,10684.56,2024-11,2024
ORD002000,CUST0601,2025-11-13,Face Wash,Beauty,1,3357.48,,Credit Card,Warangal,Telangana,24.0,Female,2853.86,2025-11,2025
ORD000277,CUST0313,2025-09-29,Sneakers,Fashion,1,1065.7,0.15,Debit Card,Salem,Tamil Nadu,27.0,Female,905.84,2025-09,2025
ORD004061,CUST0269,2025-08-08,Mixer Grinder,Home & Kitchen,1,12656.33,0.0,Credit Card,New Delhi,Delhi,42.0,Male,12656.33,2025-08,2025
ORD003008,CUST0051,2025-09-14,Laptop Stand,Electronics,2,39269.01,0.0,UPI,Mysuru,Karnataka,48.0,Male,78538.02,2025-09,2025
ORD001834,CUST0308,2024-02-07,Moisturizer,Beauty,2,3349.89,0.05,Credit Card,Thiruvananthapuram,Kerala,36.0,Female,6364.79,2024-02,2024
ORD000683,CUST0558,2024-06-29,Business Analytics,Books,2,538.42,0.0,Credit Card,Nagpur,Maharashtra,42.0,Male,1076.84,2024-06,2024
ORD003140,CUST0648,2024-02-04,Mixer Grinder,Home & Kitchen,4,2827.24,0.1,Cash on Delivery,Kochi,Kerala,20.0,Male,10178.06,2024-02,2024
ORD004335,CUST0780,2025-05-22,Data Analytics Book,Books,1,613.16,0.05,UPI,Mangaluru,Karnataka,34.0,Female,582.5,2025-05,2025
ORD001138,CUST1176,2025-03-28,Sneakers,Fashion,1,3228.65,0.2,UPI,New Delhi,Delhi,33.0,Female,2582.92,2025-03,2025
ORD003753,CUST0769,2025-01-21,Sneakers,Fashion,2,455.28,0.0,Debit Card,New Delhi,Delhi,18.0,Male,910.56,2025-01,2025
ORD003783,CUST0426,2025-06-08,Smart Watch,Electronics,1,10324.91,0.05,Net Banking,Coimbatore,Tamil Nadu,51.0,Female,9808.66,2025-06,2025
ORD003012,CUST0504,2024-02-15,Machine Learning Book,Books,2,1201.97,0.0,Debit Card,Pune,Maharashtra,28.0,Female,2403.94,2024-02,2024
ORD004089,CUST0232,2024-12-21,Cookware Set,Home & Kitchen,2,11544.46,0.1,Credit Card,New Delhi,Delhi,27.0,Female,20780.03,2024-12,2024
ORD004834,CUST0843,2024-02-13,Laptop Stand,Electronics,1,40604.9,0.1,UPI,Mumbai,Maharashtra,33.0,Male,36544.41,2024-02,2024
ORD001347,CUST0413,2025-03-27,Football,Sports,1,2206.02,0.0,UPI,New Delhi,Delhi,29.0,Male,2206.02,2025-03,2025
ORD002551,CUST0533,2024-06-04,Moisturizer,Beauty,2,3276.86,0.15,UPI,Bengaluru,Karnataka,37.0,Female,5570.66,2024-06,2024
ORD004923,CUST0842,2024-07-08,Coffee Maker,Home & Kitchen,2,4697.06,0.0,Debit Card,Pune,Maharashtra,18.0,Female,9394.12,2024-07,2024
ORD002802,CUST0777,2024-04-08,Jacket,Fashion,3,2486.85,0.05,Net Banking,Chennai,Tamil Nadu,27.0,Male,7087.52,2024-04,2024
ORD002385,CUST0874,2025-05-16,Business Analytics,Books,1,1900.43,0.05,UPI,Coimbatore,Tamil Nadu,43.0,Male,1805.41,2025-05,2025
ORD004767,CUST0750,2024-08-31,Jacket,Fashion,2,3340.28,0.0,Net Banking,Bengaluru,Karnataka,35.0,Female,6680.56,2024-08,2024
ORD004177,CUST0511,2024-12-19,Laptop Stand,Electronics,1,77914.27,0.05,Debit Card,Chennai,Tamil Nadu,40.0,Female,74018.56,2024-12,2024
ORD003254,CUST0030,2024-06-02,Bedsheet,Home & Kitchen,5,4995.13,0.0,Debit Card,Hyderabad,Telangana,25.0,Female,24975.65,2024-06,2024
ORD002610,CUST0929,2025-12-07,Laptop Stand,Electronics,3,26876.32,0.15,Credit Card,Hyderabad,Telangana,28.0,Male,68534.62,2025-12,2025
ORD003255,CUST0390,2025-09-07,Dumbbells,Sports,3,3414.43,0.1,Cash on Delivery,Coimbatore,Tamil Nadu,32.0,Female,9218.96,2025-09,2025
ORD002570,CUST0988,2025-05-16,Mixer Grinder,Home & Kitchen,1,10514.33,0.15,Cash on Delivery,Mysuru,Karnataka,28.0,Male,8937.18,2025-05,2025
ORD002754,CUST1066,2024-03-12,Cookware Set,Home & Kitchen,3,8204.69,0.0,Credit Card,Kochi,Kerala,48.0,Male,24614.07,2024-03,2024
ORD004989,CUST0776,2024-09-14,Power Bank,Electronics,2,77268.2,0.0,UPI,Thiruvananthapuram,Kerala,23.0,Female,154536.4,2024-09,2024
ORD004927,CUST0981,2024-06-21,T-Shirt,Fashion,1,3062.93,0.05,Net Banking,Kochi,Kerala,30.0,Male,2909.78,2024-06,2024
ORD000082,CUST1043,2025-02-27,Bluetooth Speaker,Electronics,2,40163.35,0.15,UPI,Mysuru,Karnataka,37.0,Female,68277.69,2025-02,2025
ORD001973,CUST0189,2025-12-17,Backpack,Fashion,2,1288.59,0.05,UPI,Warangal,Telangana,34.0,Male,2448.32,2025-12,2025
ORD001715,CUST0098,2025-06-14,SQL Guide,Books,2,2082.8,0.15,UPI,Hyderabad,Telangana,39.0,Female,3540.76,2025-06,2025
ORD003143,CUST0760,2025-04-13,Sneakers,Fashion,2,2776.53,0.05,UPI,Thiruvananthapuram,Kerala,31.0,Male,5275.41,2025-04,2025
ORD003623,CUST0248,2025-07-04,Perfume,Beauty,2,3364.4,0.0,Debit Card,Mumbai,Maharashtra,32.0,Male,6728.8,2025-07,2025
ORD001947,CUST0748,2025-11-10,Jacket,Fashion,2,2830.46,0.2,UPI,Coimbatore,Tamil Nadu,44.0,Female,4528.74,2025-11,2025
ORD003318,CUST1024,2024-02-14,Shampoo,Beauty,1,2295.91,0.15,Debit Card,Mangaluru,Karnataka,51.0,Male,1951.52,2024-02,2024
ORD004085,CUST0611,2025-11-17,Wireless Headphones,Electronics,1,7467.96,0.1,UPI,Thiruvananthapuram,Kerala,29.0,Female,6721.16,2025-11,2025
ORD004710,CUST0665,2024-09-03,Shampoo,Beauty,4,1838.37,0.2,Credit Card,New Delhi,Delhi,18.0,Male,5882.78,2024-09,2024
ORD001611,CUST0551,2024-03-11,Python Programming,Books,4,1344.89,0.1,Cash on Delivery,New Delhi,Delhi,36.0,Female,4841.6,2024-03,2024
ORD004641,CUST0601,2024-02-17,Backpack,Fashion,1,4329.75,0.15,Credit Card,Kochi,Kerala,39.0,Male,3680.29,2024-02,2024
ORD002891,CUST0810,2024-10-06,Machine Learning Book,Books,2,1720.68,0.15,Credit Card,Thiruvananthapuram,Kerala,36.0,Male,2925.16,2024-10,2024
ORD003246,CUST0280,2024-07-03,Jeans,Fashion,4,3009.46,0.0,UPI,Salem,Tamil Nadu,23.0,Female,12037.84,2024-07,2024
ORD005864,CUST0179,2024-06-16,Power Bank,Electronics,1,47679.1,0.05,Credit Card,Trichy,Tamil Nadu,28.0,Female,45295.14,2024-06,2024
ORD004626,CUST0122,2024-06-10,Backpack,Fashion,2,1437.9,0.05,Net Banking,New Delhi,Delhi,24.0,Male,2732.01,2024-06,2024
ORD000666,CUST0482,2024-04-27,Sneakers,Fashion,1,3653.42,0.1,Credit Card,Pune,Maharashtra,37.0,Male,3288.08,2024-04,2024
ORD002195,CUST1071,2024-08-08,Backpack,Fashion,4,4855.12,0.05,Cash on Delivery,Warangal,Telangana,37.0,Female,18449.46,2024-08,2024
ORD005723,CUST0245,2024-03-06,T-Shirt,Fashion,1,3367.73,0.05,Credit Card,New Delhi,Delhi,18.0,Female,3199.34,2024-03,2024
ORD005101,CUST1133,2025-12-10,T-Shirt,Fashion,1,2047.26,0.05,UPI,Bengaluru,Karnataka,23.0,Male,1944.9,2025-12,2025
ORD001018,CUST0977,2025-04-11,Moisturizer,Beauty,1,2891.07,0.05,Debit Card,Mysuru,Karnataka,27.0,Female,2746.52,2025-04,2025
ORD000558,CUST1154,2025-01-11,Shampoo,Beauty,3,299.8,,Credit Card,Pune,Maharashtra,30.0,Female,809.46,2025-01,2025
ORD004399,CUST0632,2024-10-15,Wireless Headphones,Electronics,3,75585.8,0.15,UPI,Hyderabad,Telangana,43.0,Male,192743.79,2024-10,2024
ORD005767,CUST0806,2025-01-01,Python Programming,Books,4,852.27,0.1,UPI,Mangaluru,Karnataka,18.0,Female,3068.17,2025-01,2025
ORD001208,CUST1026,2024-02-03,Perfume,Beauty,2,2881.98,0.0,UPI,Warangal,Telangana,46.0,Male,5763.96,2024-02,2024
ORD003803,CUST0229,2024-07-22,Coffee Maker,Home & Kitchen,1,9895.46,0.0,UPI,Thiruvananthapuram,Kerala,47.0,Female,9895.46,2024-07,2024
ORD003025,CUST0043,2025-11-14,Moisturizer,Beauty,3,3569.23,0.1,UPI,New Delhi,Delhi,35.0,Female,9636.92,2025-11,2025
ORD001511,CUST0656,2024-03-06,Shampoo,Beauty,1,1815.86,0.1,Credit Card,Trichy,Tamil Nadu,45.0,Male,1634.27,2024-03,2024
ORD005115,CUST0874,2025-09-28,Power Bank,Electronics,4,76663.45,0.15,Debit Card,New Delhi,Delhi,39.0,Male,260655.73,2025-09,2025
ORD005550,CUST1127,2025-05-15,Shampoo,Beauty,5,3027.26,0.0,Debit Card,New Delhi,Delhi,24.0,Female,15136.3,2025-05,2025
ORD004202,CUST0984,2025-11-19,Football,Sports,3,5075.83,0.05,Credit Card,Thiruvananthapuram,Kerala,18.0,Female,14466.12,2025-11,2025
ORD004568,CUST0116,2024-08-13,SQL Guide,Books,2,944.73,0.0,Debit Card,Thiruvananthapuram,Kerala,35.0,Male,1889.46,2024-08,2024
ORD000267,CUST0324,2024-03-22,Yoga Mat,Sports,1,2164.61,0.15,UPI,Mysuru,Karnataka,18.0,Male,1839.92,2024-03,2024
ORD002689,CUST0528,2024-11-04,Wireless Headphones,Electronics,1,68917.25,0.15,UPI,Bengaluru,Karnataka,28.0,Female,58579.66,2024-11,2024
ORD005463,CUST0846,2025-05-27,Wireless Headphones,Electronics,4,71042.66,,Net Banking,Hyderabad,Telangana,26.0,Female,255753.58,2025-05,2025
ORD002112,CUST0945,2025-03-07,Table Lamp,Home & Kitchen,1,7335.73,0.0,Credit Card,Pune,Maharashtra,27.0,Female,7335.73,2025-03,2025
ORD002944,CUST0986,2025-05-05,Table Lamp,Home & Kitchen,4,10961.15,0.0,UPI,New Delhi,Delhi,37.0,Male,43844.6,2025-05,2025
ORD001910,CUST0457,2025-02-06,Bedsheet,Home & Kitchen,1,8557.6,0.15,Cash on Delivery,Kochi,Kerala,30.0,Male,7273.96,2025-02,2025
ORD003106,CUST1142,2024-01-27,T-Shirt,Fashion,1,3239.09,0.05,Net Banking,Madurai,Tamil Nadu,25.0,Female,3077.14,2024-01,2024
ORD003904,CUST0795,2024-03-18,Perfume,Beauty,2,288.39,0.1,Cash on Delivery,New Delhi,Delhi,29.0,Female,519.1,2024-03,2024
ORD003952,CUST1008,2024-01-22,Sneakers,Fashion,2,1462.45,0.0,,Mysuru,Karnataka,35.0,Female,2924.9,2024-01,2024
ORD004237,CUST0725,2025-04-02,Dumbbells,Sports,2,7956.16,0.05,Debit Card,Kochi,Kerala,32.0,Female,15116.7,2025-04,2025
ORD003571,CUST1117,2025-12-27,Shampoo,Beauty,3,971.13,0.15,Net Banking,Hyderabad,Telangana,33.0,Female,2476.38,2025-12,2025
ORD004824,CUST0691,2025-04-02,Football,Sports,1,5415.39,0.0,UPI,Kochi,Kerala,30.0,Male,5415.39,2025-04,2025
ORD003218,CUST0968,2024-03-19,Smart Watch,Electronics,1,21434.72,0.1,UPI,Mysuru,Karnataka,29.0,Male,19291.25,2024-03,2024
ORD001785,CUST0084,2025-09-21,Bluetooth Speaker,Electronics,3,46779.51,0.0,Cash on Delivery,Salem,Tamil Nadu,46.0,Female,140338.53,2025-09,2025
ORD001238,CUST1063,2024-12-02,SQL Guide,Books,1,333.64,0.0,Cash on Delivery,Trichy,Tamil Nadu,25.0,Male,333.64,2024-12,2024
ORD004992,CUST0875,2025-04-11,T-Shirt,Fashion,1,2414.03,0.1,Credit Card,Mumbai,Maharashtra,40.0,Male,2172.63,2025-04,2025
ORD004701,CUST0946,2025-04-28,Power Bank,Electronics,2,2748.28,0.15,UPI,New Delhi,Delhi,39.0,Female,4672.08,2025-04,2025
ORD004201,CUST0645,2025-03-23,Cricket Bat,Sports,5,1052.6,0.0,Debit Card,Thiruvananthapuram,Kerala,33.0,Male,5263.0,2025-03,2025
ORD004866,CUST0214,2025-04-13,Backpack,Fashion,2,1018.73,0.15,UPI,New Delhi,Delhi,28.0,Female,1731.84,2025-04,2025
ORD005921,CUST0406,2024-02-06,Running Shoes,Sports,2,4554.08,0.15,UPI,Mysuru,Karnataka,30.0,Female,7741.94,2024-02,2024
ORD002187,CUST0119,2024-02-02,Business Analytics,Books,1,1282.15,0.1,Credit Card,Coimbatore,Tamil Nadu,18.0,Female,1153.94,2024-02,2024
ORD003448,CUST0981,2025-10-07,Mixer Grinder,Home & Kitchen,1,11803.26,0.2,UPI,Mysuru,Karnataka,40.0,Male,9442.61,2025-10,2025
ORD000909,CUST0868,2025-09-27,Backpack,Fashion,2,4023.82,0.0,UPI,Madurai,Tamil Nadu,25.0,Male,8047.64,2025-09,2025
ORD004319,CUST0265,2024-09-11,Moisturizer,Beauty,2,3576.66,0.15,UPI,New Delhi,Delhi,35.0,Female,6080.32,2024-09,2024
ORD001304,CUST0651,2024-07-07,Python Programming,Books,2,1409.84,0.0,Net Banking,Coimbatore,Tamil Nadu,41.0,Male,2819.68,2024-07,2024
ORD005602,CUST0064,2025-07-05,Bedsheet,Home & Kitchen,4,7271.61,0.0,Debit Card,Mumbai,Maharashtra,29.0,Male,29086.44,2025-07,2025
ORD001628,CUST0970,2024-02-14,Shampoo,Beauty,1,2533.32,0.15,UPI,Thiruvananthapuram,Kerala,23.0,Male,2153.32,2024-02,2024
ORD001523,CUST0028,2025-12-12,Jeans,Fashion,1,2776.51,0.1,UPI,New Delhi,Delhi,26.0,Male,2498.86,2025-12,2025
ORD000836,CUST0818,2025-08-30,Bedsheet,Home & Kitchen,1,7410.24,0.05,Credit Card,Salem,Tamil Nadu,37.0,Male,7039.73,2025-08,2025
ORD000359,CUST1016,2025-02-18,Machine Learning Book,Books,4,951.55,0.0,Debit Card,New Delhi,Delhi,29.0,Female,3806.2,2025-02,2025
ORD000139,CUST1010,2025-08-24,Coffee Maker,Home & Kitchen,2,11595.27,0.15,Credit Card,Chennai,Tamil Nadu,28.0,Male,19711.96,2025-08,2025
ORD000300,CUST0653,2025-04-01,Perfume,Beauty,3,2244.58,0.15,UPI,Kochi,Kerala,31.0,Female,5723.68,2025-04,2025
ORD001557,CUST0510,2024-01-16,Coffee Maker,Home & Kitchen,2,998.26,0.15,UPI,Mumbai,Maharashtra,31.0,Other,1697.04,2024-01,2024
ORD001004,CUST0715,2025-03-14,Table Lamp,Home & Kitchen,2,2453.45,0.05,UPI,Thiruvananthapuram,Kerala,18.0,Female,4661.55,2025-03,2025
ORD000383,CUST0674,2025-10-19,Business Analytics,Books,2,1820.12,0.15,Debit Card,New Delhi,Delhi,34.0,Male,3094.2,2025-10,2025
ORD004195,CUST0171,2024-06-17,SQL Guide,Books,3,2000.56,0.05,,New Delhi,Delhi,33.0,Female,5701.6,2024-06,2024
ORD000762,CUST0122,2025-06-12,Backpack,Fashion,1,1560.78,0.05,UPI,New Delhi,Delhi,37.0,Male,1482.74,2025-06,2025
ORD005722,CUST0284,2025-05-27,Football,Sports,2,9491.35,0.1,UPI,Thiruvananthapuram,Kerala,24.0,Male,17084.43,2025-05,2025
ORD002955,CUST0703,2025-04-22,Face Wash,Beauty,3,3424.73,0.15,Credit Card,Trichy,Tamil Nadu,28.0,Female,8733.06,2025-04,2025
ORD004175,CUST0063,2025-06-14,Laptop Stand,Electronics,2,79366.88,0.0,UPI,Kochi,Kerala,19.0,Female,158733.76,2025-06,2025
ORD004848,CUST1000,2024-10-23,Data Analytics Book,Books,1,1827.86,0.05,UPI,Chennai,Tamil Nadu,39.0,Female,1736.47,2024-10,2024
ORD004440,CUST0652,2025-12-19,Sunscreen,Beauty,3,1204.69,0.05,Debit Card,Thiruvananthapuram,Kerala,41.0,Female,3433.37,2025-12,2025
ORD001403,CUST0759,2025-09-25,Bluetooth Speaker,Electronics,1,42089.66,0.05,UPI,Kochi,Kerala,47.0,Male,39985.18,2025-09,2025
ORD002938,CUST0487,2024-10-17,Laptop Stand,Electronics,3,38697.57,0.1,Cash on Delivery,Bengaluru,Karnataka,18.0,Female,104483.44,2024-10,2024
ORD005844,CUST0960,2024-02-29,Face Wash,Beauty,1,2726.74,0.1,Credit Card,Hyderabad,Telangana,31.0,Male,2454.07,2024-02,2024
ORD001933,CUST0570,2025-05-17,Business Analytics,Books,1,2315.61,0.0,UPI,Coimbatore,Tamil Nadu,41.0,Female,2315.61,2025-05,2025
ORD003211,CUST0079,2024-03-23,Power Bank,Electronics,2,28308.63,0.15,Cash on Delivery,Warangal,Telangana,32.0,Female,48124.67,2024-03,2024
ORD002898,CUST0284,2024-06-20,Mixer Grinder,Home & Kitchen,3,12139.99,0.1,UPI,Thiruvananthapuram,Kerala,36.0,Male,32777.97,2024-06,2024
ORD005568,CUST0376,2024-12-28,Jacket,Fashion,4,3967.52,0.15,UPI,Trichy,Tamil Nadu,31.0,Male,13489.57,2024-12,2024
ORD005144,CUST0658,2025-10-12,Bluetooth Speaker,Electronics,3,61443.67,0.15,Credit Card,New Delhi,Delhi,25.0,Male,156681.36,2025-10,2025
ORD002828,CUST0427,2025-03-27,Cookware Set,Home & Kitchen,3,1355.68,0.1,Debit Card,Nagpur,Maharashtra,32.0,Female,3660.34,2025-03,2025
ORD003871,CUST0174,2024-12-01,Sneakers,Fashion,2,4767.27,0.15,Cash on Delivery,New Delhi,Delhi,32.0,Female,8104.36,2024-12,2024
ORD002756,CUST0304,2025-03-21,Machine Learning Book,Books,1,1753.34,0.1,Debit Card,New Delhi,Delhi,40.0,Female,1578.01,2025-03,2025
ORD000059,CUST0056,2025-09-30,Mixer Grinder,Home & Kitchen,1,2430.2,0.1,Cash on Delivery,Hyderabad,Telangana,47.0,Male,2187.18,2025-09,2025
ORD000077,CUST0814,2025-02-10,Smart Watch,Electronics,1,18809.73,0.1,UPI,New Delhi,Delhi,34.0,Male,16928.76,2025-02,2025
ORD000797,CUST0181,2024-11-14,Perfume,Beauty,2,1279.05,0.05,Credit Card,Nagpur,Maharashtra,38.0,Female,2430.19,2024-11,2024
ORD002417,CUST0982,2024-01-30,Bedsheet,Home & Kitchen,3,14075.39,0.0,UPI,Coimbatore,Tamil Nadu,46.0,Female,42226.17,2024-01,2024
ORD002986,CUST0383,2025-06-04,Cricket Bat,Sports,2,5210.07,0.0,UPI,Thiruvananthapuram,Kerala,35.0,Male,10420.14,2025-06,2025
ORD004388,CUST0287,2025-03-21,Power Bank,Electronics,2,4452.31,,Net Banking,Trichy,Tamil Nadu,43.0,Male,8904.62,2025-03,2025
ORD000786,CUST1006,2024-02-13,T-Shirt,Fashion,2,4491.83,,Cash on Delivery,Mangaluru,Karnataka,41.0,Female,7636.11,2024-02,2024
ORD005018,CUST0223,2025-05-05,SQL Guide,Books,2,2178.54,0.15,Net Banking,Kochi,Kerala,33.0,Female,3703.52,2025-05,2025
ORD005068,CUST0164,2025-03-14,T-Shirt,Fashion,1,932.6,0.15,Credit Card,Pune,Maharashtra,30.0,Female,792.71,2025-03,2025
ORD002218,CUST0917,2024-02-05,Bluetooth Speaker,Electronics,1,49378.92,0.05,UPI,Chennai,Tamil Nadu,19.0,Male,46909.97,2024-02,2024
ORD005322,CUST0167,2024-02-26,Cookware Set,Home & Kitchen,2,1183.98,0.1,Credit Card,Mysuru,Karnataka,32.0,Other,2131.16,2024-02,2024
ORD005029,CUST0406,2024-07-03,Coffee Maker,Home & Kitchen,4,6499.09,0.1,UPI,Mysuru,Karnataka,46.0,Male,23396.72,2024-07,2024
ORD003505,CUST0108,2024-09-13,Running Shoes,Sports,1,6119.16,0.0,Credit Card,Mangaluru,Karnataka,23.0,Male,6119.16,2024-09,2024
ORD003371,CUST0675,2024-05-29,Smart Watch,Electronics,2,37225.61,0.0,UPI,Thiruvananthapuram,Kerala,18.0,Female,74451.22,2024-05,2024
ORD003983,CUST0225,2024-03-08,Smart Watch,Electronics,5,69762.55,0.05,UPI,Hyderabad,Telangana,18.0,Female,331372.11,2024-03,2024
ORD004629,CUST1048,2025-04-27,Smart Watch,Electronics,1,55763.42,0.15,Cash on Delivery,Trichy,Tamil Nadu,37.0,Female,47398.91,2025-04,2025
ORD000911,CUST0222,2024-07-19,Python Programming,Books,1,1585.94,0.0,UPI,New Delhi,Delhi,25.0,Male,1585.94,2024-07,2024
ORD002173,CUST1044,2024-11-28,T-Shirt,Fashion,3,4666.77,0.15,Credit Card,Pune,Maharashtra,52.0,Female,11900.26,2024-11,2024
ORD003519,CUST0933,2024-08-19,Laptop Stand,Electronics,2,17893.07,0.1,UPI,Hyderabad,Telangana,18.0,Female,32207.53,2024-08,2024
ORD002310,CUST0197,2024-02-07,Sunscreen,Beauty,2,2529.64,0.05,Credit Card,Trichy,Tamil Nadu,56.0,Male,4806.32,2024-02,2024
ORD005895,CUST0783,2024-05-24,Shampoo,Beauty,3,3776.82,0.0,Net Banking,Bengaluru,Karnataka,22.0,Male,11330.46,2024-05,2024
ORD001258,CUST0943,2024-11-27,T-Shirt,Fashion,2,4104.07,0.15,Debit Card,Pune,Maharashtra,40.0,Male,6976.92,2024-11,2024
ORD002496,CUST0459,2025-05-04,Running Shoes,Sports,2,8737.47,0.05,UPI,Nagpur,Maharashtra,33.0,Male,16601.19,2025-05,2025
ORD004521,CUST0402,2024-09-28,Backpack,Fashion,1,5629.52,0.0,UPI,New Delhi,Delhi,40.0,Female,5629.52,2024-09,2024
ORD004886,CUST0413,2025-01-08,Running Shoes,Sports,3,1938.98,0.05,UPI,Trichy,Tamil Nadu,20.0,Female,5526.09,2025-01,2025
ORD001179,CUST0733,2024-06-13,Cookware Set,Home & Kitchen,2,9389.07,0.15,UPI,Warangal,Telangana,23.0,Female,15961.42,2024-06,2024
ORD004514,CUST0732,2025-08-24,Bedsheet,Home & Kitchen,2,12003.79,0.05,Credit Card,New Delhi,Delhi,18.0,Female,22807.2,2025-08,2025
ORD004899,CUST1038,2025-12-02,Cookware Set,Home & Kitchen,2,10315.97,0.0,Debit Card,Madurai,Tamil Nadu,31.0,Female,20631.94,2025-12,2025
ORD000443,CUST0295,2024-06-19,Yoga Mat,Sports,1,8176.64,0.05,Credit Card,Mangaluru,Karnataka,30.0,Female,7767.81,2024-06,2024
ORD004067,CUST0457,2025-02-11,Laptop Stand,Electronics,2,49463.9,0.15,Net Banking,Trichy,Tamil Nadu,38.0,Female,84088.63,2025-02,2025
ORD003039,CUST0597,2024-03-20,Dumbbells,Sports,1,6869.5,0.0,UPI,New Delhi,Delhi,18.0,Female,6869.5,2024-03,2024
ORD003297,CUST0534,2025-10-27,Bedsheet,Home & Kitchen,2,10010.8,0.05,UPI,Pune,Maharashtra,32.0,Male,19020.52,2025-10,2025
ORD005720,CUST0535,2024-10-10,Jacket,Fashion,1,2750.78,0.05,UPI,Bengaluru,Karnataka,45.0,Female,2613.24,2024-10,2024
ORD001055,CUST0766,2025-04-17,Python Programming,Books,3,821.24,0.15,Debit Card,Mumbai,Maharashtra,35.0,Female,2094.16,2025-04,2025
ORD002670,CUST0577,2024-04-18,Running Shoes,Sports,2,4635.15,0.1,UPI,Mysuru,Karnataka,48.0,Male,8343.27,2024-04,2024
ORD004597,CUST0870,2024-05-26,Football,Sports,2,8646.87,0.1,UPI,Warangal,Telangana,38.0,Male,15564.37,2024-05,2024
ORD003045,CUST0350,2024-04-07,Smart Watch,Electronics,2,17677.59,,UPI,Chennai,Tamil Nadu,21.0,Female,31819.66,2024-04,2024
ORD001416,CUST0778,2024-02-05,Bluetooth Speaker,Electronics,2,14155.35,0.2,Credit Card,Bengaluru,Karnataka,27.0,Female,22648.56,2024-02,2024
ORD002373,CUST0234,2025-09-17,Business Analytics,Books,2,459.84,0.0,UPI,Mumbai,Maharashtra,38.0,Other,919.68,2025-09,2025
ORD004238,CUST0642,2024-11-06,Table Lamp,Home & Kitchen,5,1681.65,0.1,UPI,Nagpur,Maharashtra,37.0,Male,7567.42,2024-11,2024
ORD002973,CUST0434,2025-01-09,Backpack,Fashion,2,2351.71,0.15,UPI,Pune,Maharashtra,25.0,Male,3997.91,2025-01,2025
ORD005429,CUST0429,2024-03-17,Face Wash,Beauty,1,3725.85,0.0,UPI,Mangaluru,Karnataka,19.0,Female,3725.85,2024-03,2024
ORD003686,CUST0136,2025-12-28,Backpack,Fashion,1,499.34,0.2,UPI,Thiruvananthapuram,Kerala,25.0,Female,399.47,2025-12,2025
ORD005167,CUST0594,2024-08-01,Jeans,Fashion,4,1403.09,0.1,Debit Card,Chennai,Tamil Nadu,39.0,Male,5051.12,2024-08,2024
ORD001503,CUST0661,2025-02-15,Power Bank,Electronics,1,50959.51,0.1,Debit Card,Bengaluru,Karnataka,20.0,Female,45863.56,2025-02,2025
ORD004703,CUST0189,2025-08-27,Backpack,Fashion,3,4085.41,0.15,Credit Card,New Delhi,Delhi,40.0,Female,10417.8,2025-08,2025
ORD003845,CUST1037,2024-02-26,Moisturizer,Beauty,2,2720.14,0.0,Credit Card,New Delhi,Delhi,35.0,Female,5440.28,2024-02,2024
ORD002012,CUST0130,2024-01-20,Sneakers,Fashion,2,4605.96,0.0,UPI,Hyderabad,Telangana,28.0,Male,9211.92,2024-01,2024
ORD005257,CUST0307,2025-09-29,T-Shirt,Fashion,4,2124.05,0.2,UPI,New Delhi,Delhi,18.0,Female,6796.96,2025-09,2025
ORD005256,CUST1034,2025-07-12,Running Shoes,Sports,2,3057.88,0.15,Debit Card,Salem,Tamil Nadu,42.0,Male,5198.4,2025-07,2025
ORD002860,CUST0665,2025-10-07,Cricket Bat,Sports,1,9920.9,0.1,Debit Card,Warangal,Telangana,22.0,Male,8928.81,2025-10,2025
ORD004837,CUST0038,2024-07-07,Mixer Grinder,Home & Kitchen,1,5288.04,0.0,Credit Card,Hyderabad,Telangana,26.0,Female,5288.04,2024-07,2024
ORD004532,CUST0469,2024-12-11,Bedsheet,Home & Kitchen,2,10460.96,0.15,Credit Card,Nagpur,Maharashtra,25.0,Female,17783.63,2024-12,2024
ORD003465,CUST0776,2024-02-12,Laptop Stand,Electronics,2,20163.44,0.1,UPI,New Delhi,Delhi,18.0,Male,36294.19,2024-02,2024
ORD000007,CUST0493,2025-01-14,Power Bank,Electronics,3,6664.34,0.05,UPI,Chennai,Tamil Nadu,36.0,Female,18993.37,2025-01,2025
ORD002488,CUST0068,2025-07-31,T-Shirt,Fashion,1,4761.64,0.0,UPI,New Delhi,Delhi,40.0,Female,4761.64,2025-07,2025
ORD000679,CUST0902,2025-12-28,Wireless Headphones,Electronics,1,34881.06,0.05,Cash on Delivery,Madurai,Tamil Nadu,18.0,Female,33137.01,2025-12,2025
ORD001944,CUST1152,2025-10-03,Bluetooth Speaker,Electronics,1,75549.33,0.05,Debit Card,Salem,Tamil Nadu,31.0,Female,71771.86,2025-10,2025
ORD003717,CUST0417,2025-04-15,Football,Sports,2,2706.54,0.05,Cash on Delivery,Bengaluru,Karnataka,31.0,Male,5142.43,2025-04,2025
ORD005521,CUST0434,2024-03-18,Table Lamp,Home & Kitchen,1,2212.15,0.1,Cash on Delivery,Hyderabad,Telangana,45.0,Male,1990.94,2024-03,2024
ORD005644,CUST0937,2024-01-23,Smart Watch,Electronics,2,38142.37,0.1,UPI,Bengaluru,Karnataka,23.0,Female,68656.27,2024-01,2024
ORD004603,CUST0505,2024-11-02,Perfume,Beauty,4,399.29,0.15,Debit Card,Pune,Maharashtra,39.0,Female,1357.59,2024-11,2024
ORD002608,CUST0897,2025-12-31,Backpack,Fashion,1,4821.48,0.05,Cash on Delivery,Madurai,Tamil Nadu,26.0,Female,4580.41,2025-12,2025
ORD004661,CUST1163,2025-03-12,Sneakers,Fashion,3,4011.23,0.05,Debit Card,New Delhi,Delhi,31.0,Male,11432.01,2025-03,2025
ORD005517,CUST0448,2025-08-20,Table Lamp,Home & Kitchen,3,3179.79,0.0,UPI,Madurai,Tamil Nadu,37.0,Female,9539.37,2025-08,2025
ORD001065,CUST0332,2024-08-20,SQL Guide,Books,1,1472.95,0.15,Cash on Delivery,Madurai,Tamil Nadu,37.0,Female,1252.01,2024-08,2024
ORD003733,CUST0458,2024-05-19,Laptop Stand,Electronics,1,46511.27,0.2,UPI,New Delhi,Delhi,18.0,Female,37209.02,2024-05,2024
ORD002243,CUST0332,2024-08-27,Smart Watch,Electronics,2,49126.49,0.15,Credit Card,Kochi,Kerala,32.0,Male,83515.03,2024-08,2024
ORD001475,CUST0730,2024-08-07,Moisturizer,Beauty,2,2078.37,0.05,Debit Card,Mysuru,Karnataka,38.0,Male,3948.9,2024-08,2024
ORD004450,CUST0807,2025-03-24,Backpack,Fashion,2,5998.93,0.15,Credit Card,Hyderabad,Telangana,38.0,Male,10198.18,2025-03,2025
ORD001890,CUST0484,2025-01-11,Bedsheet,Home & Kitchen,2,6645.76,0.05,Credit Card,Pune,Maharashtra,36.0,Male,12626.94,2025-01,2025
ORD003455,CUST0488,2024-08-30,Bedsheet,Home & Kitchen,1,11337.47,0.0,UPI,Pune,Maharashtra,40.0,Female,11337.47,2024-08,2024
ORD002022,CUST0576,2024-04-03,Table Lamp,Home & Kitchen,1,9799.44,0.05,UPI,Mumbai,Maharashtra,42.0,Female,9309.47,2024-04,2024
ORD005236,CUST0994,2025-03-30,Jeans,Fashion,1,4041.19,0.0,UPI,Hyderabad,Telangana,19.0,Female,4041.19,2025-03,2025
ORD004271,CUST0188,2024-01-07,Business Analytics,Books,2,979.24,0.05,UPI,Nagpur,Maharashtra,30.0,Female,1860.56,2024-01,2024
ORD002659,CUST0079,2025-06-13,Backpack,Fashion,2,1588.81,0.1,UPI,Mumbai,Maharashtra,18.0,Other,2859.86,2025-06,2025
ORD002468,CUST0087,2025-12-08,Smart Watch,Electronics,1,6971.83,0.0,UPI,Thiruvananthapuram,Kerala,42.0,Male,6971.83,2025-12,2025
ORD002752,CUST0792,2024-06-26,SQL Guide,Books,2,1744.61,0.1,Credit Card,Hyderabad,Telangana,39.0,Male,3140.3,2024-06,2024
ORD001131,CUST0067,2025-12-02,Backpack,Fashion,1,2206.44,0.0,UPI,Chennai,Tamil Nadu,27.0,Male,2206.44,2025-12,2025
ORD001462,CUST0599,2025-04-30,Bluetooth Speaker,Electronics,3,15204.95,0.0,Cash on Delivery,Warangal,Telangana,,Female,45614.85,2025-04,2025
ORD004690,CUST0546,2025-09-18,Football,Sports,2,9893.6,0.0,UPI,Kochi,Kerala,38.0,Female,19787.2,2025-09,2025
ORD005431,CUST0032,2024-11-12,Cricket Bat,Sports,3,9890.08,0.0,Credit Card,New Delhi,Delhi,29.0,Female,29670.24,2024-11,2024
ORD003309,CUST1096,2024-10-24,Bluetooth Speaker,Electronics,1,78538.13,0.1,UPI,Thiruvananthapuram,Kerala,28.0,Female,70684.32,2024-10,2024
ORD003261,CUST1062,2024-07-03,T-Shirt,Fashion,3,2783.79,0.0,Cash on Delivery,New Delhi,Delhi,34.0,Male,8351.37,2024-07,2024
ORD000223,CUST0574,2024-07-31,Coffee Maker,Home & Kitchen,1,8366.75,0.15,Credit Card,Trichy,Tamil Nadu,40.0,Male,7111.74,2024-07,2024
ORD005563,CUST1053,2024-05-27,Jeans,Fashion,2,2721.47,0.15,Cash on Delivery,Warangal,Telangana,38.0,Female,4626.5,2024-05,2024
ORD000049,CUST1089,2025-01-08,Coffee Maker,Home & Kitchen,2,1420.92,0.0,UPI,Mumbai,Maharashtra,25.0,Female,2841.84,2025-01,2025
ORD000574,CUST0075,2025-02-15,Power Bank,Electronics,2,39883.62,0.15,UPI,Mangaluru,Karnataka,28.0,Other,67802.15,2025-02,2025
ORD001237,CUST0393,2024-05-19,Mixer Grinder,Home & Kitchen,2,7159.76,0.1,Debit Card,Madurai,Tamil Nadu,18.0,Female,12887.57,2024-05,2024
ORD004562,CUST0273,2024-05-03,Python Programming,Books,1,524.4,0.05,UPI,Madurai,Tamil Nadu,18.0,Male,498.18,2024-05,2024
ORD005816,CUST0558,2024-03-08,Cricket Bat,Sports,2,654.96,0.0,UPI,Salem,Tamil Nadu,18.0,Male,1309.92,2024-03,2024
ORD005390,CUST0892,2024-01-02,SQL Guide,Books,4,761.03,0.05,Cash on Delivery,Pune,Maharashtra,27.0,Male,2891.91,2024-01,2024
ORD002283,CUST0317,2025-12-04,Wireless Headphones,Electronics,1,62851.63,0.2,Cash on Delivery,Bengaluru,Karnataka,41.0,Female,50281.3,2025-12,2025
ORD004079,CUST0405,2024-09-12,Jeans,Fashion,1,5250.59,0.1,Credit Card,New Delhi,Delhi,25.0,Female,4725.53,2024-09,2024
ORD000268,CUST0709,2025-08-02,Shampoo,Beauty,3,789.3,0.05,Cash on Delivery,Kochi,Kerala,31.0,Male,2249.5,2025-08,2025
ORD001105,CUST0481,2024-10-14,Backpack,Fashion,2,510.5,0.0,Cash on Delivery,Hyderabad,Telangana,23.0,Male,1021.0,2024-10,2024
ORD002306,CUST0746,2025-12-29,Cookware Set,Home & Kitchen,4,3518.01,0.05,Credit Card,Nagpur,Maharashtra,24.0,Male,13368.44,2025-12,2025
ORD005118,CUST0339,2025-08-24,Running Shoes,Sports,3,8277.7,0.15,UPI,Mangaluru,Karnataka,18.0,Female,21108.14,2025-08,2025
ORD001936,CUST1132,2025-05-08,Shampoo,Beauty,2,1381.32,0.1,Net Banking,Warangal,Telangana,30.0,Male,2486.38,2025-05,2025
ORD000387,CUST0800,2024-07-08,Cricket Bat,Sports,1,6829.54,0.2,UPI,Hyderabad,Telangana,32.0,Female,5463.63,2024-07,2024
ORD001702,CUST1029,2025-06-28,Yoga Mat,Sports,2,7022.52,0.0,Credit Card,Madurai,Tamil Nadu,18.0,Male,14045.04,2025-06,2025
ORD001629,CUST0485,2025-12-14,SQL Guide,Books,1,1287.27,,UPI,Trichy,Tamil Nadu,31.0,Male,1158.54,2025-12,2025
ORD003201,CUST0041,2025-06-27,Sunscreen,Beauty,1,1072.07,0.15,Cash on Delivery,New Delhi,Delhi,26.0,Male,911.26,2025-06,2025
ORD002715,CUST0845,2025-03-25,Backpack,Fashion,1,1915.12,0.15,Debit Card,Warangal,Telangana,23.0,Female,1627.85,2025-03,2025
ORD002987,CUST1065,2024-10-07,Power Bank,Electronics,2,48460.16,0.2,UPI,Kochi,Kerala,44.0,Male,77536.26,2024-10,2024
ORD005246,CUST0826,2024-02-29,Running Shoes,Sports,4,8214.02,0.2,UPI,Chennai,Tamil Nadu,25.0,Female,26284.86,2024-02,2024
ORD001564,CUST1162,2024-08-27,Bedsheet,Home & Kitchen,1,5459.27,0.0,UPI,Mangaluru,Karnataka,25.0,Male,5459.27,2024-08,2024
ORD003579,CUST0919,2024-12-03,Cookware Set,Home & Kitchen,1,11229.22,0.05,Debit Card,Warangal,Telangana,48.0,Female,10667.76,2024-12,2024
ORD000210,CUST0320,2024-09-21,Cookware Set,Home & Kitchen,1,11088.57,0.1,UPI,Coimbatore,Tamil Nadu,35.0,Male,9979.71,2024-09,2024
ORD000910,CUST0301,2025-10-10,Table Lamp,Home & Kitchen,4,9857.51,0.05,Net Banking,Trichy,Tamil Nadu,30.0,Female,37458.54,2025-10,2025
ORD001290,CUST0399,2025-12-08,SQL Guide,Books,4,1010.74,0.1,Debit Card,Kochi,Kerala,23.0,Male,3638.66,2025-12,2025
ORD004529,CUST0147,2025-10-24,Cookware Set,Home & Kitchen,1,12146.16,0.1,UPI,Bengaluru,Karnataka,42.0,Male,10931.54,2025-10,2025
ORD004953,CUST0483,2024-05-13,Business Analytics,Books,1,2202.76,0.2,UPI,New Delhi,Delhi,18.0,Female,1762.21,2024-05,2024
ORD001843,CUST0756,2025-12-08,Coffee Maker,Home & Kitchen,4,4300.36,0.15,Net Banking,Mangaluru,Karnataka,29.0,Female,14621.22,2025-12,2025
ORD002498,CUST0200,2025-06-08,Backpack,Fashion,3,2755.95,0.1,UPI,Madurai,Tamil Nadu,32.0,Male,7441.06,2025-06,2025
ORD004905,CUST0582,2024-11-07,Dumbbells,Sports,1,5480.72,0.0,Cash on Delivery,Warangal,Telangana,,Male,5480.72,2024-11,2024
ORD004324,CUST1164,2024-11-22,Cricket Bat,Sports,1,3483.02,0.15,Credit Card,Nagpur,Maharashtra,26.0,Female,2960.57,2024-11,2024
ORD000959,CUST1146,2024-12-23,Python Programming,Books,3,1554.91,0.0,Debit Card,Bengaluru,Karnataka,30.0,Female,4664.73,2024-12,2024
ORD001794,CUST0010,2025-08-29,Football,Sports,1,1900.97,0.0,Cash on Delivery,Kochi,Kerala,18.0,Male,1900.97,2025-08,2025
ORD002089,CUST0125,2025-01-07,Mixer Grinder,Home & Kitchen,1,6745.97,0.15,Debit Card,Pune,Maharashtra,40.0,Female,5734.07,2025-01,2025
ORD002703,CUST0058,2024-08-05,Jeans,Fashion,1,5975.84,0.15,Debit Card,Hyderabad,Telangana,26.0,Male,5079.46,2024-08,2024
ORD000332,CUST0011,2025-01-09,Table Lamp,Home & Kitchen,1,5019.5,0.0,UPI,New Delhi,Delhi,33.0,Female,5019.5,2025-01,2025
ORD003335,CUST0541,2024-01-28,Laptop Stand,Electronics,2,13710.62,0.05,Credit Card,New Delhi,Delhi,18.0,Female,26050.18,2024-01,2024
ORD003882,CUST0566,2025-03-19,Business Analytics,Books,2,1595.92,0.05,UPI,Kochi,Kerala,23.0,Female,3032.25,2025-03,2025
ORD002992,CUST0534,2024-01-06,Cookware Set,Home & Kitchen,4,3567.08,0.15,UPI,Mumbai,Maharashtra,22.0,Female,12128.07,2024-01,2024
ORD002460,CUST0037,2024-11-09,Laptop Stand,Electronics,1,16322.99,0.05,Cash on Delivery,Warangal,Telangana,29.0,Male,15506.84,2024-11,2024
ORD001775,CUST0262,2025-11-17,Sneakers,Fashion,1,4577.13,0.1,UPI,Thiruvananthapuram,Kerala,30.0,Female,4119.42,2025-11,2025
ORD004212,CUST0195,2024-12-17,Smart Watch,Electronics,1,38532.71,0.15,UPI,New Delhi,Delhi,47.0,Female,32752.8,2024-12,2024
ORD004742,CUST0392,2025-12-16,Sneakers,Fashion,2,5204.13,0.0,UPI,Madurai,Tamil Nadu,22.0,Male,10408.26,2025-12,2025
ORD004152,CUST1083,2025-12-15,Coffee Maker,Home & Kitchen,2,11597.29,0.2,Credit Card,Mangaluru,Karnataka,48.0,Female,18555.66,2025-12,2025
ORD004164,CUST0422,2025-02-15,Power Bank,Electronics,1,18893.48,0.1,Debit Card,Hyderabad,Telangana,29.0,Male,17004.13,2025-02,2025
ORD004868,CUST0265,2024-03-22,Backpack,Fashion,1,4357.17,0.05,Credit Card,New Delhi,Delhi,35.0,Female,4139.31,2024-03,2024
ORD005291,CUST1145,2025-03-12,Dumbbells,Sports,3,8940.21,0.1,Cash on Delivery,Pune,Maharashtra,42.0,Female,24138.57,2025-03,2025
ORD003766,CUST0266,2025-01-29,Jacket,Fashion,1,1706.69,0.15,UPI,Coimbatore,Tamil Nadu,37.0,Female,1450.69,2025-01,2025
ORD002810,CUST0529,2025-03-04,Power Bank,Electronics,1,8099.3,0.15,Cash on Delivery,Coimbatore,Tamil Nadu,49.0,Male,6884.4,2025-03,2025
ORD001711,CUST0949,2024-10-27,Mixer Grinder,Home & Kitchen,3,7171.5,0.1,Cash on Delivery,Nagpur,Maharashtra,28.0,Female,19363.05,2024-10,2024
ORD004580,CUST1143,2024-08-14,Sunscreen,Beauty,2,1624.11,0.05,Net Banking,Coimbatore,Tamil Nadu,39.0,Female,3085.81,2024-08,2024
ORD002479,CUST0638,2025-05-03,T-Shirt,Fashion,2,2050.79,0.1,Credit Card,Thiruvananthapuram,Kerala,18.0,Male,3691.42,2025-05,2025
ORD001367,CUST0709,2025-07-27,T-Shirt,Fashion,3,2023.65,0.0,Credit Card,Thiruvananthapuram,Kerala,44.0,Male,6070.95,2025-07,2025
ORD000174,CUST0783,2025-06-05,Smart Watch,Electronics,2,31581.3,0.0,UPI,Chennai,Tamil Nadu,30.0,Male,63162.6,2025-06,2025
ORD004040,CUST0770,2024-02-07,Dumbbells,Sports,2,8422.77,0.0,Credit Card,New Delhi,Delhi,23.0,Female,16845.54,2024-02,2024
ORD004420,CUST0464,2024-04-13,Backpack,Fashion,3,2575.17,0.1,UPI,Mangaluru,Karnataka,34.0,Female,6952.96,2024-04,2024
ORD004444,CUST0386,2025-06-11,Bedsheet,Home & Kitchen,2,8947.47,0.15,Credit Card,Nagpur,Maharashtra,29.0,Female,15210.7,2025-06,2025
ORD005998,CUST0178,2024-11-01,Sunscreen,Beauty,5,2826.46,0.0,UPI,Coimbatore,Tamil Nadu,25.0,Male,14132.3,2024-11,2024
ORD004093,CUST0891,2025-01-08,Smart Watch,Electronics,2,51965.22,0.1,Debit Card,New Delhi,Delhi,31.0,Female,93537.4,2025-01,2025
ORD001953,CUST0996,2025-03-12,Jacket,Fashion,2,4865.8,0.15,Cash on Delivery,Warangal,Telangana,19.0,Male,8271.86,2025-03,2025
ORD003204,CUST0240,2024-02-26,T-Shirt,Fashion,4,2577.25,0.15,Debit Card,Madurai,Tamil Nadu,23.0,Female,8762.65,2024-02,2024
ORD003354,CUST0108,2024-07-15,Sneakers,Fashion,4,1175.18,0.05,UPI,Kochi,Kerala,36.0,Female,4465.68,2024-07,2024
ORD002037,CUST1155,2024-05-18,Coffee Maker,Home & Kitchen,1,11543.95,0.1,Debit Card,Thiruvananthapuram,Kerala,60.0,Female,10389.56,2024-05,2024
ORD003879,CUST0504,2024-07-11,Smart Watch,Electronics,3,65771.81,0.0,UPI,Madurai,Tamil Nadu,18.0,Male,197315.43,2024-07,2024
ORD004401,CUST1163,2024-02-23,Jeans,Fashion,1,5947.14,0.15,UPI,Kochi,Kerala,31.0,Male,5055.07,2024-02,2024
ORD000019,CUST0152,2025-02-07,T-Shirt,Fashion,4,5852.52,0.05,UPI,Hyderabad,Telangana,38.0,Male,22239.58,2025-02,2025
ORD000001,CUST0861,2024-04-12,Power Bank,Electronics,1,12115.05,0.1,UPI,Kochi,Kerala,22.0,Male,10903.54,2024-04,2024
ORD002175,CUST0959,2025-11-24,Coffee Maker,Home & Kitchen,2,8295.58,0.1,Cash on Delivery,Kochi,Kerala,39.0,Female,14932.04,2025-11,2025
ORD001357,CUST0762,2025-12-15,Shampoo,Beauty,2,3200.65,0.2,UPI,Mysuru,Karnataka,29.0,Male,5121.04,2025-12,2025
ORD005577,CUST0584,2024-10-28,Sunscreen,Beauty,1,1996.52,,UPI,Bengaluru,Karnataka,26.0,Female,1996.52,2024-10,2024
ORD004773,CUST0768,2024-06-29,Smart Watch,Electronics,2,25924.36,0.0,Cash on Delivery,Warangal,Telangana,29.0,Male,51848.72,2024-06,2024
ORD003160,CUST0391,2025-06-03,T-Shirt,Fashion,2,5891.1,0.15,UPI,Warangal,Telangana,19.0,Female,10014.87,2025-06,2025
ORD000397,CUST0947,2025-09-13,Bluetooth Speaker,Electronics,2,58655.0,0.0,UPI,Thiruvananthapuram,Kerala,18.0,Male,117310.0,2025-09,2025
ORD004508,CUST0040,2025-07-06,Table Lamp,Home & Kitchen,1,5999.87,0.05,Debit Card,Nagpur,Maharashtra,41.0,Male,5699.88,2025-07,2025
ORD003342,CUST0368,2024-08-05,Cookware Set,Home & Kitchen,1,5298.37,0.05,UPI,Chennai,Tamil Nadu,18.0,Male,5033.45,2024-08,2024
ORD001813,CUST0149,2025-05-10,Jacket,Fashion,1,3588.88,0.2,UPI,Mumbai,Maharashtra,19.0,Male,2871.1,2025-05,2025
ORD003897,CUST0987,2024-09-16,Yoga Mat,Sports,5,9373.68,,UPI,Pune,Maharashtra,36.0,Female,46868.4,2024-09,2024
ORD004350,CUST0286,2025-06-14,Laptop Stand,Electronics,3,68416.33,0.1,UPI,Hyderabad,Telangana,33.0,Female,184724.09,2025-06,2025
ORD000817,CUST0704,2025-06-07,Machine Learning Book,Books,1,2180.25,0.05,Debit Card,Bengaluru,Karnataka,37.0,Male,2071.24,2025-06,2025
ORD001573,CUST0119,2024-01-04,Face Wash,Beauty,2,3253.52,0.1,UPI,Thiruvananthapuram,Kerala,25.0,Male,5856.34,2024-01,2024
ORD004731,CUST0743,2024-08-03,Data Analytics Book,Books,4,1664.74,0.1,Debit Card,Pune,Maharashtra,32.0,Female,5993.06,2024-08,2024
ORD001801,CUST0370,2024-05-10,Business Analytics,Books,2,2058.49,0.05,Credit Card,Pune,Maharashtra,33.0,Male,3911.13,2024-05,2024
ORD002281,CUST1152,2024-01-26,Yoga Mat,Sports,5,6954.2,0.2,Credit Card,Kochi,Kerala,33.0,Male,27816.8,2024-01,2024
ORD005059,CUST0102,2025-02-02,Yoga Mat,Sports,1,4278.54,0.05,Debit Card,Salem,Tamil Nadu,35.0,Male,4064.61,2025-02,2025
ORD005822,CUST0488,2024-08-22,Jeans,Fashion,1,1131.75,0.05,Credit Card,Kochi,Kerala,39.0,Female,1075.16,2024-08,2024
ORD003911,CUST0868,2025-12-07,T-Shirt,Fashion,3,3884.9,0.1,UPI,Salem,Tamil Nadu,43.0,Female,10489.23,2025-12,2025
ORD004536,CUST0245,2025-06-03,Power Bank,Electronics,4,67093.89,0.1,Net Banking,Mumbai,Maharashtra,24.0,Male,241538.0,2025-06,2025
ORD005145,CUST0946,2025-07-12,Bluetooth Speaker,Electronics,2,55173.03,0.1,UPI,Mumbai,Maharashtra,39.0,Female,99311.45,2025-07,2025
ORD005172,CUST0095,2025-10-25,Business Analytics,Books,1,790.85,0.1,Credit Card,Bengaluru,Karnataka,32.0,Female,711.76,2025-10,2025
ORD004396,CUST0262,2024-05-16,T-Shirt,Fashion,1,582.14,0.05,UPI,Mangaluru,Karnataka,36.0,Female,553.03,2024-05,2024
ORD004156,CUST1101,2025-03-10,Power Bank,Electronics,1,55728.75,0.1,Cash on Delivery,New Delhi,Delhi,29.0,Male,50155.88,2025-03,2025
ORD003836,CUST0153,2024-09-09,Cookware Set,Home & Kitchen,4,6350.2,0.1,UPI,Kochi,Kerala,50.0,Male,22860.72,2024-09,2024
ORD004732,CUST0209,2024-08-14,Table Lamp,Home & Kitchen,2,2175.16,0.15,Debit Card,Thiruvananthapuram,Kerala,28.0,Female,3697.77,2024-08,2024
ORD005338,CUST1184,2024-05-25,Machine Learning Book,Books,2,604.88,0.1,Net Banking,Trichy,Tamil Nadu,32.0,Female,1088.78,2024-05,2024
ORD000555,CUST0833,2024-10-30,Smart Watch,Electronics,3,11832.75,0.1,UPI,Bengaluru,Karnataka,22.0,Male,31948.42,2024-10,2024
ORD001160,CUST0984,2024-07-15,Laptop Stand,Electronics,2,49359.26,0.1,Debit Card,Salem,Tamil Nadu,37.0,Male,88846.67,2024-07,2024
ORD001214,CUST0975,2025-08-22,Football,Sports,1,1092.02,0.0,UPI,Kochi,Kerala,28.0,Male,1092.02,2025-08,2025
ORD004033,CUST1163,2024-04-11,Wireless Headphones,Electronics,1,37309.16,0.1,UPI,Mangaluru,Karnataka,31.0,Male,33578.24,2024-04,2024
ORD001326,CUST0811,2024-06-23,Wireless Headphones,Electronics,2,2545.5,0.0,Cash on Delivery,Mumbai,Maharashtra,46.0,Female,5091.0,2024-06,2024
ORD003287,CUST0291,2025-06-22,Cookware Set,Home & Kitchen,4,2083.11,0.0,Net Banking,Hyderabad,Telangana,44.0,Male,8332.44,2025-06,2025
ORD003350,CUST1051,2025-12-08,Sunscreen,Beauty,3,900.23,0.0,UPI,Bengaluru,Karnataka,39.0,Male,2700.69,2025-12,2025
ORD000701,CUST0639,2025-09-15,T-Shirt,Fashion,3,2365.46,0.05,Credit Card,New Delhi,Delhi,42.0,Female,6741.56,2025-09,2025
ORD002701,CUST0030,2024-11-28,Cookware Set,Home & Kitchen,2,12105.8,0.0,UPI,Warangal,Telangana,24.0,Female,24211.6,2024-11,2024
ORD004294,CUST0837,2025-06-03,Python Programming,Books,1,419.64,0.1,Credit Card,Thiruvananthapuram,Kerala,18.0,Female,377.68,2025-06,2025
ORD001848,CUST1141,2024-07-18,Shampoo,Beauty,1,1257.3,0.0,Credit Card,Warangal,Telangana,34.0,Female,1257.3,2024-07,2024
ORD004407,CUST0158,2025-05-11,Coffee Maker,Home & Kitchen,3,4858.85,0.0,Debit Card,Thiruvananthapuram,Kerala,20.0,Female,14576.55,2025-05,2025
ORD005635,CUST0426,2024-10-01,Jacket,Fashion,1,1305.36,0.05,Credit Card,Hyderabad,Telangana,28.0,Male,1240.09,2024-10,2024
ORD001456,CUST0164,2025-11-30,T-Shirt,Fashion,2,4313.49,0.15,Credit Card,New Delhi,Delhi,26.0,Female,7332.93,2025-11,2025
ORD005020,CUST1184,2025-10-23,Moisturizer,Beauty,3,3199.88,0.0,Credit Card,Nagpur,Maharashtra,29.0,Male,9599.64,2025-10,2025
ORD005615,CUST0424,2025-07-21,Bluetooth Speaker,Electronics,4,16958.42,0.15,Debit Card,Bengaluru,Karnataka,30.0,Female,57658.63,2025-07,2025
ORD004128,CUST0042,2025-10-16,Wireless Headphones,Electronics,3,44351.96,0.15,Net Banking,Kochi,Kerala,41.0,Female,113097.5,2025-10,2025
ORD000867,CUST0920,2024-06-28,Wireless Headphones,Electronics,2,34755.03,0.0,Net Banking,Mumbai,Maharashtra,23.0,Female,69510.06,2024-06,2024
ORD004585,CUST0606,2025-12-14,Laptop Stand,Electronics,1,56512.93,0.05,Credit Card,Mangaluru,Karnataka,30.0,Female,53687.28,2025-12,2025
ORD001645,CUST0025,2024-05-26,Power Bank,Electronics,4,21865.82,0.0,Net Banking,Kochi,Kerala,40.0,Female,87463.28,2024-05,2024
ORD002141,CUST0901,2024-10-26,Mixer Grinder,Home & Kitchen,4,5495.87,0.1,UPI,New Delhi,Delhi,44.0,Male,19785.13,2024-10,2024
ORD004464,CUST0981,2024-12-26,Cookware Set,Home & Kitchen,1,12838.11,0.1,UPI,Thiruvananthapuram,Kerala,37.0,Female,11554.3,2024-12,2024
ORD003989,CUST0554,2025-10-11,Bluetooth Speaker,Electronics,1,78070.02,0.05,Cash on Delivery,Warangal,Telangana,49.0,Male,74166.52,2025-10,2025
ORD001491,CUST0054,2024-08-20,Moisturizer,Beauty,1,1021.39,0.05,Credit Card,Mangaluru,Karnataka,32.0,Female,970.32,2024-08,2024
ORD005507,CUST0937,2024-03-26,Sunscreen,Beauty,1,3570.86,0.05,UPI,Mysuru,Karnataka,18.0,Male,3392.32,2024-03,2024
ORD000730,CUST0898,2025-11-05,Sunscreen,Beauty,1,301.15,0.05,Debit Card,Pune,Maharashtra,22.0,Female,286.09,2025-11,2025
ORD004583,CUST0820,2025-09-21,Wireless Headphones,Electronics,4,57529.18,0.05,UPI,Salem,Tamil Nadu,23.0,Female,218610.88,2025-09,2025
ORD003500,CUST0509,2025-03-29,Mixer Grinder,Home & Kitchen,3,10952.58,0.1,UPI,Bengaluru,Karnataka,24.0,Male,29571.97,2025-03,2025
ORD002621,CUST1104,2025-04-19,Mixer Grinder,Home & Kitchen,3,5690.34,0.0,Debit Card,Madurai,Tamil Nadu,33.0,Female,17071.02,2025-04,2025
ORD001937,CUST0434,2024-08-04,Coffee Maker,Home & Kitchen,1,14756.3,0.2,Credit Card,New Delhi,Delhi,34.0,Male,11805.04,2024-08,2024
ORD005552,CUST0313,2024-03-13,Cricket Bat,Sports,1,4412.62,0.0,Debit Card,Madurai,Tamil Nadu,33.0,Male,4412.62,2024-03,2024
ORD001111,CUST1025,2024-02-17,Bedsheet,Home & Kitchen,2,12195.16,0.05,Credit Card,Thiruvananthapuram,Kerala,28.0,Female,23170.8,2024-02,2024
ORD004871,CUST0107,2025-03-28,Python Programming,Books,2,883.16,0.15,Debit Card,Mysuru,Karnataka,40.0,Female,1501.37,2025-03,2025
ORD005361,CUST0298,2024-10-09,Smart Watch,Electronics,4,47955.52,0.0,Debit Card,Coimbatore,Tamil Nadu,18.0,Female,191822.08,2024-10,2024
ORD002395,CUST0740,2025-12-09,Power Bank,Electronics,3,30667.23,0.1,Cash on Delivery,New Delhi,Delhi,30.0,Male,82801.52,2025-12,2025
ORD001186,CUST1073,2024-03-14,Coffee Maker,Home & Kitchen,2,14373.55,0.0,Credit Card,Hyderabad,Telangana,48.0,Female,28747.1,2024-03,2024
ORD002008,CUST0281,2024-09-16,Dumbbells,Sports,2,7386.21,0.05,UPI,Warangal,Telangana,25.0,Male,14033.8,2024-09,2024
ORD000194,CUST0022,2025-05-31,Running Shoes,Sports,2,7618.2,0.05,Debit Card,Mysuru,Karnataka,32.0,Female,14474.58,2025-05,2025
ORD001516,CUST0774,2025-11-23,Power Bank,Electronics,1,72760.61,0.05,Credit Card,Warangal,Telangana,46.0,Female,69122.58,2025-11,2025
ORD000579,CUST0746,2025-04-14,Power Bank,Electronics,2,10566.82,0.05,,Mangaluru,Karnataka,21.0,Male,20076.96,2025-04,2025
ORD002124,CUST0181,2024-12-30,Smart Watch,Electronics,2,22119.84,0.15,UPI,Thiruvananthapuram,Kerala,30.0,Male,37603.73,2024-12,2024
ORD001430,CUST0465,2024-07-11,Machine Learning Book,Books,2,406.39,0.1,UPI,Hyderabad,Telangana,42.0,Female,731.5,2024-07,2024
ORD000772,CUST0867,2024-05-19,Python Programming,Books,2,1405.83,0.0,UPI,Bengaluru,Karnataka,33.0,Male,2811.66,2024-05,2024
ORD005206,CUST0103,2024-02-17,Backpack,Fashion,3,2740.63,0.2,Cash on Delivery,Mumbai,Maharashtra,19.0,Female,6577.51,2024-02,2024
ORD002396,CUST0048,2025-08-19,Power Bank,Electronics,1,37952.86,0.0,Credit Card,New Delhi,Delhi,42.0,Female,37952.86,2025-08,2025
ORD005942,CUST0167,2024-08-11,Sunscreen,Beauty,1,1440.44,0.1,UPI,Mangaluru,Karnataka,29.0,Female,1296.4,2024-08,2024
ORD001847,CUST0278,2024-06-07,Machine Learning Book,Books,4,1065.32,0.05,Cash on Delivery,Mangaluru,Karnataka,18.0,Male,4048.22,2024-06,2024
ORD000132,CUST0261,2024-08-16,Backpack,Fashion,1,5348.77,0.05,UPI,Hyderabad,Telangana,33.0,Male,5081.33,2024-08,2024
ORD000179,CUST0874,2024-04-13,Face Wash,Beauty,1,3189.22,0.1,UPI,Bengaluru,Karnataka,37.0,Male,2870.3,2024-04,2024
ORD005356,CUST0671,2024-06-26,Football,Sports,2,5500.76,0.0,UPI,Mumbai,Maharashtra,45.0,Male,11001.52,2024-06,2024
ORD003810,CUST0563,2024-04-22,Dumbbells,Sports,2,2023.39,0.1,Credit Card,Bengaluru,Karnataka,37.0,Male,3642.1,2024-04,2024
ORD003568,CUST0138,2025-01-20,Cookware Set,Home & Kitchen,1,14697.66,0.15,UPI,New Delhi,Delhi,28.0,Female,12493.01,2025-01,2025
ORD002581,CUST0749,2024-02-15,Laptop Stand,Electronics,3,30930.52,0.1,Debit Card,New Delhi,Delhi,35.0,Other,83512.4,2024-02,2024
ORD003626,CUST0491,2024-10-22,Jeans,Fashion,1,5085.4,0.2,UPI,Mumbai,Maharashtra,22.0,Male,4068.32,2024-10,2024
ORD004280,CUST0296,2024-05-25,Coffee Maker,Home & Kitchen,1,14007.7,0.2,UPI,Kochi,Kerala,28.0,Male,11206.16,2024-05,2024
ORD002653,CUST0940,2024-03-03,Laptop Stand,Electronics,1,42074.64,0.05,Debit Card,Mysuru,Karnataka,41.0,Female,39970.91,2024-03,2024
ORD004220,CUST0693,2025-03-15,T-Shirt,Fashion,1,5685.79,0.1,Cash on Delivery,Kochi,Kerala,44.0,Male,5117.21,2025-03,2025
ORD002074,CUST0009,2024-08-08,Shampoo,Beauty,1,1504.3,0.05,Debit Card,Mysuru,Karnataka,48.0,Male,1429.08,2024-08,2024
ORD000659,CUST0373,2025-03-22,Coffee Maker,Home & Kitchen,2,7170.93,0.05,UPI,Warangal,Telangana,29.0,Male,13624.77,2025-03,2025
ORD001897,CUST0572,2025-08-10,Laptop Stand,Electronics,2,72081.07,0.1,Net Banking,Mangaluru,Karnataka,27.0,Female,129745.93,2025-08,2025
ORD004412,CUST1116,2025-09-05,Wireless Headphones,Electronics,5,44254.41,0.15,UPI,Mangaluru,Karnataka,39.0,Male,188081.24,2025-09,2025
ORD004064,CUST0811,2024-07-19,Face Wash,Beauty,2,2110.76,0.05,Credit Card,Mumbai,Maharashtra,19.0,Female,4010.44,2024-07,2024
ORD002222,CUST0217,2024-08-11,Laptop Stand,Electronics,1,26327.8,0.1,UPI,Hyderabad,Telangana,25.0,Male,23695.02,2024-08,2024
ORD005679,CUST0529,2025-05-09,Mixer Grinder,Home & Kitchen,3,12668.49,0.0,UPI,Mangaluru,Karnataka,19.0,Male,38005.47,2025-05,2025
ORD002380,CUST0451,2025-06-16,Backpack,Fashion,2,4783.73,0.15,UPI,Pune,Maharashtra,31.0,Male,8132.34,2025-06,2025
ORD001448,CUST0193,2024-06-21,Smart Watch,Electronics,2,3349.96,0.1,UPI,Trichy,Tamil Nadu,35.0,Female,6029.93,2024-06,2024
ORD000343,CUST0308,2025-02-20,Data Analytics Book,Books,2,1990.11,0.15,UPI,Hyderabad,Telangana,24.0,Male,3383.19,2025-02,2025
ORD003605,CUST0522,2024-08-06,Business Analytics,Books,1,518.47,0.1,Credit Card,New Delhi,Delhi,24.0,Male,466.62,2024-08,2024
ORD002528,CUST0391,2024-01-29,Yoga Mat,Sports,1,3977.45,0.05,UPI,Thiruvananthapuram,Kerala,26.0,Male,3778.58,2024-01,2024
ORD000728,CUST0530,2024-04-16,Jeans,Fashion,3,5686.93,0.05,Credit Card,New Delhi,Delhi,22.0,Male,16207.75,2024-04,2024
ORD004723,CUST0738,2024-08-08,Sneakers,Fashion,1,4040.12,0.1,UPI,New Delhi,Delhi,28.0,Male,3636.11,2024-08,2024
ORD000977,CUST0794,2025-11-15,SQL Guide,Books,3,2202.0,0.0,Credit Card,New Delhi,Delhi,32.0,Male,6606.0,2025-11,2025
ORD003615,CUST0151,2025-09-03,Smart Watch,Electronics,2,49971.29,0.05,UPI,Kochi,Kerala,28.0,Female,94945.45,2025-09,2025
ORD004162,CUST0727,2024-06-01,Perfume,Beauty,1,3312.77,0.2,Cash on Delivery,Thiruvananthapuram,Kerala,26.0,Female,2650.22,2024-06,2024
ORD001929,CUST1158,2025-11-17,Table Lamp,Home & Kitchen,1,4265.29,0.1,UPI,Hyderabad,Telangana,25.0,Female,3838.76,2025-11,2025
ORD003695,CUST0327,2025-01-17,Smart Watch,Electronics,4,71907.3,0.05,Cash on Delivery,Pune,Maharashtra,26.0,Male,273247.74,2025-01,2025
ORD005761,CUST0587,2024-03-07,Bluetooth Speaker,Electronics,2,69509.76,0.2,UPI,Thiruvananthapuram,Kerala,33.0,Male,111215.62,2024-03,2024
ORD001300,CUST0818,2024-05-28,Football,Sports,1,5848.32,0.0,Cash on Delivery,Hyderabad,Telangana,32.0,Male,5848.32,2024-05,2024
ORD004174,CUST0447,2024-01-05,Smart Watch,Electronics,2,25643.41,0.1,Net Banking,New Delhi,Delhi,37.0,Female,46158.14,2024-01,2024
ORD005509,CUST0812,2024-08-07,Wireless Headphones,Electronics,2,38696.18,0.1,UPI,Pune,Maharashtra,53.0,Female,69653.12,2024-08,2024
ORD000661,CUST0989,2024-08-16,Wireless Headphones,Electronics,1,3032.75,0.0,Cash on Delivery,New Delhi,Delhi,32.0,Male,3032.75,2024-08,2024
ORD001791,CUST1032,2025-09-10,Mixer Grinder,Home & Kitchen,2,12564.54,0.0,Debit Card,Salem,Tamil Nadu,25.0,Female,25129.08,2025-09,2025
ORD003391,CUST0877,2025-03-17,Machine Learning Book,Books,4,1329.23,0.0,Debit Card,Trichy,Tamil Nadu,43.0,Male,5316.92,2025-03,2025
ORD005934,CUST0195,2024-07-02,Machine Learning Book,Books,2,2052.47,0.2,Cash on Delivery,Mumbai,Maharashtra,26.0,Female,3283.95,2024-07,2024
ORD000494,CUST0092,2024-08-06,Business Analytics,Books,4,571.33,0.1,UPI,Warangal,Telangana,,Male,2056.79,2024-08,2024
ORD003113,CUST0937,2024-08-15,Python Programming,Books,1,914.34,0.05,Credit Card,Warangal,Telangana,37.0,Male,868.62,2024-08,2024
ORD004903,CUST0427,2024-12-06,Smart Watch,Electronics,2,58669.27,0.05,UPI,New Delhi,Delhi,42.0,Male,111471.61,2024-12,2024
ORD004990,CUST0833,2024-04-23,Laptop Stand,Electronics,1,74008.46,0.0,Cash on Delivery,Salem,Tamil Nadu,32.0,Male,74008.46,2024-04,2024
ORD003827,CUST0608,2024-06-02,Jeans,Fashion,2,4380.06,0.1,UPI,Pune,Maharashtra,24.0,Male,7884.11,2024-06,2024
ORD005523,CUST0076,2024-08-29,SQL Guide,Books,1,307.14,0.0,Debit Card,Mysuru,Karnataka,23.0,Male,307.14,2024-08,2024
ORD001086,CUST0162,2024-09-18,Table Lamp,Home & Kitchen,3,4479.55,0.15,Cash on Delivery,Kochi,Kerala,28.0,Female,11422.85,2024-09,2024
ORD005663,CUST0038,2024-11-01,Face Wash,Beauty,5,3053.35,0.2,Cash on Delivery,Mangaluru,Karnataka,34.0,Female,12213.4,2024-11,2024
ORD000695,CUST0055,2025-05-11,Yoga Mat,Sports,2,7138.92,0.15,UPI,Salem,Tamil Nadu,19.0,Male,12136.16,2025-05,2025
ORD001279,CUST0330,2024-11-26,Sneakers,Fashion,2,4960.05,0.15,Cash on Delivery,Chennai,Tamil Nadu,24.0,Female,8432.09,2024-11,2024
ORD004230,CUST1121,2025-02-16,Shampoo,Beauty,1,3400.75,0.05,Cash on Delivery,Kochi,Kerala,48.0,Male,3230.71,2025-02,2025
ORD001622,CUST0117,2024-10-24,Jeans,Fashion,2,3355.79,0.1,Cash on Delivery,Thiruvananthapuram,Kerala,30.0,Female,6040.42,2024-10,2024
ORD002562,CUST0365,2025-01-28,Jacket,Fashion,2,3465.37,0.0,Debit Card,Thiruvananthapuram,Kerala,27.0,Male,6930.74,2025-01,2025
ORD005185,CUST0462,2025-05-12,Sunscreen,Beauty,2,785.72,0.1,Debit Card,Pune,Maharashtra,36.0,Female,1414.3,2025-05,2025
ORD004009,CUST0330,2024-05-18,Mixer Grinder,Home & Kitchen,2,13431.84,0.15,Debit Card,Kochi,Kerala,36.0,Male,22834.13,2024-05,2024
ORD000068,CUST0376,2024-11-29,Python Programming,Books,3,1542.56,0.15,UPI,Hyderabad,Telangana,52.0,Male,3933.53,2024-11,2024
ORD004083,CUST0805,2024-03-04,T-Shirt,Fashion,2,5624.89,0.1,UPI,Mysuru,Karnataka,31.0,Male,10124.8,2024-03,2024
ORD004838,CUST0342,2025-09-28,T-Shirt,Fashion,3,506.6,0.0,UPI,New Delhi,Delhi,30.0,Female,1519.8,2025-09,2025
ORD002270,CUST1188,2025-01-06,Jeans,Fashion,3,5524.95,0.2,Credit Card,Nagpur,Maharashtra,25.0,Male,13259.88,2025-01,2025
ORD005780,CUST0232,2024-12-14,Data Analytics Book,Books,1,1668.55,0.2,Debit Card,Trichy,Tamil Nadu,35.0,Male,1334.84,2024-12,2024
ORD004726,CUST0798,2024-05-19,T-Shirt,Fashion,1,5352.47,0.15,Credit Card,New Delhi,Delhi,32.0,Male,4549.6,2024-05,2024
ORD000821,CUST1013,2024-10-15,Shampoo,Beauty,1,1232.92,0.05,Credit Card,Thiruvananthapuram,Kerala,40.0,Male,1171.27,2024-10,2024
ORD001227,CUST1038,2024-03-18,Sunscreen,Beauty,2,255.0,0.05,UPI,Mumbai,Maharashtra,32.0,Male,484.5,2024-03,2024
ORD001678,CUST1047,2025-04-16,Jacket,Fashion,1,4767.12,0.1,Debit Card,Chennai,Tamil Nadu,30.0,Male,4290.41,2025-04,2025
ORD005012,CUST0529,2024-04-01,Running Shoes,Sports,3,9887.97,0.0,Credit Card,Salem,Tamil Nadu,26.0,Female,29663.91,2024-04,2024
ORD002868,CUST0107,2024-04-19,Laptop Stand,Electronics,1,27076.21,0.1,UPI,Kochi,Kerala,37.0,Female,24368.59,2024-04,2024
ORD004377,CUST0406,2024-12-07,Jeans,Fashion,5,5038.41,0.0,Credit Card,Salem,Tamil Nadu,36.0,Female,25192.05,2024-12,2024
ORD002368,CUST0573,2025-07-26,Power Bank,Electronics,1,10142.39,0.2,Cash on Delivery,Thiruvananthapuram,Kerala,28.0,Male,8113.91,2025-07,2025
ORD004026,CUST0938,2025-06-18,Shampoo,Beauty,3,748.21,0.1,UPI,Nagpur,Maharashtra,43.0,Female,2020.17,2025-06,2025
ORD003922,CUST0732,2025-02-25,Wireless Headphones,Electronics,2,38218.19,0.2,UPI,Hyderabad,Telangana,26.0,Female,61149.1,2025-02,2025
ORD002513,CUST0488,2025-09-06,Smart Watch,Electronics,1,37046.8,0.1,Credit Card,Salem,Tamil Nadu,24.0,Female,33342.12,2025-09,2025
ORD002724,CUST0395,2024-09-28,Python Programming,Books,2,1578.95,0.05,,Kochi,Kerala,22.0,Male,3000.0,2024-09,2024
ORD005344,CUST0989,2024-01-29,Face Wash,Beauty,1,1468.97,0.2,Cash on Delivery,Salem,Tamil Nadu,30.0,Female,1175.18,2024-01,2024
ORD005452,CUST0318,2025-11-01,Power Bank,Electronics,2,25844.86,0.1,Credit Card,New Delhi,Delhi,29.0,Male,46520.75,2025-11,2025
ORD004435,CUST0723,2024-09-14,Smart Watch,Electronics,1,4169.75,0.1,Credit Card,Bengaluru,Karnataka,32.0,Female,3752.78,2024-09,2024
ORD001144,CUST0319,2025-05-07,Dumbbells,Sports,2,2070.58,0.2,Cash on Delivery,Kochi,Kerala,27.0,Female,3312.93,2025-05,2025
ORD000398,CUST0650,2024-11-25,Jacket,Fashion,1,1310.21,0.1,UPI,Mysuru,Karnataka,22.0,Female,1179.19,2024-11,2024
ORD000787,CUST0697,2025-06-10,Wireless Headphones,Electronics,2,76302.95,0.0,UPI,Kochi,Kerala,40.0,Female,152605.9,2025-06,2025
ORD005140,CUST0861,2024-08-25,Laptop Stand,Electronics,3,60681.27,0.1,UPI,Bengaluru,Karnataka,29.0,Female,163839.43,2024-08,2024
ORD003908,CUST0043,2025-10-13,Jeans,Fashion,2,5367.91,0.1,Credit Card,Coimbatore,Tamil Nadu,26.0,Female,9662.24,2025-10,2025
ORD001399,CUST0547,2025-02-21,Wireless Headphones,Electronics,3,78543.47,0.1,Credit Card,Madurai,Tamil Nadu,22.0,Female,212067.37,2025-02,2025
ORD001660,CUST0812,2025-01-01,Laptop Stand,Electronics,1,76303.12,0.0,UPI,Warangal,Telangana,36.0,Male,76303.12,2025-01,2025
ORD005736,CUST1149,2024-06-24,Yoga Mat,Sports,1,9332.27,0.1,UPI,Coimbatore,Tamil Nadu,29.0,Male,8399.04,2024-06,2024
ORD002221,CUST0546,2024-05-11,Table Lamp,Home & Kitchen,1,10946.79,0.1,UPI,Mumbai,Maharashtra,24.0,Male,9852.11,2024-05,2024
ORD000980,CUST0027,2025-04-04,Face Wash,Beauty,1,3843.44,0.0,UPI,Hyderabad,Telangana,26.0,Female,3843.44,2025-04,2025
ORD002332,CUST0256,2024-08-07,Jeans,Fashion,4,2122.02,0.15,Credit Card,Mysuru,Karnataka,45.0,Female,7214.87,2024-08,2024
ORD001299,CUST0467,2024-02-29,Table Lamp,Home & Kitchen,1,8410.83,0.0,UPI,Pune,Maharashtra,30.0,Female,8410.83,2024-02,2024
ORD005420,CUST1150,2024-05-01,Laptop Stand,Electronics,2,7331.52,0.05,UPI,New Delhi,Delhi,25.0,Female,13929.89,2024-05,2024
ORD000083,CUST0925,2024-09-20,Bluetooth Speaker,Electronics,5,67311.28,,Credit Card,Mysuru,Karnataka,31.0,Female,286072.94,2024-09,2024
ORD003101,CUST1123,2024-07-14,Data Analytics Book,Books,2,1824.32,0.05,Cash on Delivery,Nagpur,Maharashtra,27.0,Female,3466.21,2024-07,2024
ORD003482,CUST1057,2025-07-09,Business Analytics,Books,1,1011.5,0.05,UPI,Mumbai,Maharashtra,27.0,Other,960.92,2025-07,2025
ORD004794,CUST0659,2024-09-05,T-Shirt,Fashion,4,923.06,0.2,Debit Card,New Delhi,Delhi,36.0,Other,2953.79,2024-09,2024
ORD004530,CUST0436,2024-02-02,Perfume,Beauty,4,3642.67,0.05,UPI,Salem,Tamil Nadu,42.0,Female,13842.15,2024-02,2024
ORD005634,CUST0901,2025-01-14,Mixer Grinder,Home & Kitchen,1,5170.28,0.15,UPI,Pune,Maharashtra,23.0,Male,4394.74,2025-01,2025
ORD005515,CUST1187,2025-02-08,Laptop Stand,Electronics,2,47078.85,0.0,Credit Card,Coimbatore,Tamil Nadu,18.0,Male,94157.7,2025-02,2025
ORD002904,CUST0502,2025-09-05,Jeans,Fashion,3,4995.52,0.05,Debit Card,New Delhi,Delhi,28.0,Female,14237.23,2025-09,2025
ORD000424,CUST1161,2025-09-12,T-Shirt,Fashion,2,3561.71,0.1,Debit Card,Mumbai,Maharashtra,45.0,Female,6411.08,2025-09,2025
ORD005190,CUST1116,2025-11-11,Laptop Stand,Electronics,5,6153.63,0.15,UPI,Mangaluru,Karnataka,27.0,Female,26152.93,2025-11,2025
ORD001905,CUST0553,2024-05-29,Jacket,Fashion,2,5356.36,,UPI,New Delhi,Delhi,24.0,Male,10177.08,2024-05,2024
ORD005440,CUST0492,2024-11-22,Running Shoes,Sports,1,4791.97,0.1,Net Banking,Pune,Maharashtra,44.0,Female,4312.77,2024-11,2024
ORD001531,CUST0508,2025-06-06,Bedsheet,Home & Kitchen,4,1108.1,0.05,Net Banking,Kochi,Kerala,20.0,Female,4210.78,2025-06,2025
ORD004252,CUST0216,2025-08-19,Cookware Set,Home & Kitchen,1,13910.63,0.1,UPI,Kochi,Kerala,18.0,Male,12519.57,2025-08,2025
ORD001566,CUST0207,2025-09-15,Data Analytics Book,Books,3,2224.56,0.1,Credit Card,Kochi,Kerala,27.0,Female,6006.31,2025-09,2025
ORD004437,CUST0139,2025-02-25,Dumbbells,Sports,2,9611.92,0.0,Credit Card,New Delhi,Delhi,20.0,Male,19223.84,2025-02,2025
ORD002750,CUST0956,2025-03-02,Smart Watch,Electronics,2,50907.84,0.05,Net Banking,Hyderabad,Telangana,21.0,Female,96724.9,2025-03,2025
ORD000840,CUST0948,2025-12-11,Shampoo,Beauty,3,652.95,0.15,Debit Card,Salem,Tamil Nadu,31.0,Male,1665.02,2025-12,2025
ORD000501,CUST0892,2024-04-12,Bedsheet,Home & Kitchen,2,13924.5,0.1,Credit Card,Warangal,Telangana,38.0,Male,25064.1,2024-04,2024
ORD004031,CUST0786,2024-09-01,Bluetooth Speaker,Electronics,1,71655.02,0.0,Cash on Delivery,Mangaluru,Karnataka,32.0,Male,71655.02,2024-09,2024
ORD000142,CUST0085,2024-01-03,Running Shoes,Sports,3,1534.72,0.0,Credit Card,New Delhi,Delhi,51.0,Female,4604.16,2024-01,2024
ORD004950,CUST1195,2024-03-16,Bedsheet,Home & Kitchen,1,11801.58,0.1,Debit Card,Bengaluru,Karnataka,35.0,Male,10621.42,2024-03,2024
ORD002606,CUST0141,2025-01-28,Running Shoes,Sports,4,1713.56,0.0,Credit Card,Kochi,Kerala,36.0,Female,6854.24,2025-01,2025
ORD003506,CUST0885,2025-03-13,Laptop Stand,Electronics,1,9569.78,0.2,Debit Card,New Delhi,Delhi,32.0,Female,7655.82,2025-03,2025
ORD001378,CUST0001,2025-09-03,Smart Watch,Electronics,1,6289.85,0.05,Credit Card,Bengaluru,Karnataka,24.0,Female,5975.36,2025-09,2025
ORD004662,CUST1111,2025-03-29,Sunscreen,Beauty,4,1722.32,0.0,UPI,Kochi,Kerala,18.0,Female,6889.28,2025-03,2025
ORD005883,CUST1075,2025-10-30,Jacket,Fashion,3,4502.7,0.05,Credit Card,Mysuru,Karnataka,32.0,Male,12832.69,2025-10,2025
ORD002267,CUST0482,2024-07-09,Perfume,Beauty,1,3168.17,0.05,Debit Card,Warangal,Telangana,31.0,Female,3009.76,2024-07,2024
ORD005341,CUST0375,2025-01-03,Wireless Headphones,Electronics,2,2641.21,0.15,Net Banking,Chennai,Tamil Nadu,33.0,Male,4490.06,2025-01,2025
ORD001139,CUST0136,2024-11-04,Dumbbells,Sports,4,9677.92,0.15,UPI,Kochi,Kerala,22.0,Female,32904.93,2024-11,2024
ORD002258,CUST0234,2024-09-12,Football,Sports,1,2300.2,0.15,Debit Card,Mysuru,Karnataka,32.0,Female,1955.17,2024-09,2024
ORD005446,CUST0757,2025-11-29,Jeans,Fashion,1,1321.17,0.0,Cash on Delivery,Pune,Maharashtra,19.0,Male,1321.17,2025-11,2025
ORD001788,CUST0799,2025-12-20,Power Bank,Electronics,5,3218.92,0.0,UPI,Mangaluru,Karnataka,38.0,Female,16094.6,2025-12,2025
ORD003635,CUST0261,2024-09-16,Moisturizer,Beauty,1,812.54,0.1,UPI,Trichy,Tamil Nadu,25.0,Male,731.29,2024-09,2024
ORD000551,CUST1075,2024-08-13,SQL Guide,Books,1,1670.01,0.1,Credit Card,New Delhi,Delhi,28.0,Female,1503.01,2024-08,2024
ORD000460,CUST0177,2025-08-10,Sneakers,Fashion,1,4846.04,0.2,Debit Card,Mumbai,Maharashtra,18.0,Female,3876.83,2025-08,2025
ORD002020,CUST0977,2024-09-08,Backpack,Fashion,1,3586.32,0.1,UPI,Coimbatore,Tamil Nadu,34.0,Male,3227.69,2024-09,2024
ORD000949,CUST1181,2025-04-15,Table Lamp,Home & Kitchen,1,13189.27,0.15,Debit Card,Hyderabad,Telangana,21.0,Male,11210.88,2025-04,2025
ORD003219,CUST0592,2025-04-16,Jeans,Fashion,1,936.27,0.05,UPI,Mumbai,Maharashtra,38.0,Male,889.46,2025-04,2025
ORD005181,CUST0577,2024-11-24,Backpack,Fashion,3,2862.18,0.15,Debit Card,Mumbai,Maharashtra,34.0,Female,7298.56,2024-11,2024
ORD000533,CUST0595,2025-12-29,Cricket Bat,Sports,2,1324.44,0.0,UPI,New Delhi,Delhi,46.0,Female,2648.88,2025-12,2025
ORD003843,CUST0881,2024-09-17,Running Shoes,Sports,1,3090.57,0.05,UPI,Mumbai,Maharashtra,36.0,Male,2936.04,2024-09,2024
ORD001830,CUST0017,2024-01-15,Wireless Headphones,Electronics,2,9964.49,0.1,Credit Card,Warangal,Telangana,34.0,Female,17936.08,2024-01,2024
ORD005407,CUST0169,2025-05-13,Football,Sports,2,2986.92,0.0,Cash on Delivery,Mangaluru,Karnataka,49.0,Male,5973.84,2025-05,2025
ORD005293,CUST0920,2025-12-07,Machine Learning Book,Books,4,2130.88,0.0,UPI,Hyderabad,Telangana,18.0,Male,8523.52,2025-12,2025
ORD004775,CUST0816,2024-08-27,Shampoo,Beauty,1,3274.32,0.15,UPI,Bengaluru,Karnataka,30.0,Male,2783.17,2024-08,2024
ORD003915,CUST0234,2025-02-07,Cookware Set,Home & Kitchen,5,13439.21,0.15,Debit Card,Thiruvananthapuram,Kerala,18.0,Female,57116.64,2025-02,2025
ORD001603,CUST0265,2025-07-17,Mixer Grinder,Home & Kitchen,2,7306.04,0.15,Cash on Delivery,New Delhi,Delhi,32.0,Male,12420.27,2025-07,2025
ORD002239,CUST0853,2025-08-27,T-Shirt,Fashion,1,4904.87,0.05,UPI,Mangaluru,Karnataka,18.0,Female,4659.63,2025-08,2025
ORD000640,CUST0681,2025-06-21,Power Bank,Electronics,1,21706.86,0.05,Debit Card,Madurai,Tamil Nadu,38.0,Male,20621.52,2025-06,2025
ORD005793,CUST0259,2024-09-28,Wireless Headphones,Electronics,1,26109.22,0.05,UPI,Nagpur,Maharashtra,18.0,Other,24803.76,2024-09,2024
ORD000968,CUST0390,2024-03-31,Bluetooth Speaker,Electronics,3,67363.61,0.05,Cash on Delivery,Warangal,Telangana,22.0,Male,191986.29,2024-03,2024
ORD005067,CUST1158,2024-12-20,Wireless Headphones,Electronics,3,16966.41,0.0,UPI,Bengaluru,Karnataka,34.0,Female,50899.23,2024-12,2024
ORD003712,CUST0560,2024-05-28,Data Analytics Book,Books,2,395.25,0.05,Net Banking,Coimbatore,Tamil Nadu,32.0,Female,750.97,2024-05,2024
ORD001684,CUST0327,2024-11-05,Bluetooth Speaker,Electronics,3,68327.7,0.0,Credit Card,Coimbatore,Tamil Nadu,25.0,Female,204983.1,2024-11,2024
ORD002249,CUST0682,2024-01-09,Wireless Headphones,Electronics,1,16313.16,0.15,Debit Card,Mysuru,Karnataka,32.0,Male,13866.19,2024-01,2024
ORD004127,CUST0179,2024-09-18,Perfume,Beauty,4,538.38,0.0,UPI,Mysuru,Karnataka,23.0,Female,2153.52,2024-09,2024
ORD005360,CUST0528,2024-01-02,Machine Learning Book,Books,1,451.14,0.15,Credit Card,Trichy,Tamil Nadu,31.0,Female,383.47,2024-01,2024
ORD003320,CUST0433,2025-12-01,Coffee Maker,Home & Kitchen,1,9789.02,0.1,Cash on Delivery,Nagpur,Maharashtra,26.0,Female,8810.12,2025-12,2025
ORD000156,CUST0738,2025-04-04,Laptop Stand,Electronics,1,28228.68,0.0,Credit Card,Madurai,Tamil Nadu,32.0,Male,28228.68,2025-04,2025
ORD002296,CUST0525,2024-05-15,Smart Watch,Electronics,2,71505.72,0.05,UPI,Mysuru,Karnataka,26.0,Female,135860.87,2024-05,2024
ORD003524,CUST0406,2024-10-22,Bedsheet,Home & Kitchen,1,5046.24,0.15,Credit Card,Hyderabad,Telangana,38.0,Male,4289.3,2024-10,2024
ORD004020,CUST0126,2025-06-30,Power Bank,Electronics,2,42983.1,0.15,Credit Card,Hyderabad,Telangana,30.0,Male,73071.27,2025-06,2025
ORD001090,CUST0884,2025-05-31,Mixer Grinder,Home & Kitchen,1,8643.43,0.1,Debit Card,New Delhi,Delhi,36.0,Female,7779.09,2025-05,2025
ORD005820,CUST0930,2024-06-16,Bluetooth Speaker,Electronics,2,64506.61,0.05,Debit Card,Thiruvananthapuram,Kerala,46.0,Female,122562.56,2024-06,2024
ORD002320,CUST0660,2024-03-07,Sneakers,Fashion,1,2137.12,0.0,Debit Card,Thiruvananthapuram,Kerala,41.0,Female,2137.12,2024-03,2024
ORD002941,CUST0677,2024-03-30,Table Lamp,Home & Kitchen,2,11462.16,0.1,UPI,Chennai,Tamil Nadu,21.0,Male,20631.89,2024-03,2024
ORD005072,CUST1137,2024-10-24,Machine Learning Book,Books,2,655.44,0.0,UPI,New Delhi,Delhi,32.0,Female,1310.88,2024-10,2024
ORD000289,CUST0083,2024-06-12,Business Analytics,Books,2,1370.59,0.1,UPI,Salem,Tamil Nadu,43.0,Male,2467.06,2024-06,2024
ORD000931,CUST1144,2025-01-29,Power Bank,Electronics,4,1451.27,0.1,UPI,Thiruvananthapuram,Kerala,24.0,Male,5224.57,2025-01,2025
ORD002910,CUST0641,2024-10-07,Power Bank,Electronics,3,35802.85,0.15,Credit Card,Mysuru,Karnataka,45.0,Male,91297.27,2024-10,2024
ORD003586,CUST0950,2025-04-04,Moisturizer,Beauty,2,2508.07,0.15,Credit Card,Mysuru,Karnataka,21.0,Other,4263.72,2025-04,2025
ORD004657,CUST0925,2024-04-18,Backpack,Fashion,2,438.38,0.05,Credit Card,Hyderabad,Telangana,45.0,Male,832.92,2024-04,2024
ORD002885,CUST0300,2024-05-04,Python Programming,Books,3,2446.35,0.1,UPI,Madurai,Tamil Nadu,43.0,Male,6605.14,2024-05,2024
ORD003378,CUST0359,2025-07-11,Dumbbells,Sports,1,7486.51,0.15,UPI,Warangal,Telangana,42.0,Male,6363.53,2025-07,2025
ORD003221,CUST0680,2024-03-16,Wireless Headphones,Electronics,2,60249.69,0.2,UPI,Nagpur,Maharashtra,27.0,Female,96399.5,2024-03,2024
ORD005445,CUST0923,2025-12-18,Moisturizer,Beauty,4,2040.57,0.2,UPI,New Delhi,Delhi,38.0,Male,6529.82,2025-12,2025
ORD003001,CUST0828,2024-03-17,Backpack,Fashion,2,3590.79,0.05,UPI,New Delhi,Delhi,38.0,Male,6822.5,2024-03,2024
ORD004451,CUST0630,2025-02-15,Power Bank,Electronics,1,43273.27,0.05,UPI,Mysuru,Karnataka,29.0,Female,41109.61,2025-02,2025
ORD004698,CUST0554,2024-01-22,Smart Watch,Electronics,1,14711.48,0.05,UPI,Thiruvananthapuram,Kerala,25.0,Male,13975.91,2024-01,2024
ORD005914,CUST0476,2025-03-19,Jacket,Fashion,3,1763.52,0.0,UPI,Coimbatore,Tamil Nadu,23.0,Female,5290.56,2025-03,2025
ORD000943,CUST0295,2025-12-08,Backpack,Fashion,1,2950.04,0.15,Cash on Delivery,Hyderabad,Telangana,24.0,Male,2507.53,2025-12,2025
ORD002355,CUST0504,2025-03-25,Data Analytics Book,Books,2,499.61,0.1,Credit Card,Mumbai,Maharashtra,30.0,Male,899.3,2025-03,2025
ORD004765,CUST0558,2025-12-26,Wireless Headphones,Electronics,3,25012.2,0.1,Debit Card,Mumbai,Maharashtra,42.0,Female,67532.94,2025-12,2025
ORD005789,CUST0904,2024-09-16,Yoga Mat,Sports,4,7382.22,0.15,Debit Card,New Delhi,Delhi,36.0,Female,25099.55,2024-09,2024
ORD005594,CUST0705,2025-04-28,Machine Learning Book,Books,2,1568.35,0.1,Cash on Delivery,New Delhi,Delhi,25.0,Male,2823.03,2025-04,2025
ORD001699,CUST0385,2024-03-30,Sunscreen,Beauty,2,299.36,0.1,Debit Card,Warangal,Telangana,18.0,Female,538.85,2024-03,2024
ORD005647,CUST0123,2025-12-06,Machine Learning Book,Books,4,2231.48,0.05,Net Banking,Coimbatore,Tamil Nadu,22.0,Male,8479.62,2025-12,2025
ORD005200,CUST0531,2024-06-13,Smart Watch,Electronics,3,45048.11,0.15,UPI,Bengaluru,Karnataka,24.0,Male,114872.68,2024-06,2024
ORD003546,CUST0936,2025-05-18,Bedsheet,Home & Kitchen,5,5385.45,,Debit Card,Chennai,Tamil Nadu,38.0,Male,22888.16,2025-05,2025
ORD003978,CUST0354,2025-10-17,Bluetooth Speaker,Electronics,2,57804.46,0.1,Credit Card,New Delhi,Delhi,42.0,Male,104048.03,2025-10,2025
ORD005015,CUST0763,2025-06-30,Sunscreen,Beauty,4,2318.58,0.0,UPI,New Delhi,Delhi,42.0,Female,9274.32,2025-06,2025
ORD000986,CUST0078,2025-02-22,Backpack,Fashion,2,1566.63,0.1,Credit Card,Bengaluru,Karnataka,37.0,Female,2819.93,2025-02,2025
ORD005279,CUST0267,2024-04-08,Jeans,Fashion,1,4490.23,0.05,Credit Card,Thiruvananthapuram,Kerala,35.0,Female,4265.72,2024-04,2024
ORD003108,CUST0667,2024-12-25,Business Analytics,Books,1,800.21,0.1,Cash on Delivery,New Delhi,Delhi,39.0,Male,720.19,2024-12,2024
ORD003166,CUST0292,2025-12-04,Shampoo,Beauty,1,1638.82,0.05,,Kochi,Kerala,35.0,Female,1556.88,2025-12,2025
ORD005727,CUST1151,2024-09-07,Bluetooth Speaker,Electronics,3,55540.55,0.1,UPI,Coimbatore,Tamil Nadu,35.0,Male,149959.49,2024-09,2024
ORD000982,CUST0046,2025-07-08,Football,Sports,2,5761.44,0.1,UPI,Trichy,Tamil Nadu,23.0,Other,10370.59,2025-07,2025
ORD003529,CUST0823,2025-01-09,T-Shirt,Fashion,1,1030.51,0.0,UPI,Mysuru,Karnataka,25.0,Female,1030.51,2025-01,2025
ORD003263,CUST0794,2025-07-29,Sneakers,Fashion,2,4643.85,0.1,UPI,Bengaluru,Karnataka,36.0,Female,8358.93,2025-07,2025
ORD005459,CUST0138,2024-06-12,Sneakers,Fashion,1,1116.59,0.05,UPI,Mysuru,Karnataka,33.0,Female,1060.76,2024-06,2024
ORD003443,CUST1130,2024-11-04,Yoga Mat,Sports,2,4495.11,0.1,UPI,New Delhi,Delhi,25.0,Male,8091.2,2024-11,2024
ORD004297,CUST0511,2024-06-29,Yoga Mat,Sports,2,2936.0,0.0,Cash on Delivery,Hyderabad,Telangana,41.0,Male,5872.0,2024-06,2024
ORD003498,CUST0794,2025-10-28,Wireless Headphones,Electronics,4,38334.53,0.05,Debit Card,Mangaluru,Karnataka,34.0,Male,145671.21,2025-10,2025
ORD001474,CUST0943,2024-09-01,Bluetooth Speaker,Electronics,3,60982.39,0.05,Credit Card,Trichy,Tamil Nadu,33.0,Male,173799.81,2024-09,2024
ORD004551,CUST0735,2024-10-28,Smart Watch,Electronics,2,59434.14,0.1,UPI,Hyderabad,Telangana,30.0,Male,106981.45,2024-10,2024
ORD004458,CUST1137,2024-09-30,Cricket Bat,Sports,3,3295.9,0.1,UPI,Mumbai,Maharashtra,32.0,Female,8898.93,2024-09,2024
ORD004883,CUST0344,2025-09-12,Coffee Maker,Home & Kitchen,1,1395.3,0.05,UPI,Nagpur,Maharashtra,42.0,Male,1325.54,2025-09,2025
ORD001458,CUST0050,2024-05-29,Smart Watch,Electronics,2,35369.8,0.05,UPI,Mangaluru,Karnataka,28.0,Male,67202.62,2024-05,2024
ORD001396,CUST0908,2024-02-01,Bedsheet,Home & Kitchen,3,3773.1,0.1,UPI,Kochi,Kerala,24.0,Male,10187.37,2024-02,2024
ORD000265,CUST0889,2024-06-03,Backpack,Fashion,4,5962.23,0.0,Debit Card,Kochi,Kerala,27.0,Male,23848.92,2024-06,2024
ORD002749,CUST0077,2024-08-24,Perfume,Beauty,3,2374.28,0.0,UPI,New Delhi,Delhi,26.0,Female,7122.84,2024-08,2024
ORD003394,CUST0224,2025-03-20,Sunscreen,Beauty,3,1510.49,0.15,UPI,New Delhi,Delhi,39.0,Male,3851.75,2025-03,2025
ORD002693,CUST0332,2024-06-01,Coffee Maker,Home & Kitchen,3,3067.85,0.1,UPI,New Delhi,Delhi,29.0,Male,8283.2,2024-06,2024
ORD000930,CUST0614,2024-06-07,Perfume,Beauty,3,2492.17,0.05,UPI,Warangal,Telangana,26.0,Female,7102.68,2024-06,2024
ORD004221,CUST0302,2024-05-09,Cricket Bat,Sports,2,7708.61,0.15,Cash on Delivery,Mangaluru,Karnataka,32.0,Male,13104.64,2024-05,2024
ORD005704,CUST0512,2024-05-15,Cricket Bat,Sports,2,4530.44,0.0,UPI,Kochi,Kerala,35.0,Female,9060.88,2024-05,2024
ORD002401,CUST1037,2025-03-13,Smart Watch,Electronics,2,30993.42,0.0,UPI,Mysuru,Karnataka,38.0,Female,61986.84,2025-03,2025
ORD002179,CUST0894,2025-12-14,Sneakers,Fashion,1,2701.4,0.05,Credit Card,Warangal,Telangana,36.0,Female,2566.33,2025-12,2025
ORD003807,CUST0223,2024-10-24,Jacket,Fashion,2,5318.67,0.05,UPI,Chennai,Tamil Nadu,26.0,Male,10105.47,2024-10,2024
ORD000247,CUST0533,2025-08-28,Bedsheet,Home & Kitchen,2,6774.57,0.05,UPI,Hyderabad,Telangana,29.0,Female,12871.68,2025-08,2025
ORD001595,CUST1116,2024-03-08,Moisturizer,Beauty,5,986.91,0.1,Cash on Delivery,Kochi,Kerala,25.0,Male,4441.1,2024-03,2024
ORD001759,CUST0902,2024-08-15,Sunscreen,Beauty,4,3150.64,0.2,UPI,Warangal,Telangana,24.0,Male,10082.05,2024-08,2024
ORD005837,CUST1053,2024-03-15,Sneakers,Fashion,1,3274.26,0.0,Credit Card,Madurai,Tamil Nadu,20.0,Female,3274.26,2024-03,2024
ORD004055,CUST0214,2024-10-09,Moisturizer,Beauty,2,1682.0,0.0,Net Banking,Chennai,Tamil Nadu,28.0,Male,3364.0,2024-10,2024
ORD000924,CUST1140,2024-10-06,Laptop Stand,Electronics,2,35659.76,0.1,Debit Card,Thiruvananthapuram,Kerala,26.0,Male,64187.57,2024-10,2024
ORD003323,CUST0343,2025-01-02,Jacket,Fashion,1,4554.76,0.0,Cash on Delivery,Madurai,Tamil Nadu,36.0,Female,4554.76,2025-01,2025
ORD000269,CUST0552,2024-06-02,Backpack,Fashion,1,3725.29,0.0,Debit Card,Mangaluru,Karnataka,18.0,Male,3725.29,2024-06,2024
ORD000670,CUST0809,2025-05-17,Smart Watch,Electronics,2,9718.65,0.2,UPI,Nagpur,Maharashtra,31.0,Male,15549.84,2025-05,2025
ORD004257,CUST0885,2025-03-19,Jeans,Fashion,1,414.11,0.0,Credit Card,New Delhi,Delhi,29.0,Female,414.11,2025-03,2025
ORD001911,CUST0959,2025-12-30,Yoga Mat,Sports,1,2478.54,0.1,Cash on Delivery,Mangaluru,Karnataka,39.0,Female,2230.69,2025-12,2025
ORD004397,CUST0054,2024-11-04,Mixer Grinder,Home & Kitchen,2,10411.08,0.0,UPI,Mumbai,Maharashtra,18.0,Male,20822.16,2024-11,2024
ORD001153,CUST0455,2024-12-07,T-Shirt,Fashion,2,2037.07,0.05,Debit Card,Nagpur,Maharashtra,50.0,Female,3870.43,2024-12,2024
ORD004919,CUST1055,2024-06-04,Cricket Bat,Sports,2,7108.54,0.1,Debit Card,Warangal,Telangana,28.0,Female,12795.37,2024-06,2024
ORD005773,CUST0670,2024-03-01,Cricket Bat,Sports,1,2477.07,0.05,Credit Card,Bengaluru,Karnataka,29.0,Female,2353.22,2024-03,2024
ORD004501,CUST0808,2025-03-04,Bedsheet,Home & Kitchen,2,3277.4,0.0,UPI,New Delhi,Delhi,30.0,Female,6554.8,2025-03,2025
ORD002697,CUST0250,2024-07-28,Cricket Bat,Sports,2,3265.33,0.15,UPI,New Delhi,Delhi,38.0,Male,5551.06,2024-07,2024
ORD002592,CUST0556,2025-01-05,Backpack,Fashion,5,4734.42,0.05,UPI,Pune,Maharashtra,43.0,Female,22488.5,2025-01,2025
ORD005073,CUST0565,2025-07-09,Yoga Mat,Sports,3,5146.44,0.05,Credit Card,Warangal,Telangana,27.0,Male,14667.35,2025-07,2025
ORD001782,CUST0848,2025-03-05,Jacket,Fashion,2,2732.35,0.2,Credit Card,Kochi,Kerala,42.0,Male,4371.76,2025-03,2025
ORD002414,CUST0550,2025-04-07,Face Wash,Beauty,4,1795.42,0.1,UPI,Nagpur,Maharashtra,32.0,Female,6463.51,2025-04,2025
ORD003014,CUST0208,2025-09-24,Bluetooth Speaker,Electronics,1,22969.3,0.05,UPI,Hyderabad,Telangana,33.0,Female,21820.84,2025-09,2025
ORD005239,CUST0654,2025-12-21,Table Lamp,Home & Kitchen,1,6320.66,0.05,Net Banking,New Delhi,Delhi,20.0,Male,6004.63,2025-12,2025
ORD002308,CUST0491,2024-06-07,Mixer Grinder,Home & Kitchen,1,5953.78,0.05,UPI,Thiruvananthapuram,Kerala,21.0,Male,5656.09,2024-06,2024
ORD003823,CUST0468,2024-07-19,Cookware Set,Home & Kitchen,3,4520.53,0.2,Debit Card,Thiruvananthapuram,Kerala,33.0,Male,10849.27,2024-07,2024
ORD000688,CUST1150,2025-11-18,Cookware Set,Home & Kitchen,1,766.52,0.1,UPI,Kochi,Kerala,36.0,Female,689.87,2025-11,2025
ORD001916,CUST0965,2024-11-26,Machine Learning Book,Books,1,326.54,0.05,Credit Card,Thiruvananthapuram,Kerala,44.0,Female,310.21,2024-11,2024
ORD005646,CUST1054,2024-06-21,Perfume,Beauty,2,848.89,0.05,UPI,Madurai,Tamil Nadu,42.0,Male,1612.89,2024-06,2024
ORD000613,CUST0632,2024-05-23,Backpack,Fashion,2,2850.82,0.05,Debit Card,Mumbai,Maharashtra,36.0,Female,5416.56,2024-05,2024
ORD003072,CUST0868,2024-07-15,Laptop Stand,Electronics,3,27027.81,0.15,UPI,New Delhi,Delhi,22.0,Male,68920.92,2024-07,2024
ORD003406,CUST0784,2025-03-27,Data Analytics Book,Books,1,666.38,0.2,UPI,Nagpur,Maharashtra,27.0,Female,533.1,2025-03,2025
ORD002268,CUST0225,2025-06-23,SQL Guide,Books,2,304.32,0.0,Credit Card,New Delhi,Delhi,28.0,Male,608.64,2025-06,2025
ORD005753,CUST0939,2025-08-19,Perfume,Beauty,4,3913.96,0.05,UPI,Bengaluru,Karnataka,43.0,Female,14873.05,2025-08,2025
ORD002534,CUST0181,2024-01-11,Sunscreen,Beauty,2,910.87,0.05,Cash on Delivery,Hyderabad,Telangana,26.0,Female,1730.65,2024-01,2024
ORD000040,CUST0634,2025-02-01,Jacket,Fashion,1,4664.46,0.1,UPI,Nagpur,Maharashtra,33.0,Male,4198.01,2025-02,2025
ORD001899,CUST0618,2025-05-10,Yoga Mat,Sports,1,7773.09,0.15,UPI,Mangaluru,Karnataka,18.0,Female,6607.13,2025-05,2025
ORD001650,CUST1040,2024-07-02,Perfume,Beauty,4,1138.43,0.1,UPI,Mysuru,Karnataka,33.0,Female,4098.35,2024-07,2024
ORD003472,CUST1031,2024-08-29,Jacket,Fashion,1,5586.41,0.05,Credit Card,Madurai,Tamil Nadu,31.0,Female,5307.09,2024-08,2024
ORD000259,CUST0015,2025-02-25,Jeans,Fashion,2,3460.83,0.05,UPI,Thiruvananthapuram,Kerala,29.0,Female,6575.58,2025-02,2025
ORD002925,CUST0042,2024-07-08,Moisturizer,Beauty,1,2015.66,0.0,Credit Card,New Delhi,Delhi,30.0,Male,2015.66,2024-07,2024
ORD002435,CUST0043,2025-06-22,Dumbbells,Sports,1,7826.89,0.05,,Kochi,Kerala,34.0,Other,7435.55,2025-06,2025
ORD000848,CUST0403,2024-10-26,Perfume,Beauty,2,3606.5,0.05,Net Banking,Bengaluru,Karnataka,21.0,Male,6852.35,2024-10,2024
ORD002823,CUST0113,2025-01-19,Bedsheet,Home & Kitchen,2,2231.68,0.0,Cash on Delivery,Coimbatore,Tamil Nadu,18.0,Female,4463.36,2025-01,2025
ORD004402,CUST0828,2025-09-01,Laptop Stand,Electronics,1,42433.08,0.15,Debit Card,Mumbai,Maharashtra,29.0,Male,36068.12,2025-09,2025
ORD005085,CUST0485,2025-02-05,T-Shirt,Fashion,2,5719.17,0.0,Credit Card,Coimbatore,Tamil Nadu,26.0,Male,11438.34,2025-02,2025
ORD003955,CUST0645,2025-02-14,Wireless Headphones,Electronics,1,1659.13,0.2,Credit Card,Nagpur,Maharashtra,35.0,Female,1327.3,2025-02,2025
ORD003642,CUST0244,2025-07-22,Business Analytics,Books,1,1281.32,0.05,Credit Card,Pune,Maharashtra,29.0,Female,1217.25,2025-07,2025
ORD001234,CUST0580,2024-01-02,Machine Learning Book,Books,2,1574.09,0.1,Debit Card,New Delhi,Delhi,37.0,Male,2833.36,2024-01,2024
ORD001128,CUST0534,2025-11-19,Cookware Set,Home & Kitchen,3,7453.19,0.15,Net Banking,Warangal,Telangana,40.0,Female,19005.63,2025-11,2025
ORD003490,CUST0369,2024-12-29,Coffee Maker,Home & Kitchen,3,2600.01,0.05,Credit Card,Mysuru,Karnataka,26.0,Female,7410.03,2024-12,2024
ORD001968,CUST0854,2024-04-10,Bedsheet,Home & Kitchen,1,647.51,0.1,Debit Card,Nagpur,Maharashtra,59.0,Female,582.76,2024-04,2024
ORD000559,CUST0038,2024-09-11,Face Wash,Beauty,2,896.45,0.15,Credit Card,Bengaluru,Karnataka,30.0,Male,1523.96,2024-09,2024
ORD000905,CUST0275,2025-03-23,Bedsheet,Home & Kitchen,1,12852.38,0.1,UPI,Kochi,Kerala,40.0,Male,11567.14,2025-03,2025
ORD002615,CUST0439,2025-02-20,Backpack,Fashion,2,3275.08,0.0,Debit Card,Pune,Maharashtra,35.0,Male,6550.16,2025-02,2025
ORD000485,CUST0215,2024-10-07,Backpack,Fashion,2,4060.09,0.05,Credit Card,Kochi,Kerala,39.0,Female,7714.17,2024-10,2024
ORD002212,CUST1132,2024-12-06,Bluetooth Speaker,Electronics,1,32144.01,0.15,Credit Card,New Delhi,Delhi,35.0,Female,27322.41,2024-12,2024
ORD001321,CUST1091,2024-03-05,Mixer Grinder,Home & Kitchen,2,7724.07,0.15,Cash on Delivery,Kochi,Kerala,21.0,Male,13130.92,2024-03,2024
ORD003333,CUST1156,2024-09-21,Wireless Headphones,Electronics,3,27860.17,0.15,Credit Card,Hyderabad,Telangana,32.0,Female,71043.43,2024-09,2024
ORD002556,CUST0332,2025-11-21,Backpack,Fashion,2,460.19,0.15,Credit Card,Chennai,Tamil Nadu,34.0,Male,782.32,2025-11,2025
ORD000008,CUST0201,2024-05-14,Mixer Grinder,Home & Kitchen,2,13364.58,0.05,,Salem,Tamil Nadu,38.0,Female,25392.7,2024-05,2024
ORD002316,CUST0314,2024-05-03,Face Wash,Beauty,4,574.03,0.2,UPI,Mumbai,Maharashtra,31.0,Male,1836.9,2024-05,2024
ORD005079,CUST0792,2024-07-18,Shampoo,Beauty,3,2862.15,0.0,UPI,Pune,Maharashtra,18.0,Male,8586.45,2024-07,2024
ORD004385,CUST0678,2024-04-04,Data Analytics Book,Books,3,1190.36,0.15,UPI,Bengaluru,Karnataka,47.0,Male,3035.42,2024-04,2024
ORD004316,CUST0971,2024-10-01,Smart Watch,Electronics,2,47103.24,0.05,Credit Card,Thiruvananthapuram,Kerala,18.0,Female,89496.16,2024-10,2024
ORD005268,CUST0706,2024-11-28,Moisturizer,Beauty,1,2581.45,0.1,Cash on Delivery,Kochi,Kerala,30.0,Male,2323.3,2024-11,2024
ORD001451,CUST0274,2024-10-09,Face Wash,Beauty,2,3769.06,0.0,Net Banking,Kochi,Kerala,26.0,Female,7538.12,2024-10,2024
ORD001202,CUST0798,2025-08-01,Power Bank,Electronics,5,22670.0,0.0,Credit Card,Chennai,Tamil Nadu,28.0,Female,113350.0,2025-08,2025
ORD002427,CUST0178,2025-02-17,Laptop Stand,Electronics,1,33326.5,0.15,Debit Card,New Delhi,Delhi,27.0,Female,28327.52,2025-02,2025
ORD002649,CUST1109,2025-10-02,Machine Learning Book,Books,3,1730.17,0.05,UPI,Kochi,Kerala,37.0,Female,4930.98,2025-10,2025
ORD001815,CUST0351,2025-01-29,Bedsheet,Home & Kitchen,2,14971.7,0.05,,Thiruvananthapuram,Kerala,32.0,Female,28446.23,2025-01,2025
ORD002727,CUST0539,2024-07-21,Moisturizer,Beauty,1,2131.18,0.0,UPI,Hyderabad,Telangana,20.0,Female,2131.18,2024-07,2024
ORD000774,CUST0475,2025-08-23,Bluetooth Speaker,Electronics,1,43848.34,0.1,UPI,Hyderabad,Telangana,31.0,Male,39463.51,2025-08,2025
ORD002275,CUST0738,2024-09-07,Wireless Headphones,Electronics,1,66785.02,0.1,Cash on Delivery,New Delhi,Delhi,28.0,Male,60106.52,2024-09,2024
ORD001012,CUST0117,2024-12-25,Cricket Bat,Sports,1,8956.09,0.15,UPI,Mumbai,Maharashtra,34.0,Female,7612.68,2024-12,2024
ORD004060,CUST0353,2024-12-05,Power Bank,Electronics,2,48342.8,0.0,UPI,New Delhi,Delhi,35.0,Female,96685.6,2024-12,2024
ORD003468,CUST0990,2024-11-20,Sneakers,Fashion,1,5648.23,0.05,Cash on Delivery,Kochi,Kerala,27.0,Female,5365.82,2024-11,2024
ORD001992,CUST0851,2025-01-20,Coffee Maker,Home & Kitchen,3,2245.29,0.15,Cash on Delivery,Pune,Maharashtra,42.0,Male,5725.49,2025-01,2025
ORD001278,CUST0079,2025-04-04,Sneakers,Fashion,1,5004.45,0.15,Debit Card,Thiruvananthapuram,Kerala,47.0,Male,4253.78,2025-04,2025
ORD001784,CUST0145,2024-01-27,Mixer Grinder,Home & Kitchen,1,6504.96,0.05,Debit Card,Chennai,Tamil Nadu,32.0,Female,6179.71,2024-01,2024
ORD004254,CUST0335,2025-06-23,Dumbbells,Sports,4,7411.48,0.05,UPI,Hyderabad,Telangana,20.0,Male,28163.62,2025-06,2025
ORD000447,CUST0398,2024-10-20,Shampoo,Beauty,1,3832.93,0.0,Cash on Delivery,Mumbai,Maharashtra,35.0,Female,3832.93,2024-10,2024
ORD000881,CUST0956,2025-08-06,Machine Learning Book,Books,1,1631.91,0.15,Cash on Delivery,Mumbai,Maharashtra,25.0,Male,1387.12,2025-08,2025
ORD004054,CUST0027,2024-03-24,Bedsheet,Home & Kitchen,1,13305.21,0.0,UPI,Thiruvananthapuram,Kerala,24.0,Male,13305.21,2024-03,2024
ORD005347,CUST0338,2025-11-10,SQL Guide,Books,1,1439.85,0.2,UPI,Nagpur,Maharashtra,18.0,Male,1151.88,2025-11,2025
ORD002728,CUST0596,2024-09-16,Sneakers,Fashion,2,1346.93,0.15,UPI,New Delhi,Delhi,30.0,Male,2289.78,2024-09,2024
ORD003049,CUST0120,2024-11-09,Backpack,Fashion,1,4506.81,0.15,Debit Card,New Delhi,Delhi,42.0,Female,3830.79,2024-11,2024
ORD000782,CUST0986,2025-01-15,Jacket,Fashion,1,3254.45,0.05,Credit Card,Warangal,Telangana,40.0,Male,3091.73,2025-01,2025
ORD002652,CUST0881,2025-12-06,Moisturizer,Beauty,1,2845.64,0.05,Debit Card,Kochi,Kerala,53.0,Male,2703.36,2025-12,2025
ORD005828,CUST1086,2024-11-09,Dumbbells,Sports,2,1201.56,0.1,UPI,Kochi,Kerala,23.0,Male,2162.81,2024-11,2024
ORD001750,CUST0455,2024-08-28,Python Programming,Books,2,464.12,0.05,Net Banking,Nagpur,Maharashtra,34.0,Male,881.83,2024-08,2024
ORD002127,CUST0118,2025-11-20,Sneakers,Fashion,2,5657.67,0.2,Credit Card,Warangal,Telangana,28.0,Female,9052.27,2025-11,2025
ORD004422,CUST1060,2024-04-07,Sneakers,Fashion,3,5753.13,0.15,Debit Card,Nagpur,Maharashtra,33.0,Female,14670.48,2024-04,2024
ORD002792,CUST0967,2024-06-15,Laptop Stand,Electronics,1,50838.21,0.15,Debit Card,Warangal,Telangana,32.0,Male,43212.48,2024-06,2024
ORD002424,CUST0148,2024-03-22,Laptop Stand,Electronics,1,63930.72,0.05,UPI,Mangaluru,Karnataka,18.0,Male,60734.18,2024-03,2024
ORD005858,CUST0932,2024-02-05,Wireless Headphones,Electronics,3,1540.9,0.05,Debit Card,Coimbatore,Tamil Nadu,35.0,Male,4391.57,2024-02,2024
ORD005169,CUST1137,2025-12-01,Bluetooth Speaker,Electronics,1,35719.86,0.05,Credit Card,Salem,Tamil Nadu,25.0,Female,33933.87,2025-12,2025
ORD000884,CUST0869,2025-09-05,Bluetooth Speaker,Electronics,2,50202.76,0.0,Credit Card,Thiruvananthapuram,Kerala,45.0,Male,100405.52,2025-09,2025
ORD003358,CUST0290,2025-09-14,Cricket Bat,Sports,1,9216.23,0.15,Credit Card,Thiruvananthapuram,Kerala,20.0,Male,7833.8,2025-09,2025
ORD001092,CUST0106,2025-06-06,Sunscreen,Beauty,1,1650.49,0.2,Net Banking,Hyderabad,Telangana,35.0,Male,1320.39,2025-06,2025
ORD005623,CUST1158,2025-09-28,Jeans,Fashion,3,4723.9,0.15,UPI,Salem,Tamil Nadu,20.0,Female,12045.94,2025-09,2025
ORD005129,CUST0624,2025-07-23,Wireless Headphones,Electronics,2,70077.11,0.1,UPI,Bengaluru,Karnataka,18.0,Female,126138.8,2025-07,2025
ORD000532,CUST0276,2025-10-05,Backpack,Fashion,1,2100.92,0.0,UPI,Hyderabad,Telangana,34.0,Male,2100.92,2025-10,2025
ORD003591,CUST1091,2025-02-23,Laptop Stand,Electronics,1,68670.0,0.1,Cash on Delivery,Hyderabad,Telangana,49.0,Female,61803.0,2025-02,2025
ORD002439,CUST0432,2024-07-25,Football,Sports,2,5302.75,0.05,UPI,Mysuru,Karnataka,35.0,Male,10075.22,2024-07,2024
ORD004862,CUST0172,2024-09-19,Mixer Grinder,Home & Kitchen,1,9441.48,0.0,Debit Card,Warangal,Telangana,29.0,Male,9441.48,2024-09,2024
ORD005065,CUST0656,2025-01-01,Jeans,Fashion,1,2300.28,0.05,Credit Card,New Delhi,Delhi,32.0,Female,2185.27,2025-01,2025
ORD003956,CUST0481,2024-11-04,Power Bank,Electronics,3,62164.23,0.15,Debit Card,Pune,Maharashtra,29.0,Male,158518.79,2024-11,2024
ORD004967,CUST0739,2025-11-27,Machine Learning Book,Books,1,2442.43,0.0,UPI,Warangal,Telangana,39.0,Male,2442.43,2025-11,2025
ORD002291,CUST0182,2024-10-19,Coffee Maker,Home & Kitchen,1,12600.96,0.0,Cash on Delivery,New Delhi,Delhi,39.0,Male,12600.96,2024-10,2024
ORD001728,CUST1151,2024-11-22,Football,Sports,2,6946.72,0.15,Credit Card,Pune,Maharashtra,23.0,Female,11809.42,2024-11,2024
ORD000611,CUST0466,2024-02-21,Bluetooth Speaker,Electronics,2,32746.45,0.1,UPI,Salem,Tamil Nadu,36.0,Female,58943.61,2024-02,2024
ORD000571,CUST0860,2024-02-22,Bluetooth Speaker,Electronics,2,16696.46,0.15,UPI,Trichy,Tamil Nadu,25.0,Female,28383.98,2024-02,2024
ORD003775,CUST1156,2024-11-12,Cookware Set,Home & Kitchen,1,4173.12,0.0,Credit Card,Thiruvananthapuram,Kerala,18.0,Female,4173.12,2024-11,2024
ORD001318,CUST0731,2024-01-07,T-Shirt,Fashion,3,4999.14,0.1,Debit Card,Bengaluru,Karnataka,23.0,Male,13497.68,2024-01,2024
ORD000344,CUST0107,2025-10-28,Cricket Bat,Sports,3,2750.87,0.1,Credit Card,Nagpur,Maharashtra,37.0,Male,7427.35,2025-10,2025
ORD000588,CUST0675,2024-08-22,Dumbbells,Sports,3,3936.8,0.1,Debit Card,Pune,Maharashtra,40.0,Female,10629.36,2024-08,2024
ORD004678,CUST0115,2025-02-04,Bedsheet,Home & Kitchen,3,14846.77,0.15,Debit Card,Pune,Maharashtra,24.0,Male,37859.26,2025-02,2025
ORD000637,CUST0053,2025-06-10,Jeans,Fashion,2,2017.5,0.1,Credit Card,New Delhi,Delhi,19.0,Male,3631.5,2025-06,2025
ORD000435,CUST0224,2025-03-07,SQL Guide,Books,4,1882.09,0.0,Credit Card,Warangal,Telangana,41.0,Male,7528.36,2025-03,2025
ORD001904,CUST0736,2025-03-18,T-Shirt,Fashion,2,5677.34,0.1,Debit Card,Salem,Tamil Nadu,25.0,Male,10219.21,2025-03,2025
ORD000098,CUST0594,2025-04-21,Perfume,Beauty,2,2688.13,0.05,Credit Card,Pune,Maharashtra,28.0,Female,5107.45,2025-04,2025
ORD004929,CUST0555,2025-08-06,SQL Guide,Books,1,1764.25,0.05,Debit Card,Nagpur,Maharashtra,22.0,Female,1676.04,2025-08,2025
ORD003426,CUST0461,2024-11-26,Table Lamp,Home & Kitchen,2,3838.31,0.05,Debit Card,Bengaluru,Karnataka,39.0,Female,7292.79,2024-11,2024
ORD004421,CUST1160,2025-05-11,Sunscreen,Beauty,2,1519.73,0.0,Net Banking,Kochi,Kerala,21.0,Female,3039.46,2025-05,2025
ORD002070,CUST1099,2024-02-26,SQL Guide,Books,1,1614.54,0.1,UPI,Thiruvananthapuram,Kerala,22.0,Male,1453.09,2024-02,2024
ORD001538,CUST0978,2024-02-23,Cricket Bat,Sports,2,5234.34,0.2,,Trichy,Tamil Nadu,18.0,Female,8374.94,2024-02,2024
ORD003207,CUST0759,2025-01-09,Power Bank,Electronics,1,3729.57,0.1,Net Banking,Warangal,Telangana,38.0,Male,3356.61,2025-01,2025
ORD004547,CUST1048,2024-11-25,Football,Sports,2,7587.74,0.0,UPI,Chennai,Tamil Nadu,27.0,Female,15175.48,2024-11,2024
ORD004772,CUST0194,2024-03-09,Machine Learning Book,Books,2,2190.94,0.0,UPI,Warangal,Telangana,24.0,Male,4381.88,2024-03,2024
ORD003324,CUST0189,2025-07-18,Moisturizer,Beauty,2,2600.89,0.2,Credit Card,Bengaluru,Karnataka,24.0,Male,4161.42,2025-07,2025
ORD001518,CUST0946,2025-08-31,T-Shirt,Fashion,4,3196.53,0.05,UPI,Mumbai,Maharashtra,18.0,Female,12146.81,2025-08,2025
ORD000966,CUST1016,2024-05-31,Coffee Maker,Home & Kitchen,1,3337.16,0.2,UPI,New Delhi,Delhi,39.0,Male,2669.73,2024-05,2024
ORD005276,CUST0436,2025-02-01,Bedsheet,Home & Kitchen,2,4307.17,0.05,Cash on Delivery,New Delhi,Delhi,41.0,Female,8183.62,2025-02,2025
ORD000529,CUST0982,2024-11-26,Table Lamp,Home & Kitchen,2,13720.88,0.0,Debit Card,Bengaluru,Karnataka,26.0,Female,27441.76,2024-11,2024
ORD000177,CUST0463,2024-07-31,Smart Watch,Electronics,2,41062.16,0.05,Credit Card,Nagpur,Maharashtra,35.0,Female,78018.1,2024-07,2024
ORD002471,CUST1181,2025-11-11,Backpack,Fashion,1,1966.85,0.0,UPI,Trichy,Tamil Nadu,37.0,Female,1966.85,2025-11,2025
ORD004522,CUST1193,2024-12-25,Cookware Set,Home & Kitchen,2,12927.04,0.0,Cash on Delivery,New Delhi,Delhi,24.0,Female,25854.08,2024-12,2024
ORD003600,CUST0142,2025-09-01,Sneakers,Fashion,2,2509.87,0.05,UPI,Nagpur,Maharashtra,47.0,Female,4768.75,2025-09,2025
ORD003002,CUST1119,2024-03-12,Mixer Grinder,Home & Kitchen,1,9228.22,0.2,Net Banking,New Delhi,Delhi,40.0,Male,7382.58,2024-03,2024
ORD005866,CUST0085,2025-05-04,Jacket,Fashion,1,3834.47,0.0,UPI,Mysuru,Karnataka,37.0,Male,3834.47,2025-05,2025
ORD000573,CUST1163,2024-05-02,Running Shoes,Sports,2,5632.06,0.0,UPI,New Delhi,Delhi,52.0,Female,11264.12,2024-05,2024
ORD003266,CUST1039,2025-11-10,Wireless Headphones,Electronics,1,76296.72,0.1,Credit Card,New Delhi,Delhi,42.0,Male,68667.05,2025-11,2025
ORD000593,CUST0240,2025-07-27,T-Shirt,Fashion,2,1745.37,0.05,Credit Card,Madurai,Tamil Nadu,32.0,Male,3316.2,2025-07,2025
ORD004975,CUST0549,2025-05-04,Cookware Set,Home & Kitchen,1,12986.71,0.05,Debit Card,Coimbatore,Tamil Nadu,31.0,Female,12337.37,2025-05,2025
ORD003063,CUST0724,2025-05-11,Smart Watch,Electronics,1,20268.04,0.0,UPI,Warangal,Telangana,29.0,Female,20268.04,2025-05,2025
ORD003483,CUST0642,2024-03-23,Football,Sports,1,7506.04,0.15,UPI,Nagpur,Maharashtra,20.0,Female,6380.13,2024-03,2024
ORD002375,CUST0839,2025-01-29,Cookware Set,Home & Kitchen,2,4264.39,0.0,UPI,Hyderabad,Telangana,31.0,Female,8528.78,2025-01,2025
ORD003065,CUST0854,2024-06-02,T-Shirt,Fashion,1,869.91,0.2,Credit Card,Kochi,Kerala,33.0,Male,695.93,2024-06,2024
ORD005628,CUST0601,2025-05-06,Backpack,Fashion,1,5778.4,0.1,Credit Card,Mysuru,Karnataka,27.0,Male,5200.56,2025-05,2025
ORD004333,CUST0858,2024-01-13,Bedsheet,Home & Kitchen,2,9560.22,0.15,UPI,Nagpur,Maharashtra,40.0,Female,16252.37,2024-01,2024
ORD003657,CUST0652,2025-12-19,SQL Guide,Books,3,1388.76,0.2,UPI,Madurai,Tamil Nadu,22.0,Male,3333.02,2025-12,2025
ORD002209,CUST0351,2024-07-07,Perfume,Beauty,3,1025.83,0.2,Cash on Delivery,Hyderabad,Telangana,29.0,Female,2461.99,2024-07,2024
ORD004417,CUST0838,2025-11-09,Cookware Set,Home & Kitchen,2,9086.03,0.15,Credit Card,Salem,Tamil Nadu,18.0,Male,15446.25,2025-11,2025
ORD002493,CUST0016,2024-07-01,Jacket,Fashion,3,1390.71,0.1,Credit Card,Mysuru,Karnataka,34.0,Female,3754.92,2024-07,2024
ORD003902,CUST0353,2024-02-21,Jeans,Fashion,3,1714.25,0.0,Debit Card,Bengaluru,Karnataka,28.0,Male,5142.75,2024-02,2024
ORD000384,CUST0148,2024-06-12,SQL Guide,Books,4,983.1,0.0,Credit Card,Kochi,Kerala,24.0,Male,3932.4,2024-06,2024
ORD000853,CUST0379,2024-02-11,Wireless Headphones,Electronics,3,50048.51,0.1,Credit Card,Kochi,Kerala,27.0,Male,135130.98,2024-02,2024
ORD001881,CUST0415,2024-04-04,T-Shirt,Fashion,1,1085.5,0.15,Credit Card,Warangal,Telangana,38.0,Male,922.68,2024-04,2024
ORD000371,CUST0827,2025-10-03,Cookware Set,Home & Kitchen,1,12350.93,0.2,,Hyderabad,Telangana,34.0,Male,9880.74,2025-10,2025
ORD003363,CUST0833,2024-08-04,Backpack,Fashion,1,2635.42,0.0,UPI,Thiruvananthapuram,Kerala,36.0,Female,2635.42,2024-08,2024
ORD004232,CUST0290,2024-07-09,Perfume,Beauty,2,597.21,0.2,Cash on Delivery,Pune,Maharashtra,24.0,Female,955.54,2024-07,2024
ORD005205,CUST0715,2025-12-28,Table Lamp,Home & Kitchen,1,13297.2,0.15,UPI,Mangaluru,Karnataka,26.0,Male,11302.62,2025-12,2025
ORD005171,CUST0653,2024-02-13,Backpack,Fashion,3,3317.42,0.15,Debit Card,Thiruvananthapuram,Kerala,28.0,Female,8459.42,2024-02,2024
ORD005958,CUST1053,2024-03-20,Mixer Grinder,Home & Kitchen,1,9484.57,0.1,UPI,Warangal,Telangana,29.0,Male,8536.11,2024-03,2024
ORD001106,CUST0068,2025-05-29,Jeans,Fashion,4,5819.75,0.15,UPI,Hyderabad,Telangana,27.0,Female,19787.15,2025-05,2025
ORD004685,CUST0336,2025-05-16,Jacket,Fashion,2,4729.29,0.0,Credit Card,Kochi,Kerala,45.0,Female,9458.58,2025-05,2025
ORD002362,CUST0742,2025-08-29,Backpack,Fashion,2,3967.39,0.1,Credit Card,Warangal,Telangana,28.0,Female,7141.3,2025-08,2025
ORD005154,CUST0899,2025-10-27,Business Analytics,Books,2,1193.65,0.1,UPI,Hyderabad,Telangana,28.0,Female,2148.57,2025-10,2025
ORD001337,CUST0234,2025-04-16,Cookware Set,Home & Kitchen,1,3586.34,0.0,Credit Card,Mangaluru,Karnataka,38.0,Female,3586.34,2025-04,2025
ORD002190,CUST0644,2024-08-25,Football,Sports,1,2618.97,0.05,UPI,Bengaluru,Karnataka,30.0,Female,2488.02,2024-08,2024
ORD005503,CUST0980,2025-01-22,Smart Watch,Electronics,2,7036.97,0.1,UPI,Trichy,Tamil Nadu,36.0,Male,12666.55,2025-01,2025
ORD005404,CUST0360,2025-10-01,Football,Sports,1,7535.67,0.05,UPI,Hyderabad,Telangana,39.0,Male,7158.89,2025-10,2025
ORD004849,CUST0243,2024-03-03,Football,Sports,4,7977.86,0.0,Credit Card,Mysuru,Karnataka,37.0,Female,31911.44,2024-03,2024
ORD002247,CUST0415,2024-03-19,Dumbbells,Sports,3,3191.73,0.05,Credit Card,Thiruvananthapuram,Kerala,38.0,Male,9096.43,2024-03,2024
ORD005975,CUST0675,2024-08-27,Backpack,Fashion,1,5432.98,0.1,Net Banking,New Delhi,Delhi,40.0,Other,4889.68,2024-08,2024
ORD005812,CUST0574,2025-01-22,Table Lamp,Home & Kitchen,1,2684.53,0.05,Cash on Delivery,Bengaluru,Karnataka,57.0,Other,2550.3,2025-01,2025
ORD001172,CUST0110,2024-05-02,Laptop Stand,Electronics,2,65267.53,0.1,,Pune,Maharashtra,28.0,Female,117481.55,2024-05,2024
ORD003993,CUST0810,2025-09-11,Wireless Headphones,Electronics,3,13138.47,0.15,Credit Card,Nagpur,Maharashtra,21.0,Male,33503.1,2025-09,2025
ORD003809,CUST0695,2025-03-30,Bedsheet,Home & Kitchen,1,7315.94,0.2,UPI,Pune,Maharashtra,43.0,Male,5852.75,2025-03,2025
ORD001423,CUST0074,2025-03-21,Dumbbells,Sports,3,6701.77,0.0,Credit Card,Pune,Maharashtra,27.0,Female,20105.31,2025-03,2025
ORD002687,CUST0122,2025-08-12,Jeans,Fashion,3,580.63,0.0,Debit Card,Kochi,Kerala,25.0,Female,1741.89,2025-08,2025
ORD005381,CUST0048,2025-07-16,Backpack,Fashion,2,3427.18,0.05,UPI,Nagpur,Maharashtra,37.0,Female,6511.64,2025-07,2025
ORD003319,CUST0592,2024-04-26,Sneakers,Fashion,3,5957.17,0.1,Net Banking,Thiruvananthapuram,Kerala,19.0,Male,16084.36,2024-04,2024
ORD005814,CUST0464,2024-03-11,Mixer Grinder,Home & Kitchen,2,8686.42,0.05,UPI,Hyderabad,Telangana,46.0,Male,16504.2,2024-03,2024
ORD005708,CUST1053,2025-07-09,Dumbbells,Sports,3,2307.02,0.05,Debit Card,Mumbai,Maharashtra,25.0,Female,6575.01,2025-07,2025
ORD001465,CUST0287,2025-01-10,Bluetooth Speaker,Electronics,2,63927.38,0.0,UPI,Bengaluru,Karnataka,35.0,Male,127854.76,2025-01,2025
ORD000875,CUST0310,2024-05-05,Face Wash,Beauty,3,780.82,0.15,UPI,Madurai,Tamil Nadu,36.0,Female,1991.09,2024-05,2024
ORD002298,CUST0975,2024-10-17,Shampoo,Beauty,2,2415.7,0.1,UPI,Mysuru,Karnataka,28.0,Male,4348.26,2024-10,2024
ORD002644,CUST0943,2024-11-19,Jacket,Fashion,2,4024.0,0.05,Debit Card,Chennai,Tamil Nadu,36.0,Female,7645.6,2024-11,2024
ORD003946,CUST0287,2025-01-23,Wireless Headphones,Electronics,1,69862.71,0.05,Credit Card,Mysuru,Karnataka,28.0,Female,66369.57,2025-01,2025
ORD005191,CUST0471,2024-01-10,Face Wash,Beauty,2,296.73,0.05,Credit Card,Thiruvananthapuram,Kerala,18.0,Female,563.79,2024-01,2024
ORD001252,CUST0468,2025-12-14,Table Lamp,Home & Kitchen,4,3839.56,0.05,Net Banking,Mangaluru,Karnataka,36.0,Female,14590.33,2025-12,2025
ORD003327,CUST1107,2025-02-20,Power Bank,Electronics,3,29476.63,0.05,UPI,Warangal,Telangana,24.0,Female,84008.4,2025-02,2025
ORD000841,CUST0926,2025-06-05,Jeans,Fashion,4,3293.72,0.15,Credit Card,Bengaluru,Karnataka,30.0,Female,11198.65,2025-06,2025
ORD004229,CUST0899,2025-05-28,T-Shirt,Fashion,2,4019.91,0.0,Debit Card,Warangal,Telangana,48.0,Male,8039.82,2025-05,2025
ORD000582,CUST0380,2025-08-17,Shampoo,Beauty,2,3026.91,0.15,Credit Card,Kochi,Kerala,18.0,Male,5145.75,2025-08,2025
ORD000205,CUST0483,2024-03-06,Perfume,Beauty,1,2660.81,0.1,Credit Card,New Delhi,Delhi,27.0,Female,2394.73,2024-03,2024
ORD001642,CUST0528,2024-09-22,Bluetooth Speaker,Electronics,1,73316.87,0.05,UPI,New Delhi,Delhi,44.0,Female,69651.03,2024-09,2024
ORD002015,CUST1129,2025-10-14,Cookware Set,Home & Kitchen,4,11076.59,0.1,Credit Card,Chennai,Tamil Nadu,36.0,Other,39875.72,2025-10,2025
ORD000906,CUST0832,2024-10-24,Dumbbells,Sports,1,5172.64,0.15,UPI,Trichy,Tamil Nadu,18.0,Male,4396.74,2024-10,2024
ORD000632,CUST0850,2025-09-30,Mixer Grinder,Home & Kitchen,1,11073.98,0.15,Net Banking,Salem,Tamil Nadu,31.0,Female,9412.88,2025-09,2025
ORD004245,CUST0019,2024-03-22,Wireless Headphones,Electronics,3,48286.25,0.0,UPI,Madurai,Tamil Nadu,18.0,Male,144858.75,2024-03,2024
ORD001975,CUST0522,2025-09-25,Jacket,Fashion,1,1978.01,0.0,Net Banking,Kochi,Kerala,42.0,Male,1978.01,2025-09,2025
ORD000163,CUST0883,2024-07-08,Laptop Stand,Electronics,1,14561.21,0.1,Cash on Delivery,Trichy,Tamil Nadu,19.0,Male,13105.09,2024-07,2024
ORD004305,CUST0657,2025-11-11,Cookware Set,Home & Kitchen,1,955.74,0.05,Net Banking,Mumbai,Maharashtra,20.0,Male,907.95,2025-11,2025
ORD004056,CUST0251,2024-04-22,Jeans,Fashion,1,917.1,0.15,Debit Card,Mumbai,Maharashtra,18.0,Female,779.54,2024-04,2024
ORD005389,CUST0606,2024-01-31,Mixer Grinder,Home & Kitchen,3,5360.4,0.15,Debit Card,Hyderabad,Telangana,21.0,Male,13669.02,2024-01,2024
ORD003514,CUST0443,2024-09-01,Cricket Bat,Sports,1,9103.34,0.1,Debit Card,Mysuru,Karnataka,21.0,Female,8193.01,2024-09,2024
ORD000618,CUST1165,2025-07-17,Mixer Grinder,Home & Kitchen,2,11467.16,0.15,Credit Card,Salem,Tamil Nadu,34.0,Male,19494.17,2025-07,2025
ORD000876,CUST0482,2024-11-07,Coffee Maker,Home & Kitchen,5,9542.6,0.1,UPI,Thiruvananthapuram,Kerala,28.0,Male,42941.7,2024-11,2024
ORD001432,CUST1144,2025-11-30,Bedsheet,Home & Kitchen,1,11398.65,0.1,Credit Card,Mumbai,Maharashtra,30.0,Female,10258.78,2025-11,2025
ORD002974,CUST0692,2024-06-23,Football,Sports,2,5319.99,0.0,UPI,New Delhi,Delhi,37.0,Female,10639.98,2024-06,2024
ORD005363,CUST0624,2024-08-28,Jacket,Fashion,5,2696.81,0.05,UPI,Hyderabad,Telangana,24.0,Female,12809.85,2024-08,2024
ORD000548,CUST0798,2024-04-26,Machine Learning Book,Books,1,904.75,0.15,Cash on Delivery,Madurai,Tamil Nadu,41.0,Male,769.04,2024-04,2024
ORD004872,CUST0121,2024-09-21,Power Bank,Electronics,2,60298.54,0.15,Credit Card,New Delhi,Delhi,30.0,Female,102507.52,2024-09,2024
ORD005450,CUST0728,2025-08-30,Running Shoes,Sports,1,5175.43,0.1,UPI,Mumbai,Maharashtra,29.0,Male,4657.89,2025-08,2025
ORD005049,CUST0219,2025-11-02,Wireless Headphones,Electronics,1,38456.12,0.0,UPI,Hyderabad,Telangana,26.0,Female,38456.12,2025-11,2025
ORD003382,CUST0620,2024-06-02,Shampoo,Beauty,1,1316.65,0.15,UPI,Nagpur,Maharashtra,,Female,1119.15,2024-06,2024
ORD005810,CUST0431,2025-09-13,Bluetooth Speaker,Electronics,5,65591.5,0.15,UPI,Mysuru,Karnataka,27.0,Female,278763.88,2025-09,2025
ORD005703,CUST0853,2024-04-19,SQL Guide,Books,4,1649.74,0.1,Credit Card,Madurai,Tamil Nadu,36.0,Female,5939.06,2024-04,2024
ORD004891,CUST0650,2024-06-02,T-Shirt,Fashion,2,425.71,0.05,Debit Card,Hyderabad,Telangana,24.0,Female,808.85,2024-06,2024
ORD002857,CUST0337,2025-01-31,Data Analytics Book,Books,3,1393.47,0.0,UPI,Hyderabad,Telangana,22.0,Male,4180.41,2025-01,2025
ORD001862,CUST0169,2024-12-05,Business Analytics,Books,1,1508.66,0.1,Credit Card,New Delhi,Delhi,46.0,Female,1357.79,2024-12,2024
ORD002660,CUST0573,2024-03-25,Table Lamp,Home & Kitchen,4,13555.24,0.05,Cash on Delivery,Trichy,Tamil Nadu,35.0,Male,51509.91,2024-03,2024
ORD005506,CUST0247,2025-08-27,Bluetooth Speaker,Electronics,1,48650.75,0.0,Credit Card,Mysuru,Karnataka,27.0,Female,48650.75,2025-08,2025
ORD000641,CUST0694,2025-02-19,Sneakers,Fashion,1,454.76,0.0,Credit Card,Madurai,Tamil Nadu,30.0,Female,454.76,2025-02,2025
ORD005108,CUST1147,2024-04-21,Coffee Maker,Home & Kitchen,3,2130.17,0.0,UPI,Bengaluru,Karnataka,32.0,Male,6390.51,2024-04,2024
ORD001010,CUST0172,2024-05-27,Perfume,Beauty,1,907.01,0.1,Cash on Delivery,Madurai,Tamil Nadu,41.0,Female,816.31,2024-05,2024
ORD005863,CUST0636,2025-06-06,Smart Watch,Electronics,4,55113.32,0.0,UPI,Thiruvananthapuram,Kerala,45.0,Female,220453.28,2025-06,2025
ORD000638,CUST0842,2024-06-26,Face Wash,Beauty,2,1933.19,0.1,UPI,New Delhi,Delhi,18.0,Male,3479.74,2024-06,2024
ORD004900,CUST0513,2024-01-24,Smart Watch,Electronics,2,57381.69,0.1,Credit Card,New Delhi,Delhi,39.0,Female,103287.04,2024-01,2024
ORD004505,CUST0075,2025-03-04,Bluetooth Speaker,Electronics,2,23353.06,0.0,UPI,Hyderabad,Telangana,45.0,Female,46706.12,2025-03,2025
ORD002309,CUST0491,2025-10-02,Mixer Grinder,Home & Kitchen,2,4662.32,0.1,Credit Card,New Delhi,Delhi,32.0,Female,8392.18,2025-10,2025
ORD004169,CUST0448,2024-11-07,Cookware Set,Home & Kitchen,1,11728.94,0.05,Credit Card,Kochi,Kerala,28.0,Male,11142.49,2024-11,2024
ORD003146,CUST0653,2024-03-07,Cookware Set,Home & Kitchen,1,3009.19,0.0,Net Banking,Thiruvananthapuram,Kerala,43.0,Female,3009.19,2024-03,2024
ORD003782,CUST0699,2024-04-12,Bluetooth Speaker,Electronics,1,39936.94,0.15,Debit Card,Mumbai,Maharashtra,22.0,Male,33946.4,2024-04,2024
ORD002097,CUST0721,2024-12-12,Jacket,Fashion,2,2381.99,0.1,Credit Card,New Delhi,Delhi,44.0,Male,4287.58,2024-12,2024
ORD005520,CUST1038,2024-04-06,Football,Sports,1,5177.68,0.1,Credit Card,Bengaluru,Karnataka,34.0,Female,4659.91,2024-04,2024
ORD001957,CUST0311,2025-03-13,Power Bank,Electronics,3,47223.11,0.2,Credit Card,Salem,Tamil Nadu,26.0,Male,113335.46,2025-03,2025
ORD001373,CUST0303,2025-03-18,Wireless Headphones,Electronics,2,17398.62,0.05,Cash on Delivery,Pune,Maharashtra,38.0,Female,33057.38,2025-03,2025
ORD004023,CUST0993,2025-12-09,Cookware Set,Home & Kitchen,2,2936.35,0.2,Cash on Delivery,Nagpur,Maharashtra,31.0,Male,4698.16,2025-12,2025
ORD000922,CUST0205,2024-10-30,Yoga Mat,Sports,1,4727.68,0.2,Cash on Delivery,Kochi,Kerala,45.0,Female,3782.14,2024-10,2024
ORD000547,CUST0524,2025-10-08,Jeans,Fashion,3,4147.9,0.05,Credit Card,Hyderabad,Telangana,28.0,Male,11821.51,2025-10,2025
ORD001450,CUST0176,2025-07-04,Bedsheet,Home & Kitchen,3,4403.88,0.1,UPI,Coimbatore,Tamil Nadu,27.0,Female,11890.48,2025-07,2025
ORD002805,CUST0136,2025-05-28,T-Shirt,Fashion,2,2143.04,0.0,Debit Card,New Delhi,Delhi,20.0,Male,4286.08,2025-05,2025
ORD002611,CUST0002,2025-09-22,Smart Watch,Electronics,1,65797.49,0.05,Credit Card,New Delhi,Delhi,34.0,Male,62507.62,2025-09,2025
ORD001901,CUST0719,2024-03-15,Jeans,Fashion,5,526.68,0.1,Debit Card,New Delhi,Delhi,37.0,Male,2370.06,2024-03,2024
ORD002758,CUST0218,2024-07-08,Backpack,Fashion,1,1732.45,0.15,Debit Card,Hyderabad,Telangana,32.0,Male,1472.58,2024-07,2024
ORD002029,CUST0791,2024-06-23,Data Analytics Book,Books,4,250.69,0.1,Debit Card,Nagpur,Maharashtra,18.0,Female,902.48,2024-06,2024
ORD002302,CUST0138,2025-01-13,Moisturizer,Beauty,1,3597.19,0.15,Net Banking,Madurai,Tamil Nadu,36.0,Male,3057.61,2025-01,2025
ORD001886,CUST0262,2025-11-25,Perfume,Beauty,2,2373.84,0.1,UPI,Bengaluru,Karnataka,34.0,Male,4272.91,2025-11,2025
ORD001643,CUST0303,2025-07-26,Wireless Headphones,Electronics,2,2195.23,0.0,UPI,New Delhi,Delhi,28.0,Female,4390.46,2025-07,2025
ORD000973,CUST1105,2024-11-05,Sneakers,Fashion,1,676.91,0.15,UPI,Mumbai,Maharashtra,38.0,Female,575.37,2024-11,2024
ORD005765,CUST0131,2024-04-04,Smart Watch,Electronics,3,8671.41,0.1,UPI,Hyderabad,Telangana,31.0,Female,23412.81,2024-04,2024
ORD002098,CUST0119,2024-07-31,Moisturizer,Beauty,2,3110.02,0.2,Debit Card,Mumbai,Maharashtra,34.0,Male,4976.03,2024-07,2024
ORD005209,CUST0205,2025-12-13,Smart Watch,Electronics,1,72232.72,0.1,UPI,Mangaluru,Karnataka,37.0,Female,65009.45,2025-12,2025
ORD004576,CUST0329,2025-12-12,Cookware Set,Home & Kitchen,2,12945.47,0.0,Net Banking,Chennai,Tamil Nadu,30.0,Female,25890.94,2025-12,2025
ORD005491,CUST0625,2025-09-05,Wireless Headphones,Electronics,2,24179.45,0.1,UPI,New Delhi,Delhi,34.0,Female,43523.01,2025-09,2025
ORD005959,CUST0304,2024-12-21,Bluetooth Speaker,Electronics,2,40822.84,0.05,UPI,Mangaluru,Karnataka,32.0,Male,77563.4,2024-12,2024
ORD000837,CUST0785,2025-09-12,Backpack,Fashion,2,2652.93,0.0,UPI,Bengaluru,Karnataka,38.0,Female,5305.86,2025-09,2025
ORD000602,CUST0023,2024-11-13,Data Analytics Book,Books,2,2459.27,0.1,Cash on Delivery,Kochi,Kerala,35.0,Male,4426.69,2024-11,2024
ORD002185,CUST0225,2025-05-06,Perfume,Beauty,2,3748.86,0.2,Credit Card,Madurai,Tamil Nadu,20.0,Male,5998.18,2025-05,2025
ORD004769,CUST0238,2024-01-19,Bluetooth Speaker,Electronics,1,74916.34,0.2,Credit Card,New Delhi,Delhi,24.0,Female,59933.07,2024-01,2024
ORD003517,CUST0021,2025-06-15,Backpack,Fashion,2,5580.91,0.0,Credit Card,Mangaluru,Karnataka,41.0,Female,11161.82,2025-06,2025
ORD005150,CUST0885,2025-05-07,Shampoo,Beauty,4,2128.0,0.1,Net Banking,Hyderabad,Telangana,30.0,Other,7660.8,2025-05,2025
ORD001583,CUST1054,2024-07-09,Coffee Maker,Home & Kitchen,1,12535.24,0.15,UPI,Kochi,Kerala,,Male,10654.95,2024-07,2024
ORD005102,CUST0016,2025-08-15,Wireless Headphones,Electronics,2,9767.36,0.1,Net Banking,New Delhi,Delhi,34.0,Female,17581.25,2025-08,2025
ORD003584,CUST1031,2025-08-24,Smart Watch,Electronics,1,5275.09,0.15,UPI,Warangal,Telangana,48.0,Female,4483.83,2025-08,2025
ORD003859,CUST0958,2024-06-20,Smart Watch,Electronics,2,28706.72,0.0,UPI,Pune,Maharashtra,32.0,Male,57413.44,2024-06,2024
ORD001071,CUST0623,2024-12-17,T-Shirt,Fashion,1,422.0,0.05,UPI,Mumbai,Maharashtra,29.0,Female,400.9,2024-12,2024
ORD001776,CUST0227,2024-01-27,Wireless Headphones,Electronics,1,17128.26,0.2,Debit Card,New Delhi,Delhi,33.0,Female,13702.61,2024-01,2024
ORD005764,CUST0299,2024-03-12,Wireless Headphones,Electronics,3,21975.13,0.2,Cash on Delivery,New Delhi,Delhi,31.0,Female,52740.31,2024-03,2024
ORD001284,CUST0232,2025-01-14,Coffee Maker,Home & Kitchen,3,2518.35,0.1,Cash on Delivery,Pune,Maharashtra,23.0,Male,6799.54,2025-01,2025
ORD004988,CUST0454,2024-05-20,Backpack,Fashion,1,1990.68,0.0,UPI,New Delhi,Delhi,30.0,Female,1990.68,2024-05,2024
ORD004885,CUST0816,2025-10-09,Face Wash,Beauty,5,3292.34,0.15,Credit Card,Hyderabad,Telangana,40.0,Male,13992.44,2025-10,2025
ORD005700,CUST0590,2025-01-10,Bedsheet,Home & Kitchen,1,3402.06,0.0,Debit Card,Mangaluru,Karnataka,22.0,Female,3402.06,2025-01,2025
ORD001837,CUST0169,2025-09-29,Smart Watch,Electronics,4,73029.15,0.15,Debit Card,Warangal,Telangana,33.0,Male,248299.11,2025-09,2025
ORD005453,CUST0693,2024-07-03,Mixer Grinder,Home & Kitchen,1,6600.5,0.1,Debit Card,Mysuru,Karnataka,32.0,Female,5940.45,2024-07,2024
ORD001020,CUST0677,2025-01-05,Sneakers,Fashion,2,2162.8,0.0,Net Banking,Mumbai,Maharashtra,38.0,Male,4325.6,2025-01,2025
ORD000971,CUST0087,2024-05-25,T-Shirt,Fashion,2,1342.0,0.05,Credit Card,Mysuru,Karnataka,21.0,Male,2549.8,2024-05,2024
ORD001327,CUST1152,2025-03-08,Yoga Mat,Sports,3,5470.19,0.15,Cash on Delivery,Nagpur,Maharashtra,34.0,Female,13948.98,2025-03,2025
ORD003334,CUST0024,2025-06-03,Face Wash,Beauty,4,3971.57,0.1,UPI,Kochi,Kerala,43.0,Female,14297.65,2025-06,2025
ORD000476,CUST1066,2025-08-23,Table Lamp,Home & Kitchen,3,4587.82,0.05,Cash on Delivery,New Delhi,Delhi,28.0,Male,13075.29,2025-08,2025
ORD002811,CUST0944,2024-10-17,Moisturizer,Beauty,3,3384.48,0.1,Debit Card,Warangal,Telangana,47.0,Female,9138.1,2024-10,2024
ORD005609,CUST0175,2025-09-08,Python Programming,Books,4,1846.58,0.0,UPI,Warangal,Telangana,31.0,Female,7386.32,2025-09,2025
ORD001652,CUST0007,2024-09-09,Data Analytics Book,Books,1,683.17,0.05,UPI,Mysuru,Karnataka,26.0,Male,649.01,2024-09,2024
ORD005570,CUST0168,2024-02-05,Python Programming,Books,2,467.42,0.15,UPI,Hyderabad,Telangana,32.0,Male,794.61,2024-02,2024
ORD005122,CUST0785,2024-06-22,Mixer Grinder,Home & Kitchen,1,6625.77,0.15,Cash on Delivery,Nagpur,Maharashtra,18.0,Female,5631.9,2024-06,2024
ORD002529,CUST0920,2024-01-05,Jeans,Fashion,2,2579.36,0.2,Credit Card,Nagpur,Maharashtra,22.0,Male,4126.98,2024-01,2024
ORD003692,CUST1187,2024-05-16,Football,Sports,2,728.54,0.15,UPI,Thiruvananthapuram,Kerala,29.0,Female,1238.52,2024-05,2024
ORD004510,CUST0433,2025-06-12,Python Programming,Books,1,1693.89,0.05,Debit Card,New Delhi,Delhi,20.0,Female,1609.2,2025-06,2025
ORD004087,CUST0677,2025-09-17,Jacket,Fashion,1,822.67,0.0,UPI,Warangal,Telangana,28.0,Female,822.67,2025-09,2025
ORD001374,CUST0675,2024-07-27,Jacket,Fashion,1,5572.12,0.1,UPI,Kochi,Kerala,28.0,Male,5014.91,2024-07,2024
ORD000740,CUST0676,2024-11-06,Smart Watch,Electronics,2,53812.39,0.15,UPI,New Delhi,Delhi,38.0,Female,91481.06,2024-11,2024
ORD004609,CUST1098,2024-06-15,Face Wash,Beauty,2,1863.99,0.05,UPI,Coimbatore,Tamil Nadu,29.0,Female,3541.58,2024-06,2024
ORD005803,CUST0878,2025-11-02,Sunscreen,Beauty,5,507.54,0.0,UPI,Thiruvananthapuram,Kerala,27.0,Male,2537.7,2025-11,2025
ORD000868,CUST0115,2025-08-04,Wireless Headphones,Electronics,1,17532.02,0.1,Net Banking,Nagpur,Maharashtra,37.0,Female,15778.82,2025-08,2025
ORD002975,CUST0295,2025-07-09,Machine Learning Book,Books,1,1735.17,0.1,Credit Card,Hyderabad,Telangana,48.0,Female,1561.65,2025-07,2025
ORD001141,CUST1139,2025-01-25,Smart Watch,Electronics,4,69285.35,0.0,Debit Card,Nagpur,Maharashtra,30.0,Female,277141.4,2025-01,2025
ORD000998,CUST0169,2025-01-02,Mixer Grinder,Home & Kitchen,1,11410.86,0.0,UPI,Mysuru,Karnataka,32.0,Female,11410.86,2025-01,2025
ORD001338,CUST0867,2025-11-22,Data Analytics Book,Books,1,988.69,0.15,Debit Card,Kochi,Kerala,31.0,Female,840.39,2025-11,2025
ORD000542,CUST0058,2025-09-13,Smart Watch,Electronics,2,6399.17,0.05,Credit Card,Nagpur,Maharashtra,38.0,Male,12158.42,2025-09,2025
ORD001100,CUST0340,2024-10-15,Jeans,Fashion,1,1094.06,0.05,UPI,Mangaluru,Karnataka,41.0,Female,1039.36,2024-10,2024
ORD001133,CUST0925,2025-05-30,Wireless Headphones,Electronics,3,43177.84,0.15,Credit Card,Coimbatore,Tamil Nadu,31.0,Female,110103.49,2025-05,2025
ORD005817,CUST0029,2024-07-29,T-Shirt,Fashion,4,819.79,0.1,UPI,Salem,Tamil Nadu,26.0,Female,2951.24,2024-07,2024
ORD005928,CUST0325,2024-10-29,Smart Watch,Electronics,1,44321.4,0.05,Net Banking,Hyderabad,Telangana,45.0,Male,42105.33,2024-10,2024
ORD002259,CUST0513,2025-08-30,Cookware Set,Home & Kitchen,3,4432.65,0.05,Debit Card,Coimbatore,Tamil Nadu,36.0,Male,12633.05,2025-08,2025
ORD005974,CUST1008,2024-07-15,T-Shirt,Fashion,1,624.84,0.15,Net Banking,Mumbai,Maharashtra,23.0,Female,531.11,2024-07,2024
ORD002963,CUST0610,2024-06-24,Bedsheet,Home & Kitchen,5,505.8,0.0,UPI,New Delhi,Delhi,38.0,Male,2529.0,2024-06,2024
ORD000060,CUST0806,2024-12-28,Coffee Maker,Home & Kitchen,1,3566.0,0.05,UPI,Thiruvananthapuram,Kerala,33.0,Male,3387.7,2024-12,2024
ORD003260,CUST0330,2024-01-07,T-Shirt,Fashion,3,1117.38,0.15,Net Banking,Mangaluru,Karnataka,27.0,Female,2849.32,2024-01,2024
ORD004084,CUST0092,2024-10-15,Cricket Bat,Sports,3,9970.66,0.05,Credit Card,Hyderabad,Telangana,31.0,Male,28416.38,2024-10,2024
ORD001939,CUST0858,2024-02-13,Mixer Grinder,Home & Kitchen,1,12893.51,0.0,Net Banking,Warangal,Telangana,33.0,Male,12893.51,2024-02,2024
ORD003651,CUST0644,2024-09-13,Moisturizer,Beauty,1,3898.88,0.05,Credit Card,New Delhi,Delhi,32.0,Male,3703.94,2024-09,2024
ORD005924,CUST0116,2025-09-27,Machine Learning Book,Books,1,995.98,0.1,UPI,Salem,Tamil Nadu,27.0,Male,896.38,2025-09,2025
ORD003396,CUST1119,2025-08-27,Backpack,Fashion,1,4346.73,0.15,Credit Card,Warangal,Telangana,33.0,Male,3694.72,2025-08,2025
ORD002814,CUST0927,2024-02-01,Cricket Bat,Sports,3,8446.21,0.05,UPI,Coimbatore,Tamil Nadu,24.0,Female,24071.7,2024-02,2024
ORD005997,CUST0735,2025-03-06,T-Shirt,Fashion,3,3017.54,0.05,Cash on Delivery,Coimbatore,Tamil Nadu,44.0,Female,8599.99,2025-03,2025
ORD005657,CUST0174,2025-04-09,Python Programming,Books,2,2313.94,0.15,UPI,Chennai,Tamil Nadu,22.0,Female,3933.7,2025-04,2025
ORD001079,CUST0330,2025-01-13,Jacket,Fashion,5,2482.42,0.05,Cash on Delivery,Bengaluru,Karnataka,33.0,Female,11791.5,2025-01,2025
ORD004533,CUST0566,2025-07-19,Yoga Mat,Sports,1,4742.99,0.15,Debit Card,Madurai,Tamil Nadu,30.0,Female,4031.54,2025-07,2025
ORD005832,CUST0243,2025-12-11,Sneakers,Fashion,1,5823.28,0.05,Debit Card,Bengaluru,Karnataka,32.0,Female,5532.12,2025-12,2025
ORD004273,CUST0677,2024-08-17,Sunscreen,Beauty,1,655.43,0.2,Net Banking,Mysuru,Karnataka,43.0,Female,524.34,2024-08,2024
ORD004284,CUST0392,2025-01-25,Perfume,Beauty,2,2574.9,0.0,Cash on Delivery,Coimbatore,Tamil Nadu,27.0,Male,5149.8,2025-01,2025
ORD005100,CUST1029,2025-06-16,Smart Watch,Electronics,1,78569.8,0.0,Credit Card,Thiruvananthapuram,Kerala,39.0,Male,78569.8,2025-06,2025
ORD002631,CUST0650,2024-01-26,Cricket Bat,Sports,5,2626.52,0.1,UPI,New Delhi,Delhi,19.0,Male,11819.34,2024-01,2024
ORD004802,CUST0935,2025-03-06,T-Shirt,Fashion,3,2656.38,0.1,Debit Card,New Delhi,Delhi,45.0,Female,7172.23,2025-03,2025
ORD003525,CUST0027,2024-12-21,Bedsheet,Home & Kitchen,1,13619.18,0.1,UPI,Mumbai,Maharashtra,46.0,Female,12257.26,2024-12,2024
ORD003564,CUST0982,2025-06-24,Sneakers,Fashion,1,2084.9,0.1,UPI,Mumbai,Maharashtra,26.0,Female,1876.41,2025-06,2025
ORD000941,CUST0056,2025-06-08,Cookware Set,Home & Kitchen,2,12497.07,0.1,UPI,Bengaluru,Karnataka,21.0,Male,22494.73,2025-06,2025
ORD001081,CUST0145,2024-07-03,Jeans,Fashion,4,1510.8,0.1,UPI,New Delhi,Delhi,18.0,Male,5438.88,2024-07,2024
ORD000188,CUST0638,2025-08-24,Moisturizer,Beauty,1,464.8,0.0,UPI,Mumbai,Maharashtra,19.0,Female,464.8,2025-08,2025
ORD003723,CUST0200,2024-09-17,Python Programming,Books,3,1896.29,0.1,UPI,Thiruvananthapuram,Kerala,18.0,Female,5119.98,2024-09,2024
ORD005614,CUST1056,2025-03-06,Mixer Grinder,Home & Kitchen,1,13015.15,0.05,UPI,Mysuru,Karnataka,26.0,Female,12364.39,2025-03,2025
ORD002086,CUST0858,2025-09-02,Dumbbells,Sports,2,8274.54,0.1,Cash on Delivery,Thiruvananthapuram,Kerala,24.0,Male,14894.17,2025-09,2025
ORD002250,CUST0817,2024-08-01,Sunscreen,Beauty,3,1326.64,0.15,Credit Card,Bengaluru,Karnataka,26.0,Female,3382.93,2024-08,2024
ORD003689,CUST0329,2025-11-29,Sneakers,Fashion,1,4309.97,0.0,UPI,Coimbatore,Tamil Nadu,39.0,Female,4309.97,2025-11,2025
ORD005869,CUST0858,2024-12-26,Bedsheet,Home & Kitchen,4,13482.68,0.0,UPI,New Delhi,Delhi,23.0,Female,53930.72,2024-12,2024
ORD002024,CUST0468,2024-02-06,Table Lamp,Home & Kitchen,2,14389.78,0.05,Net Banking,Mumbai,Maharashtra,31.0,Female,27340.58,2024-02,2024
ORD003795,CUST0142,2024-07-20,T-Shirt,Fashion,3,5039.76,0.05,Debit Card,Chennai,Tamil Nadu,37.0,Male,14363.32,2024-07,2024
ORD001493,CUST0777,2025-07-29,Bluetooth Speaker,Electronics,1,35067.59,0.15,Credit Card,New Delhi,Delhi,23.0,Male,29807.45,2025-07,2025
ORD004602,CUST0603,2024-11-19,Power Bank,Electronics,1,51839.06,0.15,Net Banking,New Delhi,Delhi,34.0,Male,44063.2,2024-11,2024
ORD004041,CUST0668,2025-09-19,Bluetooth Speaker,Electronics,1,67788.88,0.0,Net Banking,Thiruvananthapuram,Kerala,41.0,Female,67788.88,2025-09,2025
ORD000227,CUST0075,2025-03-18,Smart Watch,Electronics,1,60692.12,0.05,UPI,Pune,Maharashtra,30.0,Male,57657.51,2025-03,2025
ORD001014,CUST1130,2025-06-18,Cricket Bat,Sports,1,6053.91,0.05,Net Banking,Mumbai,Maharashtra,30.0,Male,5751.21,2025-06,2025
ORD002584,CUST0849,2025-02-24,Wireless Headphones,Electronics,2,56683.73,0.05,UPI,Chennai,Tamil Nadu,34.0,Male,107699.09,2025-02,2025
ORD001930,CUST0557,2024-11-01,Business Analytics,Books,1,1961.22,0.2,Debit Card,Chennai,Tamil Nadu,36.0,Female,1568.98,2024-11,2024
ORD004216,CUST0107,2025-07-20,Moisturizer,Beauty,1,1884.35,,,Pune,Maharashtra,35.0,Female,1601.7,2025-07,2025
ORD005383,CUST0934,2024-01-09,Jacket,Fashion,1,3068.93,0.05,UPI,Kochi,Kerala,33.0,Male,2915.48,2024-01,2024
ORD001405,CUST0728,2024-06-06,Business Analytics,Books,1,1634.48,0.2,UPI,New Delhi,Delhi,30.0,Male,1307.58,2024-06,2024
ORD002180,CUST0012,2025-08-30,T-Shirt,Fashion,1,5356.93,0.0,Credit Card,Nagpur,Maharashtra,36.0,Male,5356.93,2025-08,2025
ORD000698,CUST0456,2025-09-28,Backpack,Fashion,1,3518.18,0.2,Credit Card,Bengaluru,Karnataka,35.0,Male,2814.54,2025-09,2025
ORD001125,CUST0522,2024-08-29,T-Shirt,Fashion,3,4618.0,,UPI,Pune,Maharashtra,24.0,Female,12468.6,2024-08,2024
ORD003283,CUST0816,2024-05-14,T-Shirt,Fashion,3,2315.06,0.15,UPI,Mysuru,Karnataka,34.0,Male,5903.4,2024-05,2024
ORD003961,CUST1068,2024-11-04,Sneakers,Fashion,2,3609.96,0.0,UPI,Hyderabad,Telangana,21.0,Female,7219.92,2024-11,2024
ORD004111,CUST0387,2025-08-09,Power Bank,Electronics,1,28974.57,0.1,Credit Card,Hyderabad,Telangana,43.0,Female,26077.11,2025-08,2025
ORD001779,CUST0862,2025-10-08,Python Programming,Books,2,1867.69,0.0,UPI,Warangal,Telangana,47.0,Male,3735.38,2025-10,2025
ORD002635,CUST0326,2025-01-18,Perfume,Beauty,1,1436.56,0.15,Credit Card,Madurai,Tamil Nadu,35.0,Male,1221.08,2025-01,2025
ORD003092,CUST0040,2024-05-06,Jeans,Fashion,2,2518.29,0.1,UPI,Madurai,Tamil Nadu,38.0,Male,4532.92,2024-05,2024
ORD004048,CUST0299,2024-08-25,Machine Learning Book,Books,3,1405.29,0.1,Credit Card,Bengaluru,Karnataka,18.0,Female,3794.28,2024-08,2024
ORD001038,CUST0047,2024-07-16,Cricket Bat,Sports,2,6399.17,0.15,Debit Card,Thiruvananthapuram,Kerala,35.0,Male,10878.59,2024-07,2024
ORD004995,CUST0478,2024-11-25,Table Lamp,Home & Kitchen,2,1133.9,0.0,Debit Card,Salem,Tamil Nadu,31.0,Male,2267.8,2024-11,2024
ORD002257,CUST0910,2024-07-25,Shampoo,Beauty,2,2365.09,0.2,UPI,Mumbai,Maharashtra,43.0,Male,3784.14,2024-07,2024
ORD003774,CUST0528,2024-02-26,Yoga Mat,Sports,1,3737.93,0.0,Credit Card,Bengaluru,Karnataka,49.0,Male,3737.93,2024-02,2024
ORD005930,CUST0521,2024-06-21,Python Programming,Books,2,1155.99,0.1,UPI,Chennai,Tamil Nadu,47.0,Male,2080.78,2024-06,2024
ORD000314,CUST0736,2025-10-19,T-Shirt,Fashion,1,3360.86,0.15,Credit Card,Pune,Maharashtra,29.0,Female,2856.73,2025-10,2025
ORD002650,CUST0910,2024-05-31,Jeans,Fashion,1,2473.87,0.0,Debit Card,Mumbai,Maharashtra,26.0,Male,2473.87,2024-05,2024
ORD002282,CUST0307,2025-10-17,Data Analytics Book,Books,3,2165.3,0.05,Credit Card,Madurai,Tamil Nadu,33.0,Female,6171.1,2025-10,2025
ORD003694,CUST1195,2024-12-01,Jeans,Fashion,2,2379.21,0.0,Net Banking,Thiruvananthapuram,Kerala,38.0,Male,4758.42,2024-12,2024
ORD004288,CUST0134,2025-08-13,Shampoo,Beauty,1,2689.85,0.05,Debit Card,Bengaluru,Karnataka,18.0,Male,2555.36,2025-08,2025
ORD002548,CUST0375,2025-11-11,Wireless Headphones,Electronics,2,51467.52,0.1,Credit Card,Mangaluru,Karnataka,48.0,Female,92641.54,2025-11,2025
ORD001417,CUST0949,2025-06-20,Coffee Maker,Home & Kitchen,1,7309.9,0.0,Debit Card,New Delhi,Delhi,42.0,Male,7309.9,2025-06,2025
ORD001037,CUST0246,2025-04-28,Sneakers,Fashion,3,2369.16,0.0,Debit Card,New Delhi,Delhi,33.0,Female,7107.48,2025-04,2025
ORD002160,CUST0289,2024-03-10,Data Analytics Book,Books,5,2069.36,0.1,UPI,Mumbai,Maharashtra,34.0,Male,9312.12,2024-03,2024
ORD002985,CUST0964,2025-07-10,Wireless Headphones,Electronics,1,3192.3,0.1,Credit Card,Warangal,Telangana,33.0,Male,2873.07,2025-07,2025
ORD003138,CUST0330,2024-08-01,Backpack,Fashion,2,4784.44,0.15,Debit Card,Chennai,Tamil Nadu,46.0,Male,8133.55,2024-08,2024
ORD004982,CUST0356,2025-05-08,Coffee Maker,Home & Kitchen,3,8811.73,0.15,Credit Card,Mysuru,Karnataka,44.0,Female,22469.91,2025-05,2025
ORD001755,CUST0013,2024-04-20,Wireless Headphones,Electronics,1,18814.68,0.05,Credit Card,Mangaluru,Karnataka,31.0,Female,17873.95,2024-04,2024
ORD004263,CUST0989,2024-08-15,Bluetooth Speaker,Electronics,2,47066.13,0.1,Cash on Delivery,Coimbatore,Tamil Nadu,25.0,Male,84719.03,2024-08,2024
ORD003981,CUST0951,2025-10-18,Table Lamp,Home & Kitchen,2,2063.63,0.0,Cash on Delivery,New Delhi,Delhi,33.0,Male,4127.26,2025-10,2025
ORD003818,CUST0322,2025-11-10,Coffee Maker,Home & Kitchen,5,11981.06,0.2,Debit Card,Mumbai,Maharashtra,31.0,Female,47924.24,2025-11,2025
ORD005346,CUST0664,2024-11-08,Yoga Mat,Sports,1,5997.29,0.05,Cash on Delivery,Thiruvananthapuram,Kerala,31.0,Male,5697.43,2024-11,2024
ORD002521,CUST0576,2025-07-10,Power Bank,Electronics,1,60060.17,0.1,UPI,Nagpur,Maharashtra,18.0,Male,54054.15,2025-07,2025
ORD000874,CUST0950,2025-09-29,Bedsheet,Home & Kitchen,2,4863.33,0.0,Credit Card,Mangaluru,Karnataka,29.0,Male,9726.66,2025-09,2025
ORD005230,CUST0132,2024-12-14,Face Wash,Beauty,3,1417.73,0.15,Credit Card,New Delhi,Delhi,19.0,Other,3615.21,2024-12,2024
ORD004490,CUST0792,2024-11-19,Wireless Headphones,Electronics,3,78657.97,0.1,Net Banking,Pune,Maharashtra,21.0,Female,212376.52,2024-11,2024
ORD001507,CUST0033,2024-07-27,SQL Guide,Books,1,615.86,0.15,UPI,Madurai,Tamil Nadu,41.0,Male,523.48,2024-07,2024
ORD003892,CUST1033,2025-01-10,Jeans,Fashion,2,3467.46,0.05,UPI,Thiruvananthapuram,Kerala,25.0,Female,6588.17,2025-01,2025
ORD001924,CUST0099,2024-02-12,Power Bank,Electronics,1,57897.86,0.15,Net Banking,Hyderabad,Telangana,28.0,Female,49213.18,2024-02,2024
ORD000449,CUST0108,2025-11-23,Jacket,Fashion,1,2137.73,0.1,Debit Card,Warangal,Telangana,20.0,Female,1923.96,2025-11,2025
ORD003461,CUST0513,2025-07-29,T-Shirt,Fashion,1,5705.46,0.05,UPI,Salem,Tamil Nadu,43.0,Female,5420.19,2025-07,2025
ORD003576,CUST0165,2024-07-19,Backpack,Fashion,2,2882.92,0.1,UPI,Thiruvananthapuram,Kerala,45.0,Female,5189.26,2024-07,2024
ORD005961,CUST0614,2024-10-22,Cricket Bat,Sports,2,6516.33,0.1,UPI,Mangaluru,Karnataka,25.0,Female,11729.39,2024-10,2024
ORD003633,CUST0638,2024-11-11,Sneakers,Fashion,3,597.08,0.05,Credit Card,Salem,Tamil Nadu,27.0,Female,1701.68,2024-11,2024
ORD003258,CUST0887,2025-02-12,Cricket Bat,Sports,1,8705.65,0.1,UPI,Hyderabad,Telangana,18.0,Female,7835.08,2025-02,2025
ORD000362,CUST0732,2024-07-05,Business Analytics,Books,4,1503.34,0.0,Credit Card,Thiruvananthapuram,Kerala,27.0,Male,6013.36,2024-07,2024
ORD002184,CUST0613,2024-12-08,Power Bank,Electronics,1,70435.86,0.05,Net Banking,Nagpur,Maharashtra,39.0,Female,66914.07,2024-12,2024
ORD001135,CUST0321,2025-07-30,Smart Watch,Electronics,3,48436.51,0.1,Credit Card,Madurai,Tamil Nadu,21.0,Male,130778.58,2025-07,2025
ORD004831,CUST0728,2025-07-30,Mixer Grinder,Home & Kitchen,2,2905.57,0.05,UPI,Salem,Tamil Nadu,32.0,Female,5520.58,2025-07,2025
ORD003200,CUST0139,2024-02-29,Bluetooth Speaker,Electronics,2,45693.56,0.05,UPI,New Delhi,Delhi,30.0,Male,86817.76,2024-02,2024
ORD005818,CUST0433,2025-02-05,Mixer Grinder,Home & Kitchen,2,12314.59,0.05,UPI,Mysuru,Karnataka,28.0,Female,23397.72,2025-02,2025
ORD003439,CUST0285,2025-03-16,Yoga Mat,Sports,2,4630.65,0.1,Credit Card,Warangal,Telangana,31.0,Female,8335.17,2025-03,2025
ORD002156,CUST0610,2024-07-18,Wireless Headphones,Electronics,1,55416.11,0.0,UPI,Hyderabad,Telangana,29.0,Male,55416.11,2024-07,2024
ORD001831,CUST0083,2025-04-10,Table Lamp,Home & Kitchen,4,1540.35,0.05,Credit Card,Mumbai,Maharashtra,34.0,Male,5853.33,2025-04,2025
ORD001054,CUST0082,2025-09-19,Smart Watch,Electronics,1,58196.58,0.05,UPI,Mumbai,Maharashtra,25.0,Male,55286.75,2025-09,2025
ORD002461,CUST0152,2024-05-07,Shampoo,Beauty,1,2864.78,0.05,UPI,Salem,Tamil Nadu,40.0,Female,2721.54,2024-05,2024
ORD000023,CUST0158,2024-08-07,Machine Learning Book,Books,5,2169.27,0.05,Credit Card,New Delhi,Delhi,29.0,Female,10304.03,2024-08,2024
ORD002067,CUST0534,2024-07-13,Power Bank,Electronics,1,36497.39,0.1,Credit Card,Salem,Tamil Nadu,37.0,Male,32847.65,2024-07,2024
ORD001654,CUST1185,2024-08-03,Table Lamp,Home & Kitchen,1,1326.6,0.05,Cash on Delivery,Mysuru,Karnataka,34.0,Female,1260.27,2024-08,2024
ORD003662,CUST0907,2025-07-05,Jeans,Fashion,5,5271.27,0.1,Debit Card,Bengaluru,Karnataka,24.0,Male,23720.72,2025-07,2025
ORD004332,CUST0866,2024-12-05,Wireless Headphones,Electronics,1,52965.23,0.0,UPI,Warangal,Telangana,29.0,Male,52965.23,2024-12,2024
ORD002744,CUST0680,2025-03-13,SQL Guide,Books,1,1158.3,0.1,Credit Card,Warangal,Telangana,33.0,Female,1042.47,2025-03,2025
ORD005245,CUST1167,2024-10-24,Table Lamp,Home & Kitchen,1,8494.61,0.1,Debit Card,Pune,Maharashtra,33.0,Female,7645.15,2024-10,2024
ORD004873,CUST0310,2025-09-06,Football,Sports,4,3704.93,0.05,Credit Card,Kochi,Kerala,26.0,Male,14078.73,2025-09,2025
ORD002469,CUST0183,2025-04-22,Backpack,Fashion,4,5473.93,0.1,Credit Card,Chennai,Tamil Nadu,32.0,Female,19706.15,2025-04,2025
ORD002326,CUST0707,2025-03-04,T-Shirt,Fashion,1,4426.28,0.15,Debit Card,Bengaluru,Karnataka,52.0,Male,3762.34,2025-03,2025
ORD000461,CUST0868,2024-10-28,Dumbbells,Sports,2,4778.33,,UPI,New Delhi,Delhi,25.0,Male,8600.99,2024-10,2024
ORD001068,CUST0582,2025-11-14,Python Programming,Books,1,1701.99,0.1,Debit Card,Thiruvananthapuram,Kerala,24.0,Male,1531.79,2025-11,2025
ORD000088,CUST0632,2024-06-06,Data Analytics Book,Books,3,1822.4,0.05,UPI,Mangaluru,Karnataka,42.0,Female,5193.84,2024-06,2024
ORD001431,CUST0966,2024-11-03,Bedsheet,Home & Kitchen,1,3265.88,0.0,UPI,Kochi,Kerala,,Male,3265.88,2024-11,2024
ORD003740,CUST0247,2025-02-26,Cricket Bat,Sports,2,6178.53,0.0,Credit Card,Madurai,Tamil Nadu,30.0,Male,12357.06,2025-02,2025
ORD000283,CUST0559,2025-03-25,T-Shirt,Fashion,2,4605.26,0.0,UPI,Thiruvananthapuram,Kerala,41.0,Male,9210.52,2025-03,2025
ORD002484,CUST0722,2025-11-01,Smart Watch,Electronics,3,18202.15,0.1,Cash on Delivery,New Delhi,Delhi,20.0,Male,49145.81,2025-11,2025
ORD000463,CUST0459,2024-03-08,Cookware Set,Home & Kitchen,2,7909.08,0.05,UPI,New Delhi,Delhi,51.0,Female,15027.25,2024-03,2024
ORD000213,CUST0820,2024-01-26,Jacket,Fashion,2,983.66,0.05,Credit Card,Pune,Maharashtra,45.0,Male,1868.95,2024-01,2024
ORD002589,CUST1163,2024-07-28,Football,Sports,3,2606.02,0.2,UPI,Thiruvananthapuram,Kerala,40.0,Male,6254.45,2024-07,2024
ORD004292,CUST0612,2025-06-14,Dumbbells,Sports,4,4479.65,0.1,Cash on Delivery,Bengaluru,Karnataka,18.0,Male,16126.74,2025-06,2025
ORD002908,CUST0700,2024-03-22,Bluetooth Speaker,Electronics,1,65541.5,0.15,UPI,Bengaluru,Karnataka,49.0,Male,55710.28,2024-03,2024
ORD002582,CUST0703,2024-03-27,Jeans,Fashion,1,3656.96,0.15,Debit Card,Thiruvananthapuram,Kerala,18.0,Male,3108.42,2024-03,2024
ORD001369,CUST0086,2025-03-04,Business Analytics,Books,2,1247.39,0.05,UPI,New Delhi,Delhi,33.0,Male,2370.04,2025-03,2025
ORD000235,CUST0974,2025-05-13,Backpack,Fashion,1,1011.88,0.15,Credit Card,Nagpur,Maharashtra,34.0,Female,860.1,2025-05,2025
ORD003923,CUST0757,2025-09-24,Sunscreen,Beauty,2,1325.23,0.1,UPI,New Delhi,Delhi,34.0,Female,2385.41,2025-09,2025
ORD000598,CUST0503,2025-03-19,T-Shirt,Fashion,3,1908.74,0.15,UPI,Bengaluru,Karnataka,49.0,Female,4867.29,2025-03,2025
ORD005296,CUST0111,2024-09-15,Laptop Stand,Electronics,1,28079.11,0.2,Debit Card,New Delhi,Delhi,29.0,Female,22463.29,2024-09,2024
ORD002251,CUST0677,2024-01-04,Sneakers,Fashion,1,4875.21,0.0,UPI,Thiruvananthapuram,Kerala,38.0,Male,4875.21,2024-01,2024
ORD005875,CUST0489,2024-05-30,Bedsheet,Home & Kitchen,3,8494.56,0.15,UPI,Mysuru,Karnataka,24.0,Female,21661.13,2024-05,2024
ORD002284,CUST0801,2025-02-09,Coffee Maker,Home & Kitchen,3,7939.88,0.1,UPI,Mangaluru,Karnataka,43.0,Female,21437.68,2025-02,2025
ORD000663,CUST0092,2025-01-15,Power Bank,Electronics,2,6380.49,0.05,UPI,Thiruvananthapuram,Kerala,40.0,Male,12122.93,2025-01,2025
ORD005955,CUST0167,2024-11-27,Sunscreen,Beauty,2,1412.3,0.2,UPI,Mangaluru,Karnataka,42.0,Male,2259.68,2024-11,2024
ORD002286,CUST1118,2024-08-25,Football,Sports,2,7505.41,0.2,UPI,Madurai,Tamil Nadu,27.0,Male,12008.66,2024-08,2024
ORD003432,CUST0376,2025-01-29,Backpack,Fashion,2,5934.61,0.0,Cash on Delivery,Pune,Maharashtra,21.0,Female,11869.22,2025-01,2025
ORD005656,CUST0955,2024-06-29,Laptop Stand,Electronics,1,11072.37,0.0,UPI,Pune,Maharashtra,40.0,Female,11072.37,2024-06,2024
ORD004321,CUST0291,2025-04-25,Coffee Maker,Home & Kitchen,4,7550.3,0.05,UPI,Nagpur,Maharashtra,32.0,Female,28691.14,2025-04,2025
ORD003685,CUST0508,2025-12-05,Business Analytics,Books,2,829.72,0.2,UPI,New Delhi,Delhi,48.0,Male,1327.55,2025-12,2025
ORD005474,CUST1122,2024-02-22,Table Lamp,Home & Kitchen,2,4907.34,0.0,UPI,Salem,Tamil Nadu,46.0,Female,9814.68,2024-02,2024
ORD003469,CUST0255,2025-08-18,Perfume,Beauty,2,698.66,0.05,UPI,Mumbai,Maharashtra,18.0,Male,1327.45,2025-08,2025
ORD003542,CUST0326,2025-07-20,Cricket Bat,Sports,3,3418.12,0.05,Credit Card,Warangal,Telangana,30.0,Male,9741.64,2025-07,2025
ORD002991,CUST0887,2024-10-09,Moisturizer,Beauty,1,783.07,0.0,UPI,Warangal,Telangana,35.0,Female,783.07,2024-10,2024
ORD005334,CUST0422,2024-02-26,Bedsheet,Home & Kitchen,2,4772.31,0.15,Debit Card,Hyderabad,Telangana,31.0,Female,8112.93,2024-02,2024
ORD000780,CUST0243,2024-03-12,Table Lamp,Home & Kitchen,1,7626.96,0.2,UPI,Nagpur,Maharashtra,25.0,Female,6101.57,2024-03,2024
ORD002545,CUST1029,2024-01-18,Coffee Maker,Home & Kitchen,2,902.38,0.0,UPI,New Delhi,Delhi,31.0,Male,1804.76,2024-01,2024
ORD005699,CUST0746,2024-02-17,Sunscreen,Beauty,5,569.33,0.05,Credit Card,Madurai,Tamil Nadu,30.0,Female,2704.32,2024-02,2024
ORD004619,CUST0070,2025-06-14,Sneakers,Fashion,1,3858.76,0.0,Debit Card,New Delhi,Delhi,40.0,Female,3858.76,2025-06,2025
ORD005777,CUST0594,2024-02-28,Perfume,Beauty,2,1780.48,0.15,Debit Card,Coimbatore,Tamil Nadu,32.0,Male,3026.82,2024-02,2024
ORD005651,CUST0990,2024-04-10,Backpack,Fashion,1,3019.38,0.0,Cash on Delivery,Mumbai,Maharashtra,34.0,Male,3019.38,2024-04,2024
ORD005784,CUST0579,2025-05-12,Machine Learning Book,Books,3,1798.51,0.15,Cash on Delivery,Mumbai,Maharashtra,41.0,Female,4586.2,2025-05,2025
ORD005797,CUST1128,2024-12-09,SQL Guide,Books,2,573.51,,Debit Card,Mysuru,Karnataka,40.0,Male,1147.02,2024-12,2024
ORD000686,CUST0912,2025-04-08,Moisturizer,Beauty,2,703.6,0.0,Credit Card,Warangal,Telangana,45.0,Male,1407.2,2025-04,2025
ORD003821,CUST1093,2025-08-03,Wireless Headphones,Electronics,5,53066.46,0.05,Debit Card,Bengaluru,Karnataka,41.0,Female,252065.68,2025-08,2025
ORD004702,CUST0869,2024-06-07,Bluetooth Speaker,Electronics,1,6026.17,0.15,Credit Card,New Delhi,Delhi,32.0,Female,5122.24,2024-06,2024
ORD003244,CUST0835,2025-05-25,Coffee Maker,Home & Kitchen,1,14157.0,0.2,Cash on Delivery,Warangal,Telangana,18.0,Male,11325.6,2025-05,2025
ORD001749,CUST0430,2024-01-09,Table Lamp,Home & Kitchen,2,561.99,0.1,Credit Card,Pune,Maharashtra,25.0,Female,1011.58,2024-01,2024
ORD004304,CUST0424,2025-02-24,SQL Guide,Books,4,543.77,0.1,Debit Card,Warangal,Telangana,33.0,Female,1957.57,2025-02,2025
ORD004639,CUST0359,2024-12-03,Smart Watch,Electronics,2,59413.31,0.1,UPI,Warangal,Telangana,29.0,Female,106943.96,2024-12,2024
ORD002838,CUST0431,2024-11-09,T-Shirt,Fashion,2,2156.72,0.2,Net Banking,Nagpur,Maharashtra,31.0,Female,3450.75,2024-11,2024
ORD003033,CUST0029,2025-07-06,Wireless Headphones,Electronics,4,60029.93,0.15,Credit Card,Salem,Tamil Nadu,24.0,Female,204101.76,2025-07,2025
ORD002172,CUST0323,2025-06-23,Business Analytics,Books,2,429.41,0.1,UPI,Trichy,Tamil Nadu,,Female,772.94,2025-06,2025
ORD003768,CUST0036,2025-03-04,Machine Learning Book,Books,1,2338.35,0.1,Credit Card,Thiruvananthapuram,Kerala,43.0,Male,2104.52,2025-03,2025
ORD001851,CUST1019,2025-11-02,Bedsheet,Home & Kitchen,2,6185.6,0.0,UPI,Coimbatore,Tamil Nadu,42.0,Male,12371.2,2025-11,2025
ORD000488,CUST1192,2025-01-01,Sneakers,Fashion,3,3659.59,0.15,Cash on Delivery,Mangaluru,Karnataka,45.0,Female,9331.95,2025-01,2025
ORD001689,CUST0533,2025-07-31,Power Bank,Electronics,1,28213.38,0.0,Debit Card,New Delhi,Delhi,37.0,Female,28213.38,2025-07,2025
ORD002231,CUST0072,2024-07-15,Bedsheet,Home & Kitchen,1,6663.18,0.0,UPI,Bengaluru,Karnataka,29.0,Female,6663.18,2024-07,2024
ORD003474,CUST0734,2024-07-04,Laptop Stand,Electronics,1,43298.05,0.1,Credit Card,New Delhi,Delhi,32.0,Female,38968.25,2024-07,2024
ORD004375,CUST0955,2024-05-14,Smart Watch,Electronics,2,24502.88,0.05,Credit Card,New Delhi,Delhi,31.0,Male,46555.47,2024-05,2024
ORD002321,CUST0220,2024-11-09,Face Wash,Beauty,2,2335.28,0.1,Net Banking,Kochi,Kerala,30.0,Male,4203.5,2024-11,2024
ORD000783,CUST0815,2024-10-26,Cricket Bat,Sports,2,2909.6,0.0,UPI,Warangal,Telangana,44.0,Male,5819.2,2024-10,2024
ORD000522,CUST0438,2024-05-28,Moisturizer,Beauty,3,3539.2,0.0,Credit Card,Mysuru,Karnataka,33.0,Male,10617.6,2024-05,2024
ORD000523,CUST0533,2025-04-30,Jacket,Fashion,2,911.58,0.15,Credit Card,Warangal,Telangana,29.0,Male,1549.69,2025-04,2025
ORD004018,CUST0482,2025-03-16,Wireless Headphones,Electronics,1,77989.31,0.0,UPI,Thiruvananthapuram,Kerala,28.0,Male,77989.31,2025-03,2025
ORD002940,CUST1033,2024-07-21,Cricket Bat,Sports,4,4333.3,0.1,Debit Card,New Delhi,Delhi,28.0,Female,15599.88,2024-07,2024
ORD004681,CUST0520,2025-04-21,Power Bank,Electronics,1,47242.75,,UPI,Kochi,Kerala,32.0,Female,42518.48,2025-04,2025
ORD004827,CUST0828,2025-10-02,Jeans,Fashion,2,2626.56,0.1,Credit Card,New Delhi,Delhi,18.0,Male,4727.81,2025-10,2025
ORD002399,CUST0976,2025-02-06,Cricket Bat,Sports,2,6229.84,0.1,Credit Card,Thiruvananthapuram,Kerala,30.0,Male,11213.71,2025-02,2025
ORD002208,CUST0955,2024-02-13,Jeans,Fashion,1,1940.23,0.0,UPI,Mangaluru,Karnataka,40.0,Male,1940.23,2024-02,2024
ORD004519,CUST0914,2024-06-16,Backpack,Fashion,4,3251.15,0.1,Credit Card,Mumbai,Maharashtra,47.0,Female,11704.14,2024-06,2024
ORD000781,CUST0179,2024-10-07,Machine Learning Book,Books,3,1075.73,0.05,Cash on Delivery,New Delhi,Delhi,18.0,Male,3065.83,2024-10,2024
ORD004688,CUST1026,2025-08-23,Yoga Mat,Sports,1,9902.05,0.05,Credit Card,Coimbatore,Tamil Nadu,41.0,Male,9406.95,2025-08,2025
ORD003997,CUST1060,2024-06-24,Python Programming,Books,1,1166.38,0.1,UPI,Bengaluru,Karnataka,20.0,Female,1049.74,2024-06,2024
ORD001512,CUST0977,2024-06-11,Backpack,Fashion,2,2356.23,0.15,UPI,New Delhi,Delhi,28.0,Male,4005.59,2024-06,2024
ORD001883,CUST1054,2024-05-16,Python Programming,Books,2,651.97,0.0,UPI,Warangal,Telangana,35.0,Male,1303.94,2024-05,2024
ORD000652,CUST0731,2024-11-16,Shampoo,Beauty,1,1663.04,0.1,UPI,Salem,Tamil Nadu,35.0,Female,1496.74,2024-11,2024
ORD003948,CUST0603,2024-01-31,Coffee Maker,Home & Kitchen,2,3369.81,0.05,Debit Card,Kochi,Kerala,27.0,Female,6402.64,2024-01,2024
ORD001802,CUST0636,2024-01-08,Jacket,Fashion,2,4076.59,0.0,Credit Card,Mangaluru,Karnataka,20.0,Female,8153.18,2024-01,2024
ORD000370,CUST0483,2025-06-13,Smart Watch,Electronics,1,20431.57,0.1,UPI,New Delhi,Delhi,27.0,Female,18388.41,2025-06,2025
ORD005235,CUST1037,2025-01-30,Bluetooth Speaker,Electronics,1,63825.21,0.15,Credit Card,Hyderabad,Telangana,22.0,Female,54251.43,2025-01,2025
ORD003732,CUST0152,2024-07-08,Python Programming,Books,3,811.74,0.0,Debit Card,Nagpur,Maharashtra,18.0,Other,2435.22,2024-07,2024
ORD000119,CUST0527,2025-07-11,Coffee Maker,Home & Kitchen,2,1431.03,0.1,UPI,New Delhi,Delhi,24.0,Male,2575.85,2025-07,2025
ORD000378,CUST0004,2024-12-06,Mixer Grinder,Home & Kitchen,2,3327.63,0.1,Debit Card,Hyderabad,Telangana,40.0,Male,5989.73,2024-12,2024
ORD000217,CUST0233,2025-01-16,Jacket,Fashion,2,566.14,0.1,UPI,Chennai,Tamil Nadu,32.0,Female,1019.05,2025-01,2025
ORD002217,CUST0988,2025-06-15,Smart Watch,Electronics,3,25212.3,0.2,Credit Card,Mysuru,Karnataka,39.0,Male,60509.52,2025-06,2025
ORD004559,CUST0555,2024-11-17,Jeans,Fashion,1,3664.12,0.1,Debit Card,New Delhi,Delhi,24.0,Male,3297.71,2024-11,2024
ORD001614,CUST0751,2024-11-26,Machine Learning Book,Books,2,555.21,0.0,UPI,Mysuru,Karnataka,18.0,Female,1110.42,2024-11,2024
ORD002884,CUST0879,2024-05-19,Smart Watch,Electronics,3,57013.96,0.1,UPI,Kochi,Kerala,36.0,Male,153937.69,2024-05,2024
ORD004296,CUST0101,2025-01-21,T-Shirt,Fashion,3,3556.49,0.0,Debit Card,Thiruvananthapuram,Kerala,35.0,Male,10669.47,2025-01,2025
ORD005382,CUST0328,2024-02-22,Cookware Set,Home & Kitchen,1,9199.2,0.0,Credit Card,Mysuru,Karnataka,18.0,Female,9199.2,2024-02,2024
ORD000963,CUST0078,2024-06-09,T-Shirt,Fashion,5,3507.62,0.0,UPI,Warangal,Telangana,40.0,Male,17538.1,2024-06,2024
ORD005398,CUST0833,2025-02-21,Table Lamp,Home & Kitchen,4,10315.24,0.1,Debit Card,Kochi,Kerala,35.0,Female,37134.86,2025-02,2025
ORD002511,CUST0628,2024-05-27,Wireless Headphones,Electronics,2,59854.31,0.0,Debit Card,Pune,Maharashtra,25.0,Male,119708.62,2024-05,2024
ORD005630,CUST1176,2024-12-31,Sneakers,Fashion,2,4340.81,0.05,Net Banking,New Delhi,Delhi,24.0,Male,8247.54,2024-12,2024
ORD004564,CUST0521,2025-06-29,Python Programming,Books,1,863.71,0.2,UPI,Hyderabad,Telangana,25.0,Female,690.97,2025-06,2025
ORD003998,CUST1064,2024-10-25,Face Wash,Beauty,2,2305.35,0.15,Cash on Delivery,Nagpur,Maharashtra,24.0,Female,3919.1,2024-10,2024
ORD000360,CUST0785,2024-05-25,Machine Learning Book,Books,3,349.09,0.1,Debit Card,Hyderabad,Telangana,24.0,Female,942.54,2024-05,2024
ORD001247,CUST0036,2025-07-09,Machine Learning Book,Books,4,2424.07,0.2,UPI,Hyderabad,Telangana,31.0,Male,7757.02,2025-07,2025
ORD003409,CUST0258,2025-05-06,Yoga Mat,Sports,1,6129.69,0.1,UPI,Nagpur,Maharashtra,33.0,Male,5516.72,2025-05,2025
ORD005084,CUST0875,2025-06-05,Sunscreen,Beauty,5,3014.88,0.15,Net Banking,Trichy,Tamil Nadu,29.0,Male,12813.24,2025-06,2025
ORD002416,CUST0721,2025-09-11,Table Lamp,Home & Kitchen,1,12334.77,0.0,UPI,Trichy,Tamil Nadu,35.0,Male,12334.77,2025-09,2025
ORD005580,CUST0230,2024-12-12,Yoga Mat,Sports,3,1044.59,0.0,Cash on Delivery,New Delhi,Delhi,18.0,Male,3133.77,2024-12,2024
ORD005320,CUST1073,2024-01-03,Cookware Set,Home & Kitchen,1,12838.64,0.0,UPI,New Delhi,Delhi,38.0,Male,12838.64,2024-01,2024
ORD002186,CUST0247,2024-08-01,Laptop Stand,Electronics,4,45450.93,0.15,Cash on Delivery,New Delhi,Delhi,47.0,Female,154533.16,2024-08,2024
ORD003996,CUST0161,2025-10-15,Python Programming,Books,1,2468.43,0.0,UPI,Nagpur,Maharashtra,30.0,Female,2468.43,2025-10,2025
ORD002568,CUST1036,2024-12-09,Moisturizer,Beauty,2,3353.13,0.1,Credit Card,Thiruvananthapuram,Kerala,23.0,Female,6035.63,2024-12,2024
ORD003424,CUST0334,2024-08-08,Bedsheet,Home & Kitchen,2,5617.79,0.1,UPI,Kochi,Kerala,43.0,Male,10112.02,2024-08,2024
ORD002038,CUST0073,2025-02-22,Cookware Set,Home & Kitchen,1,9079.5,0.1,Net Banking,Chennai,Tamil Nadu,20.0,Female,8171.55,2025-02,2025
ORD005097,CUST0819,2024-08-06,Backpack,Fashion,3,5060.15,0.15,UPI,Hyderabad,Telangana,28.0,Female,12903.38,2024-08,2024
ORD000773,CUST0662,2024-09-13,Bluetooth Speaker,Electronics,3,75706.14,0.15,Credit Card,Nagpur,Maharashtra,31.0,Female,193050.66,2024-09,2024
ORD001285,CUST1001,2024-08-14,Perfume,Beauty,1,1174.22,0.0,Credit Card,Salem,Tamil Nadu,30.0,Male,1174.22,2024-08,2024
ORD005513,CUST0578,2025-04-29,Perfume,Beauty,3,3384.52,0.15,Credit Card,Bengaluru,Karnataka,34.0,Female,8630.53,2025-04,2025
ORD003563,CUST0909,2025-05-31,Data Analytics Book,Books,1,1028.84,0.15,Credit Card,Coimbatore,Tamil Nadu,28.0,Female,874.51,2025-05,2025
ORD005680,CUST0888,2025-11-14,Jeans,Fashion,2,1880.87,0.0,Credit Card,Salem,Tamil Nadu,18.0,Female,3761.74,2025-11,2025
ORD002588,CUST0910,2024-12-01,Data Analytics Book,Books,2,2107.93,0.05,Cash on Delivery,Bengaluru,Karnataka,33.0,Female,4005.07,2024-12,2024
ORD005482,CUST0400,2024-11-11,Face Wash,Beauty,1,844.13,0.05,Net Banking,Warangal,Telangana,18.0,Other,801.92,2024-11,2024
ORD001415,CUST0048,2024-07-04,Jacket,Fashion,1,4640.91,0.1,Debit Card,Coimbatore,Tamil Nadu,34.0,Male,4176.82,2024-07,2024
ORD001235,CUST0274,2024-12-26,Running Shoes,Sports,1,5533.92,0.1,UPI,Chennai,Tamil Nadu,35.0,Female,4980.53,2024-12,2024
ORD005201,CUST0784,2024-01-10,Jacket,Fashion,3,5697.56,0.1,UPI,Thiruvananthapuram,Kerala,29.0,Female,15383.41,2024-01,2024
ORD000436,CUST1103,2025-12-18,Python Programming,Books,1,2369.63,0.05,Debit Card,Hyderabad,Telangana,40.0,Male,2251.15,2025-12,2025
ORD001675,CUST0764,2024-09-30,Cricket Bat,Sports,5,4362.39,0.1,UPI,New Delhi,Delhi,47.0,Male,19630.76,2024-09,2024
ORD003300,CUST0110,2025-08-28,Backpack,Fashion,4,495.33,0.05,Debit Card,New Delhi,Delhi,24.0,Male,1882.25,2025-08,2025
ORD000366,CUST0849,2025-03-27,Sunscreen,Beauty,2,746.52,0.05,Credit Card,New Delhi,Delhi,32.0,Female,1418.39,2025-03,2025
ORD004509,CUST0596,2025-04-03,Power Bank,Electronics,1,7177.61,0.15,UPI,Warangal,Telangana,25.0,Male,6100.97,2025-04,2025
ORD000232,CUST0517,2025-06-03,Cookware Set,Home & Kitchen,5,13687.09,0.1,Credit Card,New Delhi,Delhi,38.0,Male,61591.9,2025-06,2025
ORD005103,CUST0976,2024-02-07,Yoga Mat,Sports,1,9190.2,0.0,UPI,Hyderabad,Telangana,31.0,Female,9190.2,2024-02,2024
ORD000148,CUST0531,2025-10-25,Running Shoes,Sports,1,4527.48,0.0,UPI,Madurai,Tamil Nadu,21.0,Female,4527.48,2025-10,2025
ORD005267,CUST0228,2025-02-14,Cookware Set,Home & Kitchen,2,8474.43,0.05,Credit Card,Madurai,Tamil Nadu,30.0,Female,16101.42,2025-02,2025
ORD003089,CUST0917,2024-10-24,Moisturizer,Beauty,2,3288.58,0.15,UPI,Pune,Maharashtra,34.0,Male,5590.59,2024-10,2024
ORD004036,CUST0856,2024-05-12,Table Lamp,Home & Kitchen,3,5503.15,0.15,Debit Card,New Delhi,Delhi,26.0,Male,14033.03,2024-05,2024
ORD003555,CUST0212,2025-06-08,Laptop Stand,Electronics,3,32215.41,0.1,UPI,Thiruvananthapuram,Kerala,31.0,Male,86981.61,2025-06,2025
ORD000408,CUST1160,2025-07-10,Table Lamp,Home & Kitchen,4,1206.08,0.0,UPI,Mumbai,Maharashtra,49.0,Female,4824.32,2025-07,2025
ORD005539,CUST0285,2024-04-24,Jacket,Fashion,2,1328.34,0.15,UPI,Mumbai,Maharashtra,28.0,Male,2258.18,2024-04,2024
ORD003457,CUST0640,2024-11-13,Wireless Headphones,Electronics,3,4023.11,0.15,UPI,Chennai,Tamil Nadu,38.0,Male,10258.93,2024-11,2024
ORD002091,CUST1101,2025-11-06,Yoga Mat,Sports,3,7021.71,0.1,Credit Card,Mysuru,Karnataka,29.0,Female,18958.62,2025-11,2025
ORD000087,CUST0396,2024-04-28,Dumbbells,Sports,1,9758.2,0.15,UPI,New Delhi,Delhi,25.0,Female,8294.47,2024-04,2024
ORD003577,CUST0637,2025-11-23,Football,Sports,4,3158.18,0.0,UPI,Mumbai,Maharashtra,34.0,Female,12632.72,2025-11,2025
ORD003272,CUST0914,2025-07-09,Power Bank,Electronics,1,5208.19,0.0,Cash on Delivery,New Delhi,Delhi,23.0,Other,5208.19,2025-07,2025
ORD000845,CUST0377,2025-01-23,Jacket,Fashion,1,3767.9,0.15,UPI,Warangal,Telangana,29.0,Male,3202.72,2025-01,2025
ORD001032,CUST1100,2024-03-13,T-Shirt,Fashion,3,5714.26,0.2,Credit Card,New Delhi,Delhi,27.0,Female,13714.22,2024-03,2024
ORD003719,CUST0997,2024-09-22,Machine Learning Book,Books,4,1575.94,0.1,UPI,Pune,Maharashtra,33.0,Female,5673.38,2024-09,2024
ORD004330,CUST0054,2025-05-05,Jeans,Fashion,1,518.63,0.05,Credit Card,Thiruvananthapuram,Kerala,27.0,Female,492.7,2025-05,2025
ORD003856,CUST0585,2024-07-10,SQL Guide,Books,1,556.18,0.1,UPI,Salem,Tamil Nadu,34.0,Female,500.56,2024-07,2024
ORD002988,CUST1083,2024-01-17,Bluetooth Speaker,Electronics,1,43880.98,0.0,Credit Card,New Delhi,Delhi,45.0,Female,43880.98,2024-01,2024
ORD004351,CUST0478,2025-03-12,Power Bank,Electronics,1,19463.89,0.15,Debit Card,Pune,Maharashtra,34.0,Female,16544.31,2025-03,2025
ORD002629,CUST0161,2024-01-02,Backpack,Fashion,4,5090.95,0.05,UPI,Thiruvananthapuram,Kerala,38.0,Male,19345.61,2024-01,2024
ORD003754,CUST0903,2024-05-18,Sunscreen,Beauty,2,2237.77,0.1,Debit Card,Madurai,Tamil Nadu,47.0,Male,4027.99,2024-05,2024
ORD005305,CUST1178,2024-11-25,T-Shirt,Fashion,1,464.23,0.15,Cash on Delivery,Chennai,Tamil Nadu,22.0,Female,394.6,2024-11,2024
ORD000856,CUST0436,2024-11-13,Wireless Headphones,Electronics,1,70116.62,0.1,Credit Card,Mangaluru,Karnataka,42.0,Female,63104.96,2024-11,2024
ORD003004,CUST0701,2025-12-10,Jeans,Fashion,3,5143.88,0.15,UPI,New Delhi,Delhi,23.0,Male,13116.89,2025-12,2025
ORD000079,CUST0475,2024-07-28,Face Wash,Beauty,2,1820.97,0.15,UPI,Nagpur,Maharashtra,20.0,Male,3095.65,2024-07,2024
ORD002993,CUST0148,2025-05-12,Coffee Maker,Home & Kitchen,3,10973.09,0.0,UPI,Thiruvananthapuram,Kerala,35.0,Male,32919.27,2025-05,2025
ORD002248,CUST0312,2025-08-24,Backpack,Fashion,5,5638.51,0.1,Debit Card,Bengaluru,Karnataka,18.0,Female,25373.3,2025-08,2025
ORD004057,CUST0061,2024-05-13,Running Shoes,Sports,1,910.25,0.1,UPI,New Delhi,Delhi,39.0,Male,819.22,2024-05,2024
ORD005476,CUST0535,2024-12-10,Table Lamp,Home & Kitchen,1,522.0,0.2,Credit Card,Bengaluru,Karnataka,23.0,Male,417.6,2024-12,2024
ORD005516,CUST0471,2024-07-31,Wireless Headphones,Electronics,1,69176.23,0.0,Cash on Delivery,Mumbai,Maharashtra,36.0,Male,69176.23,2024-07,2024
ORD000759,CUST0691,2025-01-10,Smart Watch,Electronics,1,34113.91,0.05,UPI,Mysuru,Karnataka,43.0,Female,32408.21,2025-01,2025
ORD004697,CUST0341,2025-03-28,Running Shoes,Sports,1,8516.0,0.05,Credit Card,Thiruvananthapuram,Kerala,37.0,Female,8090.2,2025-03,2025
ORD003356,CUST1048,2025-01-07,Jacket,Fashion,5,875.6,0.15,UPI,Warangal,Telangana,29.0,Female,3721.3,2025-01,2025
ORD000789,CUST1018,2024-10-04,Sunscreen,Beauty,1,383.43,0.0,Debit Card,New Delhi,Delhi,22.0,Male,383.43,2024-10,2024
ORD002280,CUST1142,2025-10-31,Cookware Set,Home & Kitchen,3,2804.13,0.1,Debit Card,Mangaluru,Karnataka,18.0,Male,7571.15,2025-10,2025
ORD003675,CUST0673,2025-06-21,Wireless Headphones,Electronics,4,6288.27,0.0,Credit Card,Hyderabad,Telangana,26.0,Male,25153.08,2025-06,2025
ORD004248,CUST0606,2024-01-25,Dumbbells,Sports,1,7943.25,0.0,Debit Card,New Delhi,Delhi,24.0,Male,7943.25,2024-01,2024
ORD004978,CUST0544,2024-03-23,Bedsheet,Home & Kitchen,3,7514.45,0.05,Cash on Delivery,Trichy,Tamil Nadu,28.0,Male,21416.18,2024-03,2024
ORD004774,CUST0100,2024-09-15,Sunscreen,Beauty,3,2964.78,0.2,Net Banking,New Delhi,Delhi,35.0,Female,7115.47,2024-09,2024
ORD004487,CUST0588,2025-08-06,Smart Watch,Electronics,1,7996.55,0.15,Credit Card,Hyderabad,Telangana,27.0,Female,6797.07,2025-08,2025
ORD004961,CUST0981,2025-05-16,Perfume,Beauty,1,3345.85,0.05,Credit Card,Hyderabad,Telangana,32.0,Male,3178.56,2025-05,2025
ORD002177,CUST0111,2025-07-09,Mixer Grinder,Home & Kitchen,1,9225.91,0.05,Debit Card,New Delhi,Delhi,30.0,Female,8764.61,2025-07,2025
ORD000425,CUST0772,2025-06-08,Python Programming,Books,1,559.67,0.0,Cash on Delivery,Kochi,Kerala,34.0,Male,559.67,2025-06,2025
ORD000393,CUST0902,2025-03-02,T-Shirt,Fashion,4,817.98,0.15,Net Banking,Bengaluru,Karnataka,31.0,Male,2781.13,2025-03,2025
ORD005891,CUST0058,2025-05-11,Power Bank,Electronics,3,58068.09,0.1,UPI,Chennai,Tamil Nadu,25.0,Female,156783.84,2025-05,2025
ORD005666,CUST0090,2024-06-24,Football,Sports,2,6777.08,0.05,Net Banking,Mumbai,Maharashtra,21.0,Female,12876.45,2024-06,2024
ORD002240,CUST0926,2025-08-25,Perfume,Beauty,1,999.43,0.05,UPI,New Delhi,Delhi,29.0,Male,949.46,2025-08,2025
ORD000105,CUST0259,2025-05-20,Dumbbells,Sports,2,1962.01,0.15,UPI,Thiruvananthapuram,Kerala,27.0,Female,3335.42,2025-05,2025
ORD002673,CUST0176,2024-05-25,Sunscreen,Beauty,1,2183.9,0.1,Net Banking,New Delhi,Delhi,31.0,Male,1965.51,2024-05,2024
ORD005486,CUST0879,2025-08-19,Cricket Bat,Sports,1,5558.08,0.05,UPI,Trichy,Tamil Nadu,27.0,Male,5280.18,2025-08,2025
ORD005024,CUST0787,2025-11-23,Sunscreen,Beauty,3,1392.09,0.05,UPI,Pune,Maharashtra,32.0,Male,3967.46,2025-11,2025
ORD002069,CUST1066,2025-09-08,Machine Learning Book,Books,3,2080.19,0.0,UPI,Mangaluru,Karnataka,27.0,Female,6240.57,2025-09,2025
ORD003976,CUST0777,2024-10-29,Coffee Maker,Home & Kitchen,2,841.72,0.15,UPI,Hyderabad,Telangana,28.0,Male,1430.92,2024-10,2024
ORD003494,CUST0359,2024-07-28,Laptop Stand,Electronics,2,41031.71,0.05,UPI,Warangal,Telangana,30.0,Male,77960.25,2024-07,2024
ORD001949,CUST0597,2024-12-10,Power Bank,Electronics,4,63469.76,0.05,Cash on Delivery,Warangal,Telangana,26.0,Male,241185.09,2024-12,2024
ORD001460,CUST0657,2024-05-27,Sneakers,Fashion,1,4998.04,0.15,UPI,Mangaluru,Karnataka,34.0,Male,4248.33,2024-05,2024
ORD001769,CUST0048,2024-04-11,Business Analytics,Books,2,1612.3,0.1,UPI,Mumbai,Maharashtra,30.0,Female,2902.14,2024-04,2024
ORD003299,CUST0486,2025-11-15,Smart Watch,Electronics,4,69911.83,0.05,UPI,Mysuru,Karnataka,26.0,Male,265664.95,2025-11,2025
ORD005483,CUST1185,2024-02-02,Cookware Set,Home & Kitchen,1,2988.24,0.15,UPI,Trichy,Tamil Nadu,25.0,Female,2540.0,2024-02,2024
ORD003832,CUST0383,2025-06-10,Table Lamp,Home & Kitchen,1,11526.5,0.0,UPI,Nagpur,Maharashtra,32.0,Female,11526.5,2025-06,2025
ORD005742,CUST1140,2025-04-08,Machine Learning Book,Books,1,1632.44,0.15,Credit Card,Trichy,Tamil Nadu,24.0,Female,1387.57,2025-04,2025
ORD001588,CUST0134,2024-11-05,SQL Guide,Books,1,673.88,0.1,UPI,Madurai,Tamil Nadu,24.0,Male,606.49,2024-11,2024
ORD004640,CUST0687,2025-07-25,Perfume,Beauty,1,2395.8,0.0,Debit Card,Hyderabad,Telangana,40.0,Male,2395.8,2025-07,2025
ORD001732,CUST0404,2025-04-23,Perfume,Beauty,1,1615.85,0.0,Debit Card,Kochi,Kerala,31.0,Female,1615.85,2025-04,2025
ORD005713,CUST0820,2024-02-21,Face Wash,Beauty,1,1130.24,0.1,Debit Card,Thiruvananthapuram,Kerala,38.0,Male,1017.22,2024-02,2024
ORD004673,CUST1190,2025-05-19,Sunscreen,Beauty,2,799.03,0.15,Net Banking,Chennai,Tamil Nadu,26.0,Female,1358.35,2025-05,2025
ORD000183,CUST0162,2025-06-19,Bedsheet,Home & Kitchen,2,11315.92,0.2,UPI,Warangal,Telangana,40.0,Male,18105.47,2025-06,2025
ORD001792,CUST0652,2024-03-04,Python Programming,Books,2,2264.08,0.15,UPI,Thiruvananthapuram,Kerala,35.0,Male,3848.94,2024-03,2024
ORD002356,CUST0353,2025-03-22,Jacket,Fashion,1,2780.65,0.15,UPI,Mangaluru,Karnataka,39.0,Female,2363.55,2025-03,2025
ORD001941,CUST0810,2024-10-22,Sunscreen,Beauty,4,544.42,0.15,Credit Card,Kochi,Kerala,27.0,Female,1851.03,2024-10,2024
ORD000703,CUST0087,2025-01-21,Python Programming,Books,1,1392.77,0.1,Cash on Delivery,Warangal,Telangana,50.0,Male,1253.49,2025-01,2025
ORD002443,CUST0044,2024-12-24,Power Bank,Electronics,1,21111.85,0.05,Credit Card,New Delhi,Delhi,27.0,Female,20056.26,2024-12,2024
ORD005231,CUST0722,2025-04-12,Wireless Headphones,Electronics,1,15694.36,0.05,Cash on Delivery,Pune,Maharashtra,48.0,Female,14909.64,2025-04,2025
ORD000497,CUST0703,2024-04-27,Bedsheet,Home & Kitchen,5,4668.91,0.1,Credit Card,Hyderabad,Telangana,47.0,Female,21010.1,2024-04,2024
ORD004664,CUST0824,2024-11-07,Table Lamp,Home & Kitchen,1,1818.01,0.0,Cash on Delivery,Hyderabad,Telangana,22.0,Male,1818.01,2024-11,2024
ORD000465,CUST0078,2024-11-17,Mixer Grinder,Home & Kitchen,1,12710.55,0.1,UPI,Hyderabad,Telangana,25.0,Male,11439.5,2024-11,2024
ORD003801,CUST0915,2024-04-17,Machine Learning Book,Books,1,616.41,0.05,UPI,Chennai,Tamil Nadu,40.0,Female,585.59,2024-04,2024
ORD005184,CUST0174,2025-03-06,Cricket Bat,Sports,2,6230.81,0.1,Credit Card,Trichy,Tamil Nadu,35.0,Female,11215.46,2025-03,2025
ORD000173,CUST0767,2024-07-08,Machine Learning Book,Books,4,1421.73,0.1,UPI,Warangal,Telangana,21.0,Male,5118.23,2024-07,2024
ORD002021,CUST0852,2024-04-23,Bedsheet,Home & Kitchen,3,12889.1,0.05,Debit Card,Salem,Tamil Nadu,29.0,Male,36733.94,2024-04,2024
ORD005751,CUST0645,2024-01-26,Table Lamp,Home & Kitchen,2,3528.43,0.1,UPI,Nagpur,Maharashtra,,Female,6351.17,2024-01,2024
ORD005339,CUST0456,2024-05-15,Perfume,Beauty,3,2335.35,0.1,UPI,Nagpur,Maharashtra,35.0,Male,6305.44,2024-05,2024
ORD002541,CUST0911,2025-09-01,Python Programming,Books,1,1001.68,0.1,Debit Card,Chennai,Tamil Nadu,37.0,Male,901.51,2025-09,2025
ORD005948,CUST0641,2024-01-21,Data Analytics Book,Books,2,2259.16,0.1,UPI,Thiruvananthapuram,Kerala,47.0,Male,4066.49,2024-01,2024
ORD002010,CUST0005,2025-01-15,Football,Sports,3,9898.87,0.05,Net Banking,Trichy,Tamil Nadu,18.0,Male,28211.78,2025-01,2025
ORD002261,CUST0115,2024-05-16,Face Wash,Beauty,2,2921.45,0.1,UPI,Trichy,Tamil Nadu,18.0,Male,5258.61,2024-05,2024
ORD003085,CUST0779,2024-07-22,Business Analytics,Books,1,1445.88,0.05,Net Banking,Mysuru,Karnataka,49.0,Male,1373.59,2024-07,2024
ORD002113,CUST0150,2024-05-27,Jeans,Fashion,1,3922.66,0.05,UPI,Kochi,Kerala,36.0,Male,3726.53,2024-05,2024
ORD000901,CUST0547,2024-08-28,Jacket,Fashion,3,3379.13,0.15,Debit Card,Mysuru,Karnataka,44.0,Male,8616.78,2024-08,2024
ORD001447,CUST0565,2024-07-29,Bluetooth Speaker,Electronics,1,4129.28,0.2,Cash on Delivery,Salem,Tamil Nadu,36.0,Male,3303.42,2024-07,2024
ORD001912,CUST0521,2025-09-14,Wireless Headphones,Electronics,1,15435.22,0.1,Net Banking,Trichy,Tamil Nadu,44.0,Male,13891.7,2025-09,2025
ORD003543,CUST0339,2025-11-01,T-Shirt,Fashion,1,4401.92,0.1,Credit Card,Salem,Tamil Nadu,18.0,Female,3961.73,2025-11,2025
ORD002698,CUST0985,2025-10-26,SQL Guide,Books,2,2380.92,0.15,Debit Card,Nagpur,Maharashtra,18.0,Male,4047.56,2025-10,2025
ORD005633,CUST0236,2024-09-17,Face Wash,Beauty,3,845.86,0.0,Credit Card,New Delhi,Delhi,22.0,Female,2537.58,2024-09,2024
ORD003663,CUST0944,2024-06-15,Football,Sports,2,9027.53,0.15,Credit Card,Kochi,Kerala,50.0,Female,15346.8,2024-06,2024
ORD000742,CUST0259,2024-04-24,SQL Guide,Books,3,1896.34,0.1,UPI,Kochi,Kerala,31.0,Female,5120.12,2024-04,2024
ORD002294,CUST0539,2024-02-12,Yoga Mat,Sports,2,5677.96,0.1,Credit Card,Warangal,Telangana,33.0,Male,10220.33,2024-02,2024
ORD002453,CUST0946,2024-06-25,Bluetooth Speaker,Electronics,1,31004.03,0.2,UPI,Mysuru,Karnataka,37.0,Female,24803.22,2024-06,2024
ORD003706,CUST1025,2024-01-07,Business Analytics,Books,1,1879.54,0.15,Credit Card,Mysuru,Karnataka,18.0,Female,1597.61,2024-01,2024
ORD004898,CUST0903,2024-12-11,Mixer Grinder,Home & Kitchen,1,7804.1,0.15,Cash on Delivery,Kochi,Kerala,24.0,Male,6633.48,2024-12,2024
ORD001207,CUST0658,2025-02-08,Cricket Bat,Sports,1,5670.25,0.2,Debit Card,Warangal,Telangana,22.0,Female,4536.2,2025-02,2025
ORD000510,CUST0474,2024-06-19,Sneakers,Fashion,5,5494.56,0.15,UPI,Nagpur,Maharashtra,41.0,Female,23351.88,2024-06,2024
ORD005289,CUST0227,2024-10-16,Coffee Maker,Home & Kitchen,5,6432.72,0.0,Debit Card,Kochi,Kerala,26.0,Male,32163.6,2024-10,2024
ORD003704,CUST1027,2024-01-30,Wireless Headphones,Electronics,3,24581.92,0.1,UPI,Salem,Tamil Nadu,22.0,Female,66371.18,2024-01,2024
ORD003969,CUST0244,2025-06-28,Table Lamp,Home & Kitchen,1,4866.34,0.0,UPI,Trichy,Tamil Nadu,18.0,Female,4866.34,2025-06,2025
ORD005432,CUST0208,2025-08-03,Backpack,Fashion,1,2691.05,0.05,UPI,Chennai,Tamil Nadu,21.0,Female,2556.5,2025-08,2025
ORD001550,CUST0295,2024-02-03,Sneakers,Fashion,1,2838.23,0.0,Credit Card,Mysuru,Karnataka,23.0,Male,2838.23,2024-02,2024
ORD003030,CUST0898,2025-05-31,Running Shoes,Sports,2,1773.18,0.05,UPI,New Delhi,Delhi,40.0,Male,3369.04,2025-05,2025
ORD004523,CUST0621,2024-03-22,Mixer Grinder,Home & Kitchen,5,10075.31,0.15,UPI,Warangal,Telangana,25.0,Male,42820.07,2024-03,2024
ORD002203,CUST0351,2024-09-14,Jacket,Fashion,5,2814.23,0.0,Credit Card,Kochi,Kerala,37.0,Female,14071.15,2024-09,2024
ORD002567,CUST0407,2025-06-01,Power Bank,Electronics,1,77375.99,0.1,Cash on Delivery,Warangal,Telangana,30.0,Male,69638.39,2025-06,2025
ORD003790,CUST0813,2024-07-12,Cookware Set,Home & Kitchen,2,3295.01,0.1,Cash on Delivery,Mysuru,Karnataka,46.0,Male,5931.02,2024-07,2024
ORD002045,CUST1182,2025-03-06,Sneakers,Fashion,5,1464.5,0.05,Cash on Delivery,Mumbai,Maharashtra,47.0,Female,6956.38,2025-03,2025
ORD000768,CUST0890,2025-05-22,Coffee Maker,Home & Kitchen,2,12006.29,0.0,UPI,Bengaluru,Karnataka,20.0,Other,24012.58,2025-05,2025
ORD005881,CUST0472,2024-10-13,Laptop Stand,Electronics,5,57845.41,0.05,Cash on Delivery,Mysuru,Karnataka,32.0,Male,274765.7,2024-10,2024
ORD003700,CUST0231,2024-05-21,Perfume,Beauty,1,1685.25,0.0,UPI,New Delhi,Delhi,26.0,Female,1685.25,2024-05,2024
ORD001509,CUST0984,2025-04-13,Sneakers,Fashion,5,2491.87,0.15,Credit Card,Madurai,Tamil Nadu,25.0,Male,10590.45,2025-04,2025
ORD003135,CUST0108,2025-08-18,Laptop Stand,Electronics,2,24516.84,0.15,UPI,New Delhi,Delhi,41.0,Male,41678.63,2025-08,2025
ORD005834,CUST0977,2025-12-06,Sunscreen,Beauty,3,1605.22,0.1,Cash on Delivery,New Delhi,Delhi,40.0,Female,4334.09,2025-12,2025
ORD000422,CUST1066,2025-10-02,Smart Watch,Electronics,1,44766.6,0.1,Credit Card,Warangal,Telangana,22.0,Male,40289.94,2025-10,2025
ORD000124,CUST0774,2024-01-09,Coffee Maker,Home & Kitchen,3,9377.74,0.05,Debit Card,Mysuru,Karnataka,35.0,Female,26726.56,2024-01,2024
ORD005425,CUST0551,2024-05-06,Wireless Headphones,Electronics,2,26068.17,0.0,Net Banking,Mumbai,Maharashtra,41.0,Female,52136.34,2024-05,2024
ORD003716,CUST1150,2024-02-20,SQL Guide,Books,4,467.1,0.05,Debit Card,Kochi,Kerala,34.0,Male,1774.98,2024-02,2024
ORD003293,CUST0371,2025-04-27,Table Lamp,Home & Kitchen,1,8418.14,0.1,UPI,Pune,Maharashtra,29.0,Male,7576.33,2025-04,2025
ORD000820,CUST0088,2025-03-31,Jacket,Fashion,1,2650.93,0.15,UPI,Madurai,Tamil Nadu,30.0,Male,2253.29,2025-03,2025
ORD001404,CUST0255,2025-08-14,Coffee Maker,Home & Kitchen,2,5178.1,0.15,Debit Card,Nagpur,Maharashtra,48.0,Male,8802.77,2025-08,2025
ORD001383,CUST0111,2025-06-19,Cricket Bat,Sports,3,8836.68,0.0,Credit Card,New Delhi,Delhi,18.0,Female,26510.04,2025-06,2025
ORD002149,CUST0289,2024-11-27,Cookware Set,Home & Kitchen,2,4828.3,0.15,Cash on Delivery,Warangal,Telangana,27.0,Female,8208.11,2024-11,2024
ORD005045,CUST0701,2025-06-24,Data Analytics Book,Books,1,1528.07,0.0,Net Banking,Madurai,Tamil Nadu,55.0,Female,1528.07,2025-06,2025
ORD001576,CUST0873,2024-01-30,Coffee Maker,Home & Kitchen,4,10936.54,0.0,UPI,Bengaluru,Karnataka,23.0,Male,43746.16,2024-01,2024
ORD001639,CUST1077,2025-03-03,Bedsheet,Home & Kitchen,3,8755.53,0.15,Debit Card,Mangaluru,Karnataka,18.0,Female,22326.6,2025-03,2025
ORD001796,CUST0344,2025-08-02,Data Analytics Book,Books,4,633.92,0.0,UPI,Pune,Maharashtra,31.0,Male,2535.68,2025-08,2025
ORD003332,CUST0983,2024-07-19,Python Programming,Books,4,284.51,0.2,UPI,Chennai,Tamil Nadu,21.0,Female,910.43,2024-07,2024
ORD005771,CUST0981,2024-10-30,Bedsheet,Home & Kitchen,4,3973.77,0.05,Cash on Delivery,Thiruvananthapuram,Kerala,37.0,Female,15100.33,2024-10,2024
ORD005337,CUST0629,2024-04-11,Shampoo,Beauty,3,1015.63,0.15,Cash on Delivery,Coimbatore,Tamil Nadu,30.0,Male,2589.86,2024-04,2024
ORD000400,CUST1180,2025-01-11,Sneakers,Fashion,2,3332.52,0.05,Credit Card,Nagpur,Maharashtra,40.0,Male,6331.79,2025-01,2025
ORD003152,CUST1059,2024-01-25,Backpack,Fashion,1,1274.94,0.0,Net Banking,New Delhi,Delhi,34.0,Female,1274.94,2024-01,2024
ORD002311,CUST0079,2024-11-29,Sneakers,Fashion,1,3783.47,0.2,Credit Card,Thiruvananthapuram,Kerala,35.0,Male,3026.78,2024-11,2024
ORD000883,CUST0619,2025-01-20,Machine Learning Book,Books,1,1293.27,0.0,Credit Card,Kochi,Kerala,34.0,Female,1293.27,2025-01,2025
ORD003566,CUST0860,2025-01-14,SQL Guide,Books,2,855.64,0.1,Credit Card,Mangaluru,Karnataka,40.0,Male,1540.15,2025-01,2025
ORD005965,CUST0179,2024-01-29,Cricket Bat,Sports,2,2229.88,0.0,Credit Card,Hyderabad,Telangana,36.0,Female,4459.76,2024-01,2024
ORD001180,CUST0498,2025-04-21,Smart Watch,Electronics,2,54660.83,0.15,UPI,Thiruvananthapuram,Kerala,26.0,Female,92923.41,2025-04,2025
ORD001353,CUST0792,2024-05-24,Smart Watch,Electronics,2,65931.19,0.1,UPI,Pune,Maharashtra,25.0,Female,118676.14,2024-05,2024
ORD003883,CUST0154,2024-02-04,Jeans,Fashion,2,4972.17,0.0,Cash on Delivery,Thiruvananthapuram,Kerala,30.0,Male,9944.34,2024-02,2024
ORD005456,CUST0755,2025-10-26,T-Shirt,Fashion,3,5335.07,0.0,Cash on Delivery,Thiruvananthapuram,Kerala,35.0,Female,16005.21,2025-10,2025
ORD002131,CUST0937,2024-07-11,Football,Sports,3,8987.02,0.0,UPI,New Delhi,Delhi,29.0,Female,26961.06,2024-07,2024
ORD000983,CUST0867,2025-04-09,Football,Sports,3,5703.53,0.1,UPI,Mumbai,Maharashtra,18.0,Female,15399.53,2025-04,2025
ORD000457,CUST0954,2024-06-16,Sunscreen,Beauty,3,1380.49,0.1,UPI,Mangaluru,Karnataka,27.0,Female,3727.32,2024-06,2024
ORD001487,CUST0101,2024-07-09,Smart Watch,Electronics,2,55458.4,0.05,Cash on Delivery,Thiruvananthapuram,Kerala,35.0,Male,105370.96,2024-07,2024
ORD001080,CUST0380,2024-11-09,Sneakers,Fashion,1,559.51,0.15,Debit Card,Warangal,Telangana,38.0,Female,475.58,2024-11,2024
ORD001951,CUST0867,2024-09-23,Cricket Bat,Sports,2,9027.59,0.05,Debit Card,Hyderabad,Telangana,37.0,Male,17152.42,2024-09,2024
ORD005159,CUST0603,2025-03-20,Yoga Mat,Sports,3,3251.8,0.15,UPI,Trichy,Tamil Nadu,29.0,Male,8292.09,2025-03,2025
ORD000690,CUST1195,2024-12-03,Jacket,Fashion,2,2885.59,0.0,Debit Card,Trichy,Tamil Nadu,20.0,Male,5771.18,2024-12,2024
ORD002430,CUST0155,2025-02-27,Laptop Stand,Electronics,1,76157.59,0.15,Credit Card,Coimbatore,Tamil Nadu,18.0,Male,64733.95,2025-02,2025
ORD000642,CUST0138,2025-01-16,Laptop Stand,Electronics,2,37278.14,0.15,Net Banking,Kochi,Kerala,18.0,Male,63372.84,2025-01,2025
ORD002393,CUST0276,2024-11-23,Power Bank,Electronics,1,26484.32,0.15,Credit Card,New Delhi,Delhi,42.0,Male,22511.67,2024-11,2024
ORD002826,CUST0382,2025-05-20,Business Analytics,Books,4,1281.66,0.2,Credit Card,Kochi,Kerala,24.0,Male,4101.31,2025-05,2025
ORD001954,CUST0962,2025-01-31,Football,Sports,5,3029.16,0.05,UPI,Hyderabad,Telangana,46.0,Male,14388.51,2025-01,2025
ORD003539,CUST0669,2024-11-04,Wireless Headphones,Electronics,4,40226.14,0.05,Cash on Delivery,Mumbai,Maharashtra,37.0,Female,152859.33,2024-11,2024
ORD003890,CUST0987,2025-02-27,Football,Sports,2,5172.13,0.1,Credit Card,Pune,Maharashtra,29.0,Other,9309.83,2025-02,2025
ORD003059,CUST0729,2024-06-01,Yoga Mat,Sports,1,3499.69,0.05,Debit Card,Nagpur,Maharashtra,23.0,Female,3324.71,2024-06,2024
ORD003916,CUST0014,2025-04-20,Table Lamp,Home & Kitchen,2,7939.5,0.15,Cash on Delivery,Pune,Maharashtra,19.0,Male,13497.15,2025-04,2025
ORD004801,CUST0179,2025-12-31,Mixer Grinder,Home & Kitchen,1,8128.66,0.15,Net Banking,Chennai,Tamil Nadu,25.0,Male,6909.36,2025-12,2025
ORD002711,CUST0641,2025-04-30,Sneakers,Fashion,2,2229.44,0.15,UPI,Bengaluru,Karnataka,18.0,Male,3790.05,2025-04,2025
ORD001084,CUST0824,2025-04-10,Jeans,Fashion,2,2689.52,0.0,Credit Card,Mangaluru,Karnataka,21.0,Male,5379.04,2025-04,2025
ORD004449,CUST1034,2025-09-04,Yoga Mat,Sports,2,7740.56,0.2,Cash on Delivery,Warangal,Telangana,31.0,Female,12384.9,2025-09,2025
ORD005715,CUST0258,2024-11-07,Jeans,Fashion,1,473.2,0.1,UPI,Nagpur,Maharashtra,23.0,Male,425.88,2024-11,2024
ORD004119,CUST0065,2025-07-14,Laptop Stand,Electronics,1,30126.37,0.0,Debit Card,New Delhi,Delhi,42.0,Male,30126.37,2025-07,2025
ORD001885,CUST0877,2025-12-10,Bluetooth Speaker,Electronics,4,22735.57,0.05,UPI,Thiruvananthapuram,Kerala,27.0,Female,86395.17,2025-12,2025
ORD004511,CUST0172,2024-11-11,Bedsheet,Home & Kitchen,1,12186.59,0.05,Credit Card,Hyderabad,Telangana,28.0,Female,11577.26,2024-11,2024
ORD000390,CUST0212,2024-07-22,Face Wash,Beauty,3,2571.9,0.0,UPI,Hyderabad,Telangana,41.0,Female,7715.7,2024-07,2024
ORD002495,CUST0381,2025-04-24,Sneakers,Fashion,2,561.37,0.1,Cash on Delivery,Salem,Tamil Nadu,24.0,Female,1010.47,2025-04,2025
ORD001852,CUST0872,2024-03-03,Jeans,Fashion,2,5759.37,0.15,UPI,Coimbatore,Tamil Nadu,37.0,Female,9790.93,2024-03,2024
ORD003037,CUST0039,2025-03-17,Jacket,Fashion,1,5713.34,0.0,Credit Card,New Delhi,Delhi,40.0,Male,5713.34,2025-03,2025
ORD005796,CUST0567,2024-11-07,Wireless Headphones,Electronics,2,17451.42,0.0,UPI,Mysuru,Karnataka,37.0,Male,34902.84,2024-11,2024
ORD003604,CUST0928,2024-01-20,Backpack,Fashion,4,2291.03,0.05,Debit Card,Trichy,Tamil Nadu,44.0,Male,8705.91,2024-01,2024
ORD000846,CUST1081,2025-09-19,Laptop Stand,Electronics,1,57520.23,0.0,UPI,Mysuru,Karnataka,,Female,57520.23,2025-09,2025
ORD000543,CUST0026,2025-01-31,Table Lamp,Home & Kitchen,2,9262.41,0.1,Credit Card,New Delhi,Delhi,34.0,Female,16672.34,2025-01,2025
ORD003725,CUST0696,2025-03-10,Backpack,Fashion,1,792.51,0.1,UPI,New Delhi,Delhi,33.0,Male,713.26,2025-03,2025
ORD000092,CUST0149,2024-01-29,Cricket Bat,Sports,2,9518.41,0.05,Net Banking,Hyderabad,Telangana,44.0,Female,18084.98,2024-01,2024
ORD003680,CUST0639,2025-04-10,Face Wash,Beauty,2,3469.33,0.0,UPI,Thiruvananthapuram,Kerala,18.0,Male,6938.66,2025-04,2025
ORD005642,CUST0293,2025-07-05,Business Analytics,Books,3,324.94,0.05,UPI,Chennai,Tamil Nadu,31.0,Male,926.08,2025-07,2025
ORD003905,CUST0585,2025-11-30,Smart Watch,Electronics,2,76124.19,0.0,UPI,Hyderabad,Telangana,30.0,Female,152248.38,2025-11,2025
ORD001980,CUST0413,2024-08-09,Face Wash,Beauty,5,3464.19,0.1,Net Banking,Mumbai,Maharashtra,33.0,Male,15588.86,2024-08,2024
ORD003245,CUST0364,2024-07-01,Football,Sports,3,4682.7,0.15,UPI,Warangal,Telangana,35.0,Female,11940.88,2024-07,2024
ORD003979,CUST1091,2025-07-20,Sneakers,Fashion,2,1001.96,0.15,Debit Card,Bengaluru,Karnataka,35.0,Male,1703.33,2025-07,2025
ORD003151,CUST0270,2024-01-24,Laptop Stand,Electronics,3,22248.06,0.05,Debit Card,Kochi,Kerala,26.0,Male,63406.97,2024-01,2024
ORD004901,CUST0022,2025-03-22,Wireless Headphones,Electronics,2,50893.96,0.0,Debit Card,Hyderabad,Telangana,25.0,Male,101787.92,2025-03,2025
ORD004105,CUST0175,2024-03-07,Data Analytics Book,Books,1,1678.51,0.1,UPI,Mumbai,Maharashtra,18.0,Male,1510.66,2024-03,2024
ORD004623,CUST0417,2025-03-20,Cookware Set,Home & Kitchen,2,9525.46,0.0,Debit Card,Hyderabad,Telangana,42.0,Male,19050.92,2025-03,2025
ORD002965,CUST0915,2024-08-09,Wireless Headphones,Electronics,2,31726.6,0.0,UPI,New Delhi,Delhi,25.0,Male,63453.2,2024-08,2024
ORD003464,CUST1194,2025-08-30,Machine Learning Book,Books,1,1155.24,0.0,UPI,Coimbatore,Tamil Nadu,27.0,Female,1155.24,2025-08,2025
ORD002530,CUST1200,2025-07-18,Face Wash,Beauty,1,416.49,0.0,Net Banking,Coimbatore,Tamil Nadu,23.0,Male,416.49,2025-07,2025
ORD004109,CUST1099,2025-02-21,Mixer Grinder,Home & Kitchen,1,5428.43,0.0,UPI,Bengaluru,Karnataka,33.0,Male,5428.43,2025-02,2025
ORD001677,CUST0547,2024-12-29,Backpack,Fashion,3,2187.14,0.0,UPI,Kochi,Kerala,52.0,Female,6561.42,2024-12,2024
ORD001049,CUST0242,2025-01-03,Power Bank,Electronics,3,6213.13,,UPI,Chennai,Tamil Nadu,39.0,Male,15843.48,2025-01,2025
ORD002950,CUST0293,2025-09-19,Machine Learning Book,Books,1,312.46,0.1,UPI,Mangaluru,Karnataka,18.0,Female,281.21,2025-09,2025
ORD001961,CUST0230,2025-10-02,Jacket,Fashion,1,557.87,0.05,Credit Card,Kochi,Kerala,33.0,Female,529.98,2025-10,2025
ORD002531,CUST0406,2025-05-17,Bedsheet,Home & Kitchen,2,2580.42,0.05,UPI,New Delhi,Delhi,44.0,Male,4902.8,2025-05,2025
ORD004413,CUST0139,2025-07-22,Yoga Mat,Sports,3,9116.3,0.15,Debit Card,Chennai,Tamil Nadu,,Female,23246.56,2025-07,2025
ORD004904,CUST0891,2025-07-06,Jacket,Fashion,1,2070.1,0.05,Credit Card,Pune,Maharashtra,33.0,Female,1966.59,2025-07,2025
ORD003940,CUST0801,2025-12-27,Cookware Set,Home & Kitchen,3,11652.47,0.1,Debit Card,Kochi,Kerala,39.0,Male,31461.67,2025-12,2025
ORD000238,CUST0188,2025-10-09,Face Wash,Beauty,1,2078.6,0.0,Credit Card,Hyderabad,Telangana,38.0,Female,2078.6,2025-10,2025
ORD004150,CUST0122,2025-02-08,Sunscreen,Beauty,3,962.72,0.05,UPI,Hyderabad,Telangana,18.0,Female,2743.75,2025-02,2025
ORD004858,CUST0725,2025-11-07,Sneakers,Fashion,2,2311.03,0.05,Debit Card,Mumbai,Maharashtra,31.0,Male,4390.96,2025-11,2025
ORD001134,CUST0366,2025-11-24,Business Analytics,Books,1,1232.75,0.1,Credit Card,Trichy,Tamil Nadu,31.0,Female,1109.48,2025-11,2025
ORD002881,CUST0041,2024-07-24,Moisturizer,Beauty,3,856.52,0.1,UPI,Pune,Maharashtra,59.0,Female,2312.6,2024-07,2024
ORD001806,CUST0163,2024-05-07,Wireless Headphones,Electronics,2,9525.95,0.05,Credit Card,New Delhi,Delhi,29.0,Male,18099.3,2024-05,2024
ORD004959,CUST0468,2024-04-11,Laptop Stand,Electronics,2,23363.82,0.1,Credit Card,Salem,Tamil Nadu,31.0,Female,42054.88,2024-04,2024
ORD000164,CUST1087,2025-11-20,Dumbbells,Sports,2,2180.43,0.05,Net Banking,Nagpur,Maharashtra,36.0,Female,4142.82,2025-11,2025
ORD004528,CUST1108,2025-05-19,Jeans,Fashion,1,2516.97,0.05,Credit Card,Coimbatore,Tamil Nadu,43.0,Female,2391.12,2025-05,2025
ORD005705,CUST0159,2025-03-04,Cookware Set,Home & Kitchen,2,3240.61,0.2,Credit Card,New Delhi,Delhi,37.0,Male,5184.98,2025-03,2025
ORD005648,CUST0245,2025-01-20,Sneakers,Fashion,2,5755.51,0.1,Cash on Delivery,Chennai,Tamil Nadu,35.0,Female,10359.92,2025-01,2025
ORD004429,CUST1087,2024-10-11,SQL Guide,Books,2,2043.23,0.15,UPI,Trichy,Tamil Nadu,39.0,Male,3473.49,2024-10,2024
ORD004499,CUST0476,2024-01-01,Data Analytics Book,Books,2,614.66,0.0,UPI,Kochi,Kerala,25.0,Female,1229.32,2024-01,2024
ORD004327,CUST0910,2024-11-25,Backpack,Fashion,2,1117.64,0.15,Cash on Delivery,Trichy,Tamil Nadu,35.0,Male,1899.99,2024-11,2024
ORD000266,CUST0629,2025-02-07,Bluetooth Speaker,Electronics,2,79401.43,0.05,Credit Card,Coimbatore,Tamil Nadu,25.0,Male,150862.72,2025-02,2025
ORD002002,CUST0646,2024-11-07,Face Wash,Beauty,3,348.4,0.2,Debit Card,Kochi,Kerala,42.0,Other,836.16,2024-11,2024
ORD001812,CUST0991,2025-06-27,Table Lamp,Home & Kitchen,1,1348.35,0.1,Debit Card,Mangaluru,Karnataka,34.0,Female,1213.51,2025-06,2025
ORD003278,CUST0884,2025-06-17,Jacket,Fashion,3,2079.87,0.1,Credit Card,New Delhi,Delhi,50.0,Female,5615.65,2025-06,2025
ORD005610,CUST0256,2025-05-21,Smart Watch,Electronics,1,8138.67,0.1,Credit Card,Kochi,Kerala,48.0,Female,7324.8,2025-05,2025
ORD002979,CUST0151,2024-10-20,Backpack,Fashion,1,4153.74,0.05,Credit Card,Thiruvananthapuram,Kerala,41.0,Female,3946.05,2024-10,2024
ORD004261,CUST0760,2024-02-07,Mixer Grinder,Home & Kitchen,2,1435.03,0.0,UPI,Salem,Tamil Nadu,18.0,Male,2870.06,2024-02,2024
ORD002907,CUST0883,2025-12-03,Table Lamp,Home & Kitchen,1,4541.67,0.1,Credit Card,Kochi,Kerala,18.0,Male,4087.5,2025-12,2025
ORD004291,CUST0452,2025-01-29,Jeans,Fashion,1,2051.27,0.15,Net Banking,New Delhi,Delhi,25.0,Female,1743.58,2025-01,2025
ORD005498,CUST0507,2024-02-26,Perfume,Beauty,2,2222.91,0.05,Net Banking,Nagpur,Maharashtra,20.0,Male,4223.53,2024-02,2024
ORD001429,CUST0735,2024-12-10,Perfume,Beauty,3,3064.74,0.2,UPI,Warangal,Telangana,25.0,Female,7355.38,2024-12,2024
ORD000399,CUST0427,2025-10-05,Perfume,Beauty,3,2276.05,0.0,Credit Card,Madurai,Tamil Nadu,32.0,Male,6828.15,2025-10,2025
ORD003965,CUST1083,2025-03-06,Jeans,Fashion,1,1252.58,0.0,Cash on Delivery,Kochi,Kerala,25.0,Female,1252.58,2025-03,2025
ORD005006,CUST0195,2025-01-27,Running Shoes,Sports,4,7779.44,0.15,UPI,Mysuru,Karnataka,39.0,Male,26450.1,2025-01,2025
ORD000948,CUST0139,2025-08-06,Sunscreen,Beauty,1,694.96,0.1,Cash on Delivery,Thiruvananthapuram,Kerala,22.0,Female,625.46,2025-08,2025
ORD003079,CUST0249,2024-06-26,Jacket,Fashion,1,4526.96,0.05,UPI,Thiruvananthapuram,Kerala,21.0,Female,4300.61,2024-06,2024
ORD003139,CUST1040,2025-04-11,Shampoo,Beauty,2,2259.69,0.0,Credit Card,New Delhi,Delhi,45.0,Female,4519.38,2025-04,2025
ORD005348,CUST0908,2024-11-25,Cookware Set,Home & Kitchen,2,2531.48,0.1,Net Banking,Thiruvananthapuram,Kerala,29.0,Male,4556.66,2024-11,2024
ORD004924,CUST0930,2024-05-29,Wireless Headphones,Electronics,4,3102.52,0.05,Credit Card,Hyderabad,Telangana,46.0,Male,11789.58,2024-05,2024
ORD005574,CUST0994,2024-04-15,Cookware Set,Home & Kitchen,2,7898.63,0.1,Debit Card,New Delhi,Delhi,18.0,Male,14217.53,2024-04,2024
ORD005149,CUST0901,2024-11-02,Running Shoes,Sports,2,6477.67,0.05,UPI,Mumbai,Maharashtra,31.0,Male,12307.57,2024-11,2024
ORD003230,CUST0037,2025-02-07,Data Analytics Book,Books,3,2380.82,0.1,UPI,Hyderabad,Telangana,29.0,Female,6428.21,2025-02,2025
ORD003995,CUST0068,2025-06-08,Table Lamp,Home & Kitchen,4,14618.04,0.05,Credit Card,New Delhi,Delhi,44.0,Female,55548.55,2025-06,2025
ORD001453,CUST1118,2025-06-15,Wireless Headphones,Electronics,1,18004.89,0.15,Debit Card,Coimbatore,Tamil Nadu,30.0,Female,15304.16,2025-06,2025
ORD000594,CUST0223,2024-10-10,Coffee Maker,Home & Kitchen,1,14065.08,,UPI,Warangal,Telangana,34.0,Female,11955.32,2024-10,2024
ORD002726,CUST0468,2025-09-01,Laptop Stand,Electronics,2,25912.36,0.1,Credit Card,Mangaluru,Karnataka,18.0,Female,46642.25,2025-09,2025
ORD000042,CUST1156,2024-10-27,Backpack,Fashion,3,1792.86,0.05,Credit Card,Mumbai,Maharashtra,31.0,Male,5109.65,2024-10,2024
ORD000561,CUST1128,2024-03-09,Moisturizer,Beauty,1,3861.6,0.15,Debit Card,Warangal,Telangana,25.0,Male,3282.36,2024-03,2024
ORD004832,CUST0889,2024-10-02,Moisturizer,Beauty,3,2573.87,0.15,UPI,Warangal,Telangana,28.0,Male,6563.37,2024-10,2024
ORD005151,CUST0686,2024-05-12,T-Shirt,Fashion,1,5853.06,0.0,Credit Card,Mangaluru,Karnataka,41.0,Male,5853.06,2024-05,2024
ORD000490,CUST1108,2024-02-13,Laptop Stand,Electronics,2,68742.34,0.05,UPI,Kochi,Kerala,34.0,Male,130610.45,2024-02,2024
ORD000244,CUST0294,2025-12-26,Python Programming,Books,1,2344.5,0.15,UPI,Salem,Tamil Nadu,,Female,1992.82,2025-12,2025
ORD003173,CUST0393,2024-11-20,Bedsheet,Home & Kitchen,4,3012.74,0.0,Credit Card,Thiruvananthapuram,Kerala,31.0,Male,12050.96,2024-11,2024
ORD001340,CUST0479,2024-05-10,Wireless Headphones,Electronics,1,79214.91,0.05,Cash on Delivery,New Delhi,Delhi,44.0,Female,75254.16,2024-05,2024
ORD003937,CUST0821,2025-09-27,Business Analytics,Books,1,536.57,0.2,Credit Card,Hyderabad,Telangana,18.0,Male,429.26,2025-09,2025
ORD005990,CUST0824,2025-04-21,Power Bank,Electronics,1,53577.24,0.15,Credit Card,Chennai,Tamil Nadu,42.0,Female,45540.65,2025-04,2025
ORD000406,CUST0727,2025-03-28,Dumbbells,Sports,1,6440.63,0.0,UPI,Pune,Maharashtra,32.0,Female,6440.63,2025-03,2025
ORD001443,CUST0141,2025-04-08,Smart Watch,Electronics,3,52871.89,0.1,Net Banking,Mangaluru,Karnataka,27.0,Other,142754.1,2025-04,2025
ORD000262,CUST0620,2025-01-24,Cricket Bat,Sports,1,9552.52,0.2,Credit Card,Thiruvananthapuram,Kerala,32.0,Female,7642.02,2025-01,2025
ORD003913,CUST0157,2024-01-10,Sunscreen,Beauty,1,3936.4,0.05,UPI,New Delhi,Delhi,43.0,Male,3739.58,2024-01,2024
ORD003538,CUST1097,2025-06-27,Jeans,Fashion,1,3961.05,0.1,UPI,Salem,Tamil Nadu,25.0,Male,3564.94,2025-06,2025
ORD005469,CUST0852,2025-12-02,Data Analytics Book,Books,2,2406.3,0.2,Net Banking,New Delhi,Delhi,41.0,Female,3850.08,2025-12,2025
ORD001690,CUST0693,2024-07-20,Smart Watch,Electronics,2,65809.88,0.1,UPI,New Delhi,Delhi,40.0,Male,118457.78,2024-07,2024
ORD003479,CUST1046,2025-07-20,SQL Guide,Books,4,891.01,0.1,UPI,Pune,Maharashtra,24.0,Female,3207.64,2025-07,2025
ORD001726,CUST1058,2025-05-19,Sneakers,Fashion,2,5809.67,0.2,Debit Card,New Delhi,Delhi,27.0,Male,9295.47,2025-05,2025
ORD001204,CUST0355,2025-03-30,Cookware Set,Home & Kitchen,2,9796.23,0.2,Cash on Delivery,Mangaluru,Karnataka,26.0,Female,15673.97,2025-03,2025
ORD000835,CUST1101,2024-09-08,Perfume,Beauty,2,1650.7,0.1,Cash on Delivery,Kochi,Kerala,37.0,Male,2971.26,2024-09,2024
ORD001867,CUST0279,2025-10-11,Sunscreen,Beauty,1,1434.22,0.0,Net Banking,Madurai,Tamil Nadu,22.0,Female,1434.22,2025-10,2025
ORD002497,CUST0325,2024-09-04,Machine Learning Book,Books,1,943.6,0.05,Credit Card,Hyderabad,Telangana,32.0,Female,896.42,2024-09,2024
ORD003017,CUST0403,2024-07-25,Laptop Stand,Electronics,1,32335.44,0.15,UPI,Thiruvananthapuram,Kerala,42.0,Female,27485.12,2024-07,2024
ORD004512,CUST0077,2025-09-19,Machine Learning Book,Books,4,1484.11,0.15,Net Banking,Warangal,Telangana,18.0,Male,5045.97,2025-09,2025
ORD002011,CUST0127,2024-05-18,Backpack,Fashion,1,2616.32,0.1,UPI,New Delhi,Delhi,27.0,Male,2354.69,2024-05,2024
ORD003932,CUST0599,2024-08-18,Machine Learning Book,Books,1,1851.42,0.05,Debit Card,Chennai,Tamil Nadu,28.0,Male,1758.85,2024-08,2024
ORD000341,CUST0156,2025-05-11,Moisturizer,Beauty,3,1742.0,0.15,UPI,New Delhi,Delhi,48.0,Other,4442.1,2025-05,2025
ORD004173,CUST1036,2025-11-30,Coffee Maker,Home & Kitchen,2,5288.53,0.0,UPI,Mysuru,Karnataka,40.0,Female,10577.06,2025-11,2025
ORD001602,CUST0874,2024-11-02,Wireless Headphones,Electronics,1,55240.21,0.1,UPI,Kochi,Kerala,21.0,Female,49716.19,2024-11,2024
ORD002797,CUST0033,2024-03-11,Python Programming,Books,2,1348.24,0.0,Debit Card,Hyderabad,Telangana,28.0,Male,2696.48,2024-03,2024
ORD005368,CUST0288,2024-09-10,Bluetooth Speaker,Electronics,4,8858.28,0.15,Cash on Delivery,New Delhi,Delhi,39.0,Male,30118.15,2024-09,2024
ORD005760,CUST0138,2025-09-29,Sunscreen,Beauty,1,3977.35,0.05,Credit Card,Chennai,Tamil Nadu,28.0,Male,3778.48,2025-09,2025
ORD000481,CUST0237,2025-05-10,Jacket,Fashion,1,592.82,0.05,Cash on Delivery,Pune,Maharashtra,27.0,Female,563.18,2025-05,2025
ORD003726,CUST0273,2025-11-06,Running Shoes,Sports,4,850.79,0.0,Credit Card,Thiruvananthapuram,Kerala,33.0,Male,3403.16,2025-11,2025
ORD005906,CUST0762,2024-07-27,Bedsheet,Home & Kitchen,2,8022.43,0.05,UPI,Mumbai,Maharashtra,30.0,Male,15242.62,2024-07,2024
ORD002786,CUST0221,2024-04-17,Power Bank,Electronics,1,63927.56,0.05,Credit Card,Thiruvananthapuram,Kerala,41.0,Male,60731.18,2024-04,2024
ORD001524,CUST0948,2025-07-03,Jeans,Fashion,2,5926.51,0.05,UPI,Mangaluru,Karnataka,35.0,Female,11260.37,2025-07,2025
ORD003622,CUST1140,2024-11-13,Power Bank,Electronics,1,17385.87,0.15,UPI,Coimbatore,Tamil Nadu,43.0,Female,14777.99,2024-11,2024
ORD004468,CUST0617,2024-01-15,Laptop Stand,Electronics,2,15184.55,0.1,Net Banking,Mangaluru,Karnataka,26.0,Female,27332.19,2024-01,2024
ORD005321,CUST0108,2025-06-18,Sneakers,Fashion,2,937.43,0.05,UPI,Warangal,Telangana,51.0,Female,1781.12,2025-06,2025
ORD005561,CUST0687,2024-02-23,Mixer Grinder,Home & Kitchen,4,9545.87,0.05,Debit Card,Mumbai,Maharashtra,30.0,Female,36274.31,2024-02,2024
ORD005645,CUST0651,2024-05-01,Laptop Stand,Electronics,1,62340.69,0.05,Debit Card,Chennai,Tamil Nadu,30.0,Female,59223.66,2024-05,2024
ORD000800,CUST0165,2024-11-26,Wireless Headphones,Electronics,1,40169.47,0.15,Cash on Delivery,New Delhi,Delhi,45.0,Male,34144.05,2024-11,2024
ORD001767,CUST0031,2024-10-24,Cookware Set,Home & Kitchen,3,13505.55,0.0,Credit Card,Pune,Maharashtra,35.0,Female,40516.65,2024-10,2024
ORD005364,CUST1088,2024-12-23,Dumbbells,Sports,2,9107.55,0.0,UPI,Kochi,Kerala,24.0,Male,18215.1,2024-12,2024
ORD003026,CUST0551,2025-09-18,Jacket,Fashion,2,1679.21,0.0,Debit Card,Mysuru,Karnataka,20.0,Male,3358.42,2025-09,2025
ORD002454,CUST0669,2025-01-15,Moisturizer,Beauty,1,2179.75,0.05,Cash on Delivery,New Delhi,Delhi,37.0,Female,2070.76,2025-01,2025
ORD004074,CUST0343,2025-08-31,Backpack,Fashion,2,2578.14,0.0,Credit Card,Salem,Tamil Nadu,25.0,Male,5156.28,2025-08,2025
ORD004740,CUST1013,2024-08-10,Wireless Headphones,Electronics,4,69547.18,0.15,UPI,New Delhi,Delhi,34.0,Male,236460.41,2024-08,2024
ORD004856,CUST0273,2024-07-29,Laptop Stand,Electronics,1,35338.59,0.1,Debit Card,New Delhi,Delhi,33.0,Male,31804.73,2024-07,2024
ORD003705,CUST0071,2024-12-13,Smart Watch,Electronics,4,30263.51,0.1,Debit Card,Pune,Maharashtra,18.0,Female,108948.64,2024-12,2024
ORD005611,CUST0584,2024-12-22,Jacket,Fashion,1,1159.45,0.15,Credit Card,Pune,Maharashtra,29.0,Female,985.53,2024-12,2024
ORD000364,CUST0171,2025-07-25,Machine Learning Book,Books,3,1220.43,0.05,Cash on Delivery,New Delhi,Delhi,43.0,Female,3478.23,2025-07,2025
ORD001272,CUST0435,2024-07-30,Bluetooth Speaker,Electronics,1,23057.41,0.05,UPI,Pune,Maharashtra,31.0,Male,21904.54,2024-07,2024
ORD002004,CUST0726,2024-11-07,Jeans,Fashion,2,1592.61,0.05,Credit Card,Chennai,Tamil Nadu,32.0,Female,3025.96,2024-11,2024
ORD005395,CUST1006,2025-07-30,Jacket,Fashion,3,5036.42,0.0,UPI,Kochi,Kerala,23.0,Female,15109.26,2025-07,2025
ORD004246,CUST0622,2024-09-23,Laptop Stand,Electronics,2,53826.2,0.15,Debit Card,Trichy,Tamil Nadu,18.0,Male,91504.54,2024-09,2024
ORD005624,CUST0801,2024-05-21,Machine Learning Book,Books,1,1293.64,0.15,Credit Card,New Delhi,Delhi,37.0,Male,1099.59,2024-05,2024
ORD004958,CUST1032,2024-12-04,Backpack,Fashion,3,3505.11,0.0,UPI,Mangaluru,Karnataka,42.0,Female,10515.33,2024-12,2024
ORD000348,CUST0796,2025-11-26,Jeans,Fashion,1,5600.33,0.0,UPI,Trichy,Tamil Nadu,48.0,Male,5600.33,2025-11,2025
ORD003351,CUST0337,2025-12-11,Sneakers,Fashion,1,3820.73,0.15,Credit Card,Mangaluru,Karnataka,22.0,Female,3247.62,2025-12,2025
ORD005896,CUST0384,2024-09-14,Python Programming,Books,2,1057.84,0.0,Credit Card,Chennai,Tamil Nadu,39.0,Female,2115.68,2024-09,2024
ORD003614,CUST0638,2025-08-12,Perfume,Beauty,1,3366.22,0.15,Net Banking,Hyderabad,Telangana,28.0,Female,2861.29,2025-08,2025
ORD005719,CUST0349,2024-02-03,T-Shirt,Fashion,2,966.94,0.1,Debit Card,Nagpur,Maharashtra,22.0,Male,1740.49,2024-02,2024
ORD002563,CUST0978,2025-04-01,Business Analytics,Books,5,1575.21,0.15,Credit Card,New Delhi,Delhi,44.0,Male,6694.64,2025-04,2025
ORD003028,CUST0829,2024-09-10,Jacket,Fashion,5,2626.63,0.05,Cash on Delivery,Kochi,Kerala,26.0,Male,12476.49,2024-09,2024
ORD004181,CUST0335,2025-01-11,Yoga Mat,Sports,1,5792.21,0.2,UPI,Bengaluru,Karnataka,18.0,Male,4633.77,2025-01,2025
ORD005499,CUST0941,2024-09-25,Smart Watch,Electronics,1,4725.03,0.05,Net Banking,Mumbai,Maharashtra,30.0,Female,4488.78,2024-09,2024
ORD001424,CUST0907,2024-05-22,Sneakers,Fashion,2,5344.53,0.05,Debit Card,New Delhi,Delhi,28.0,Female,10154.61,2024-05,2024
ORD000657,CUST0521,2024-10-05,Mixer Grinder,Home & Kitchen,4,8043.34,0.1,Debit Card,Madurai,Tamil Nadu,34.0,Female,28956.02,2024-10,2024
ORD003084,CUST0311,2024-12-18,Shampoo,Beauty,1,1397.71,0.0,Cash on Delivery,Kochi,Kerala,38.0,Male,1397.71,2024-12,2024
ORD005525,CUST0020,2024-10-16,Moisturizer,Beauty,2,1841.01,0.1,UPI,Kochi,Kerala,25.0,Male,3313.82,2024-10,2024
ORD002103,CUST0913,2025-01-20,Table Lamp,Home & Kitchen,3,13788.75,0.15,Debit Card,Kochi,Kerala,25.0,Male,35161.31,2025-01,2025
ORD000633,CUST0110,2025-01-14,Running Shoes,Sports,2,3213.01,0.2,UPI,Thiruvananthapuram,Kerala,23.0,Male,5140.82,2025-01,2025
ORD004861,CUST1054,2024-12-25,Moisturizer,Beauty,1,717.9,0.1,Credit Card,Nagpur,Maharashtra,29.0,Female,646.11,2024-12,2024
ORD002494,CUST0179,2024-03-20,Jacket,Fashion,3,5888.88,0.1,Debit Card,Warangal,Telangana,27.0,Male,15899.98,2024-03,2024
ORD002666,CUST1045,2024-09-30,Business Analytics,Books,1,561.69,0.0,Credit Card,Nagpur,Maharashtra,37.0,Male,561.69,2024-09,2024
ORD004339,CUST1030,2024-01-26,Bedsheet,Home & Kitchen,1,5768.31,0.2,Credit Card,Madurai,Tamil Nadu,36.0,Female,4614.65,2024-01,2024
ORD005669,CUST1072,2024-09-16,Sunscreen,Beauty,4,3093.5,0.15,UPI,Coimbatore,Tamil Nadu,18.0,Female,10517.9,2024-09,2024
ORD004404,CUST0336,2025-07-17,Smart Watch,Electronics,2,62158.97,0.0,UPI,Trichy,Tamil Nadu,40.0,Male,124317.94,2025-07,2025
ORD005541,CUST0458,2025-10-26,Perfume,Beauty,2,2995.58,0.1,Credit Card,New Delhi,Delhi,27.0,Male,5392.04,2025-10,2025
ORD002335,CUST0397,2025-07-09,Cookware Set,Home & Kitchen,1,9539.51,0.0,UPI,Thiruvananthapuram,Kerala,39.0,Female,9539.51,2025-07,2025
ORD003549,CUST0029,2025-08-28,Cookware Set,Home & Kitchen,4,11892.98,0.05,UPI,Bengaluru,Karnataka,18.0,Male,45193.32,2025-08,2025
ORD004594,CUST0028,2025-07-09,Jacket,Fashion,2,5309.05,0.05,Cash on Delivery,Pune,Maharashtra,20.0,Female,10087.2,2025-07,2025
ORD002501,CUST1189,2025-11-15,Backpack,Fashion,1,4591.81,0.0,UPI,Hyderabad,Telangana,25.0,Male,4591.81,2025-11,2025
ORD003620,CUST0706,2024-02-28,Moisturizer,Beauty,1,3264.13,0.05,Credit Card,Nagpur,Maharashtra,27.0,Female,3100.92,2024-02,2024
ORD001466,CUST1138,2024-04-17,Python Programming,Books,4,1281.4,0.0,Cash on Delivery,New Delhi,Delhi,29.0,Female,5125.6,2024-04,2024
ORD003941,CUST0053,2025-06-14,Coffee Maker,Home & Kitchen,2,9921.46,0.1,UPI,Nagpur,Maharashtra,25.0,Male,17858.63,2025-06,2025
ORD004014,CUST0653,2025-10-22,Wireless Headphones,Electronics,3,26984.87,0.0,Credit Card,Warangal,Telangana,22.0,Male,80954.61,2025-10,2025
ORD005406,CUST0026,2024-07-10,Table Lamp,Home & Kitchen,1,14055.2,,UPI,Bengaluru,Karnataka,25.0,Male,11244.16,2024-07,2024
ORD000116,CUST0974,2024-05-09,Bluetooth Speaker,Electronics,1,35040.92,0.2,Credit Card,Nagpur,Maharashtra,30.0,Female,28032.74,2024-05,2024
ORD001822,CUST0728,2025-06-07,Jeans,Fashion,1,4134.22,0.1,Credit Card,New Delhi,Delhi,40.0,Female,3720.8,2025-06,2025
ORD001495,CUST0277,2025-01-18,Jeans,Fashion,5,1797.11,0.0,Credit Card,Kochi,Kerala,45.0,Female,8985.55,2025-01,2025
ORD002402,CUST0069,2025-11-24,Wireless Headphones,Electronics,2,31414.15,0.0,Net Banking,Warangal,Telangana,32.0,Female,62828.3,2025-11,2025
ORD003875,CUST0360,2024-10-12,Wireless Headphones,Electronics,2,70413.01,0.05,Debit Card,New Delhi,Delhi,39.0,Female,133784.72,2024-10,2024
ORD001233,CUST0066,2024-06-06,Sneakers,Fashion,2,1687.05,0.05,Credit Card,Thiruvananthapuram,Kerala,21.0,Female,3205.4,2024-06,2024
ORD002662,CUST0882,2025-08-31,Sunscreen,Beauty,2,1852.25,0.05,Debit Card,Kochi,Kerala,24.0,Male,3519.27,2025-08,2025
ORD002818,CUST0533,2025-06-10,Moisturizer,Beauty,1,2058.54,0.1,Credit Card,New Delhi,Delhi,29.0,Male,1852.69,2025-06,2025
ORD005701,CUST0928,2025-09-01,Wireless Headphones,Electronics,2,66195.51,0.1,UPI,Mysuru,Karnataka,27.0,Male,119151.92,2025-09,2025
ORD005479,CUST0357,2024-04-22,Backpack,Fashion,2,3905.52,0.05,Debit Card,Hyderabad,Telangana,33.0,Female,7420.49,2024-04,2024
ORD001154,CUST0961,2025-10-05,Smart Watch,Electronics,1,37060.55,0.0,Credit Card,New Delhi,Delhi,40.0,Male,37060.55,2025-10,2025
ORD003910,CUST0036,2025-10-03,Shampoo,Beauty,2,2013.83,0.15,Debit Card,New Delhi,Delhi,29.0,Female,3423.51,2025-10,2025
ORD004761,CUST0692,2024-09-10,Power Bank,Electronics,2,67604.99,0.1,UPI,Pune,Maharashtra,21.0,Male,121688.98,2024-09,2024
ORD005327,CUST0175,2024-07-19,Bluetooth Speaker,Electronics,5,37631.37,0.05,Cash on Delivery,New Delhi,Delhi,24.0,Female,178749.01,2024-07,2024
ORD000058,CUST0214,2024-04-30,Bluetooth Speaker,Electronics,3,60062.17,0.0,UPI,Kochi,Kerala,29.0,Male,180186.51,2024-04,2024
ORD005583,CUST0276,2024-03-17,Football,Sports,2,2678.88,0.1,Cash on Delivery,Mumbai,Maharashtra,25.0,Male,4821.98,2024-03,2024
ORD003884,CUST0215,2025-08-11,Smart Watch,Electronics,2,74104.44,0.0,Credit Card,Thiruvananthapuram,Kerala,32.0,Male,148208.88,2025-08,2025
ORD003062,CUST0940,2024-04-22,Moisturizer,Beauty,2,3242.13,0.1,Net Banking,Kochi,Kerala,37.0,Female,5835.83,2024-04,2024
ORD005180,CUST0816,2025-10-16,Cookware Set,Home & Kitchen,1,12140.82,0.15,Debit Card,Trichy,Tamil Nadu,,Female,10319.7,2025-10,2025
ORD005935,CUST0218,2024-05-02,Smart Watch,Electronics,1,34277.97,0.15,Cash on Delivery,Coimbatore,Tamil Nadu,18.0,Female,29136.27,2024-05,2024
ORD001736,CUST1129,2024-11-08,Bluetooth Speaker,Electronics,1,74843.8,0.2,Credit Card,Mysuru,Karnataka,23.0,Female,59875.04,2024-11,2024
ORD005402,CUST0060,2025-07-09,Power Bank,Electronics,2,20505.1,0.1,Net Banking,New Delhi,Delhi,41.0,Female,36909.18,2025-07,2025
ORD002824,CUST1007,2025-03-20,Jeans,Fashion,3,3621.42,0.05,Credit Card,Mangaluru,Karnataka,42.0,Male,10321.05,2025-03,2025
ORD002197,CUST0708,2025-01-28,Shampoo,Beauty,2,2061.05,0.1,Cash on Delivery,Thiruvananthapuram,Kerala,31.0,Female,3709.89,2025-01,2025
ORD000160,CUST0482,2024-04-26,Smart Watch,Electronics,1,62316.51,0.0,Credit Card,Hyderabad,Telangana,28.0,Male,62316.51,2024-04,2024
ORD004101,CUST0591,2025-07-27,Wireless Headphones,Electronics,4,6305.58,0.0,UPI,New Delhi,Delhi,22.0,Female,25222.32,2025-07,2025
ORD002476,CUST0051,2024-08-08,Table Lamp,Home & Kitchen,3,4473.34,0.15,Credit Card,Mumbai,Maharashtra,18.0,Male,11407.02,2024-08,2024
ORD002565,CUST0131,2024-03-30,Dumbbells,Sports,2,892.18,0.1,Credit Card,Kochi,Kerala,32.0,Female,1605.92,2024-03,2024
ORD004295,CUST0840,2024-10-30,Bedsheet,Home & Kitchen,2,4555.95,0.15,Cash on Delivery,Warangal,Telangana,42.0,Female,7745.12,2024-10,2024
ORD005050,CUST0081,2025-10-05,Sunscreen,Beauty,4,2283.44,0.1,Net Banking,Kochi,Kerala,24.0,Other,8220.38,2025-10,2025
ORD004140,CUST1092,2024-03-10,Mixer Grinder,Home & Kitchen,2,1782.95,0.15,UPI,New Delhi,Delhi,27.0,Male,3031.02,2024-03,2024
ORD002609,CUST1088,2024-11-25,Wireless Headphones,Electronics,1,3781.49,0.1,UPI,Salem,Tamil Nadu,24.0,Male,3403.34,2024-11,2024
ORD005856,CUST0192,2024-10-29,Coffee Maker,Home & Kitchen,1,8263.22,0.05,UPI,Nagpur,Maharashtra,39.0,Female,7850.06,2024-10,2024
ORD000708,CUST1062,2025-05-09,Cricket Bat,Sports,3,4992.35,0.0,Debit Card,Kochi,Kerala,26.0,Female,14977.05,2025-05,2025
ORD003047,CUST0856,2024-10-25,Smart Watch,Electronics,2,70911.46,0.0,Credit Card,Kochi,Kerala,18.0,Male,141822.92,2024-10,2024
ORD005555,CUST0952,2025-09-17,Python Programming,Books,1,825.29,0.0,Credit Card,Kochi,Kerala,34.0,Male,825.29,2025-09,2025
ORD001094,CUST1136,2024-04-09,Sneakers,Fashion,3,2026.7,0.05,Net Banking,Warangal,Telangana,27.0,Female,5776.1,2024-04,2024
ORD004575,CUST0173,2024-04-09,Sunscreen,Beauty,2,3214.01,0.2,UPI,Hyderabad,Telangana,30.0,Male,5142.42,2024-04,2024
ORD001377,CUST0892,2024-11-29,Bedsheet,Home & Kitchen,1,6635.14,0.0,UPI,New Delhi,Delhi,31.0,Male,6635.14,2024-11,2024
ORD005898,CUST0067,2025-02-18,Backpack,Fashion,1,2692.06,0.0,UPI,Chennai,Tamil Nadu,39.0,Male,2692.06,2025-02,2025
ORD000073,CUST0865,2025-09-26,Power Bank,Electronics,1,18956.71,0.1,Debit Card,Hyderabad,Telangana,28.0,Female,17061.04,2025-09,2025
ORD001923,CUST0433,2024-03-12,Jacket,Fashion,1,3455.31,0.15,UPI,Hyderabad,Telangana,36.0,Male,2937.01,2024-03,2024
ORD004439,CUST0412,2024-01-04,Wireless Headphones,Electronics,1,26939.48,0.0,UPI,Kochi,Kerala,18.0,Female,26939.48,2024-01,2024
ORD004306,CUST0289,2025-04-26,Football,Sports,2,9246.14,0.0,UPI,Thiruvananthapuram,Kerala,18.0,Male,18492.28,2025-04,2025
ORD001765,CUST0300,2025-02-23,Business Analytics,Books,2,1032.4,0.2,Credit Card,Warangal,Telangana,27.0,Female,1651.84,2025-02,2025
ORD000744,CUST0194,2025-05-28,Sneakers,Fashion,1,4433.5,0.1,UPI,Hyderabad,Telangana,44.0,Female,3990.15,2025-05,2025
ORD004075,CUST0848,2025-04-24,Bluetooth Speaker,Electronics,2,32360.76,0.0,Cash on Delivery,Warangal,Telangana,31.0,Female,64721.52,2025-04,2025
ORD001006,CUST0436,2024-09-19,Wireless Headphones,Electronics,1,68540.91,0.1,Cash on Delivery,Bengaluru,Karnataka,32.0,Male,61686.82,2024-09,2024
ORD002669,CUST0577,2025-10-26,Jacket,Fashion,1,1987.42,0.0,UPI,Bengaluru,Karnataka,24.0,Male,1987.42,2025-10,2025
ORD001191,CUST0311,2025-04-02,Perfume,Beauty,1,1519.51,0.0,Cash on Delivery,Pune,Maharashtra,40.0,Male,1519.51,2025-04,2025
ORD004317,CUST0001,2024-08-03,Cookware Set,Home & Kitchen,2,10795.5,0.1,Credit Card,Mangaluru,Karnataka,29.0,Male,19431.9,2024-08,2024
ORD002602,CUST0517,2024-10-19,Business Analytics,Books,1,362.89,0.0,Credit Card,Madurai,Tamil Nadu,22.0,Male,362.89,2024-10,2024
ORD001126,CUST0617,2024-02-07,Sunscreen,Beauty,2,3285.95,0.1,Cash on Delivery,Hyderabad,Telangana,20.0,Male,5914.71,2024-02,2024
ORD001242,CUST0018,2024-07-25,Cricket Bat,Sports,5,2234.05,0.05,Debit Card,Hyderabad,Telangana,42.0,Male,10611.74,2024-07,2024
ORD004038,CUST0338,2024-04-22,Laptop Stand,Electronics,2,8878.05,0.0,Cash on Delivery,New Delhi,Delhi,22.0,Female,17756.1,2024-04,2024
ORD005373,CUST1021,2024-10-18,Sneakers,Fashion,2,2276.62,0.1,Credit Card,Madurai,Tamil Nadu,26.0,Female,4097.92,2024-10,2024
ORD004945,CUST1047,2025-08-11,Laptop Stand,Electronics,1,44206.03,0.0,Net Banking,Thiruvananthapuram,Kerala,32.0,Female,44206.03,2025-08,2025
ORD005652,CUST0240,2025-07-28,Dumbbells,Sports,3,9093.12,0.15,UPI,Nagpur,Maharashtra,46.0,Female,23187.46,2025-07,2025
ORD003352,CUST1082,2025-08-25,Jacket,Fashion,5,4991.01,0.15,Cash on Delivery,Warangal,Telangana,40.0,Female,21211.79,2025-08,2025
ORD000999,CUST0565,2025-06-14,Power Bank,Electronics,2,47334.89,0.05,Credit Card,Kochi,Kerala,22.0,Female,89936.29,2025-06,2025
ORD004462,CUST0157,2024-12-09,Shampoo,Beauty,2,1102.7,0.0,Net Banking,Kochi,Kerala,46.0,Male,2205.4,2024-12,2024
ORD003825,CUST0251,2024-11-26,Cookware Set,Home & Kitchen,2,2083.71,0.2,UPI,Mangaluru,Karnataka,18.0,Male,3333.94,2024-11,2024
ORD004032,CUST0760,2024-05-23,Sneakers,Fashion,1,4657.6,0.0,UPI,New Delhi,Delhi,29.0,Male,4657.6,2024-05,2024
ORD002685,CUST0908,2024-09-16,Sneakers,Fashion,1,2793.94,0.1,UPI,Mysuru,Karnataka,36.0,Female,2514.55,2024-09,2024
ORD005195,CUST0800,2024-12-06,Bluetooth Speaker,Electronics,1,64978.39,0.1,Net Banking,Thiruvananthapuram,Kerala,22.0,Male,58480.55,2024-12,2024
ORD001578,CUST0030,2025-12-05,Sunscreen,Beauty,2,2754.06,0.0,Credit Card,Bengaluru,Karnataka,34.0,Female,5508.12,2025-12,2025
ORD003907,CUST0952,2024-11-09,Laptop Stand,Electronics,1,9802.09,0.15,Debit Card,Nagpur,Maharashtra,35.0,Female,8331.78,2024-11,2024
ORD003730,CUST0351,2024-10-05,Sneakers,Fashion,1,5468.5,0.05,Credit Card,New Delhi,Delhi,37.0,Male,5195.08,2024-10,2024
ORD003669,CUST0079,2025-07-08,Bedsheet,Home & Kitchen,1,14793.0,0.05,UPI,Trichy,Tamil Nadu,33.0,Female,14053.35,2025-07,2025
ORD005743,CUST0681,2025-08-30,Yoga Mat,Sports,1,7090.76,,Cash on Delivery,Nagpur,Maharashtra,36.0,Male,7090.76,2025-08,2025
ORD001827,CUST0749,2024-10-15,Data Analytics Book,Books,1,1423.47,0.1,UPI,Mysuru,Karnataka,33.0,Male,1281.12,2024-10,2024
ORD001344,CUST0646,2024-09-10,Sneakers,Fashion,2,4063.34,0.05,UPI,Thiruvananthapuram,Kerala,35.0,Female,7720.35,2024-09,2024
ORD005984,CUST0621,2025-11-21,Smart Watch,Electronics,1,12596.96,0.0,Credit Card,Mysuru,Karnataka,34.0,Female,12596.96,2025-11,2025
ORD005147,CUST1075,2024-09-23,Football,Sports,2,3349.32,0.15,Net Banking,New Delhi,Delhi,42.0,Male,5693.84,2024-09,2024
ORD004952,CUST0078,2025-08-08,Running Shoes,Sports,1,3896.9,0.05,Debit Card,Pune,Maharashtra,33.0,Female,3702.06,2025-08,2025
ORD000441,CUST0251,2024-06-05,Smart Watch,Electronics,1,59727.06,0.1,UPI,Chennai,Tamil Nadu,21.0,Male,53754.35,2024-06,2024
ORD005941,CUST0024,2024-05-04,Perfume,Beauty,2,1334.1,0.15,Credit Card,Hyderabad,Telangana,24.0,Male,2267.97,2024-05,2024
ORD001101,CUST0131,2024-07-06,Bedsheet,Home & Kitchen,3,7429.22,0.05,UPI,Hyderabad,Telangana,46.0,Female,21173.28,2024-07,2024
ORD002638,CUST0368,2024-03-30,Business Analytics,Books,5,2327.22,0.15,Net Banking,Coimbatore,Tamil Nadu,26.0,Female,9890.68,2024-03,2024
ORD004218,CUST1195,2024-10-22,Perfume,Beauty,1,1239.88,0.1,UPI,Mangaluru,Karnataka,27.0,Male,1115.89,2024-10,2024
ORD000650,CUST1090,2024-03-28,Coffee Maker,Home & Kitchen,1,6726.99,0.05,UPI,Chennai,Tamil Nadu,40.0,Female,6390.64,2024-03,2024
ORD001547,CUST0818,2024-01-18,Bedsheet,Home & Kitchen,4,13215.35,0.15,UPI,Kochi,Kerala,28.0,Male,44932.19,2024-01,2024
ORD003232,CUST0350,2025-08-01,Shampoo,Beauty,3,1990.58,0.2,Cash on Delivery,Hyderabad,Telangana,39.0,Female,4777.39,2025-08,2025
ORD004491,CUST0404,2025-08-14,Data Analytics Book,Books,1,1028.79,0.2,Debit Card,Pune,Maharashtra,25.0,Male,823.03,2025-08,2025
ORD004557,CUST0558,2025-09-20,T-Shirt,Fashion,2,4484.07,0.1,Debit Card,Trichy,Tamil Nadu,46.0,Female,8071.33,2025-09,2025
ORD004574,CUST1100,2024-04-30,Mixer Grinder,Home & Kitchen,3,7960.04,0.1,Cash on Delivery,Warangal,Telangana,18.0,Male,21492.11,2024-04,2024
ORD004146,CUST0172,2025-12-20,Shampoo,Beauty,2,3658.48,0.05,Credit Card,Kochi,Kerala,29.0,Female,6951.11,2025-12,2025
ORD002853,CUST0931,2025-04-04,Backpack,Fashion,3,2678.28,0.0,Debit Card,Mangaluru,Karnataka,30.0,Male,8034.84,2025-04,2025
ORD003504,CUST0436,2024-07-12,Backpack,Fashion,3,5043.99,0.15,Credit Card,Mangaluru,Karnataka,41.0,Male,12862.17,2024-07,2024
ORD005385,CUST0821,2025-09-03,Yoga Mat,Sports,1,8993.04,0.05,Credit Card,Nagpur,Maharashtra,32.0,Female,8543.39,2025-09,2025
ORD004691,CUST0331,2024-12-22,Power Bank,Electronics,4,37812.38,0.1,UPI,Bengaluru,Karnataka,37.0,Female,136124.57,2024-12,2024
ORD000631,CUST0757,2024-06-12,Running Shoes,Sports,2,8164.39,0.0,UPI,Warangal,Telangana,43.0,Male,16328.78,2024-06,2024
ORD000673,CUST0208,2025-07-08,Laptop Stand,Electronics,2,13834.59,0.15,Net Banking,Bengaluru,Karnataka,28.0,Male,23518.8,2025-07,2025
ORD001250,CUST1158,2024-04-30,Running Shoes,Sports,4,7314.26,0.0,Net Banking,Mumbai,Maharashtra,18.0,Female,29257.04,2024-04,2024
ORD004088,CUST0705,2024-07-06,Laptop Stand,Electronics,2,74418.98,0.0,Credit Card,New Delhi,Delhi,18.0,Male,148837.96,2024-07,2024
ORD000483,CUST0368,2024-12-30,Cricket Bat,Sports,3,9329.33,0.0,Debit Card,Mysuru,Karnataka,22.0,Female,27987.99,2024-12,2024
ORD001585,CUST0659,2024-10-02,Bedsheet,Home & Kitchen,1,6690.84,0.0,Net Banking,Thiruvananthapuram,Kerala,33.0,Male,6690.84,2024-10,2024
ORD004234,CUST0982,2025-05-16,SQL Guide,Books,4,684.17,0.05,Credit Card,Bengaluru,Karnataka,25.0,Male,2599.85,2025-05,2025
ORD005544,CUST0828,2025-01-16,Business Analytics,Books,5,1602.1,0.15,UPI,Nagpur,Maharashtra,23.0,Female,6808.92,2025-01,2025
ORD004205,CUST0615,2024-10-08,Face Wash,Beauty,2,744.68,0.0,Credit Card,Thiruvananthapuram,Kerala,23.0,Female,1489.36,2024-10,2024
ORD001463,CUST0680,2025-04-13,Shampoo,Beauty,2,3752.1,0.05,UPI,Mumbai,Maharashtra,,Female,7128.99,2025-04,2025
ORD003041,CUST0425,2024-09-14,SQL Guide,Books,2,1387.15,0.0,Credit Card,Coimbatore,Tamil Nadu,33.0,Female,2774.3,2024-09,2024
ORD004471,CUST0089,2025-12-05,Jeans,Fashion,1,1484.07,0.05,Net Banking,Pune,Maharashtra,18.0,Male,1409.87,2025-12,2025
ORD004811,CUST0331,2024-02-16,Bluetooth Speaker,Electronics,2,18751.42,0.0,UPI,Thiruvananthapuram,Kerala,20.0,Female,37502.84,2024-02,2024
ORD004611,CUST0941,2025-06-05,Sneakers,Fashion,1,1888.52,0.0,Debit Card,New Delhi,Delhi,38.0,Male,1888.52,2025-06,2025
ORD005973,CUST0715,2024-05-02,Football,Sports,1,5675.37,0.05,Credit Card,Madurai,Tamil Nadu,30.0,Male,5391.6,2024-05,2024
ORD003274,CUST0758,2024-07-13,Face Wash,Beauty,3,1214.46,0.05,UPI,Warangal,Telangana,26.0,Male,3461.21,2024-07,2024
ORD003239,CUST1103,2025-02-04,Bluetooth Speaker,Electronics,1,74375.03,0.05,Debit Card,New Delhi,Delhi,31.0,Male,70656.28,2025-02,2025
ORD003132,CUST0643,2024-04-19,Table Lamp,Home & Kitchen,1,7404.26,0.05,Debit Card,Salem,Tamil Nadu,30.0,Male,7034.05,2024-04,2024
ORD003684,CUST1177,2025-06-01,Laptop Stand,Electronics,2,2540.55,0.15,UPI,Bengaluru,Karnataka,30.0,Male,4318.94,2025-06,2025
ORD002579,CUST1024,2025-05-31,Jeans,Fashion,1,4015.87,0.15,UPI,Salem,Tamil Nadu,27.0,Male,3413.49,2025-05,2025
ORD005411,CUST1150,2025-05-03,T-Shirt,Fashion,3,3522.77,0.1,UPI,New Delhi,Delhi,35.0,Female,9511.48,2025-05,2025
ORD000050,CUST0823,2025-02-08,Yoga Mat,Sports,4,6058.92,0.1,Debit Card,Kochi,Kerala,43.0,Female,21812.11,2025-02,2025
ORD005126,CUST0290,2024-05-05,Machine Learning Book,Books,3,362.96,0.0,UPI,Mysuru,Karnataka,19.0,Female,1088.88,2024-05,2024
ORD004217,CUST0564,2025-01-11,Machine Learning Book,Books,4,1059.39,0.0,UPI,Nagpur,Maharashtra,36.0,Male,4237.56,2025-01,2025
ORD000859,CUST0396,2024-09-12,T-Shirt,Fashion,1,962.97,0.05,Debit Card,Mangaluru,Karnataka,46.0,Male,914.82,2024-09,2024
ORD003226,CUST0320,2024-09-17,Yoga Mat,Sports,3,5643.63,0.1,Cash on Delivery,Mumbai,Maharashtra,42.0,Male,15237.8,2024-09,2024
ORD001073,CUST0931,2025-01-08,Smart Watch,Electronics,3,42423.53,0.1,Net Banking,Kochi,Kerala,18.0,Male,114543.53,2025-01,2025
ORD000720,CUST0602,2025-04-13,Laptop Stand,Electronics,2,11370.74,0.15,Net Banking,New Delhi,Delhi,53.0,Male,19330.26,2025-04,2025
ORD002200,CUST0465,2025-08-27,Sunscreen,Beauty,1,1860.59,0.05,Debit Card,Thiruvananthapuram,Kerala,33.0,Female,1767.56,2025-08,2025
ORD002632,CUST0388,2025-03-26,T-Shirt,Fashion,2,3610.23,0.05,Credit Card,New Delhi,Delhi,31.0,Female,6859.44,2025-03,2025
ORD005849,CUST0938,2025-06-24,Cookware Set,Home & Kitchen,1,12155.89,0.0,UPI,Mangaluru,Karnataka,32.0,Female,12155.89,2025-06,2025
ORD001661,CUST0207,2025-09-18,Bluetooth Speaker,Electronics,2,64125.18,0.05,UPI,Thiruvananthapuram,Kerala,32.0,Male,121837.84,2025-09,2025
ORD001657,CUST0303,2025-12-03,Mixer Grinder,Home & Kitchen,1,10288.3,0.15,,Mysuru,Karnataka,35.0,Male,8745.05,2025-12,2025
ORD002426,CUST1159,2024-02-26,Yoga Mat,Sports,4,5597.86,0.0,Debit Card,Pune,Maharashtra,19.0,Male,22391.44,2024-02,2024
ORD005527,CUST0867,2025-07-24,Python Programming,Books,4,450.08,0.0,Credit Card,Kochi,Kerala,36.0,Female,1800.32,2025-07,2025
ORD005055,CUST1148,2025-01-07,Football,Sports,1,4333.44,0.05,Net Banking,Hyderabad,Telangana,24.0,Female,4116.77,2025-01,2025
ORD005966,CUST0694,2025-06-06,Sneakers,Fashion,1,2445.5,0.0,Debit Card,Hyderabad,Telangana,19.0,Female,2445.5,2025-06,2025
ORD004405,CUST1013,2025-05-26,Mixer Grinder,Home & Kitchen,1,650.7,0.1,Net Banking,Thiruvananthapuram,Kerala,34.0,Male,585.63,2025-05,2025
ORD003098,CUST0234,2024-10-02,Table Lamp,Home & Kitchen,1,2441.92,0.05,Credit Card,Warangal,Telangana,18.0,Male,2319.82,2024-10,2024
ORD003977,CUST0192,2024-03-07,Cricket Bat,Sports,1,4401.41,0.05,UPI,Thiruvananthapuram,Kerala,18.0,Male,4181.34,2024-03,2024
ORD005367,CUST1163,2024-11-26,Backpack,Fashion,2,5459.44,0.0,Debit Card,Mumbai,Maharashtra,18.0,Female,10918.88,2024-11,2024
ORD005878,CUST0532,2025-11-19,Mixer Grinder,Home & Kitchen,1,14551.1,0.05,UPI,Chennai,Tamil Nadu,45.0,Female,13823.54,2025-11,2025
ORD005698,CUST1015,2024-01-11,T-Shirt,Fashion,4,2222.16,0.05,Credit Card,New Delhi,Delhi,18.0,Male,8444.21,2024-01,2024
ORD003190,CUST0559,2025-06-15,Power Bank,Electronics,2,9907.96,0.0,Debit Card,Madurai,Tamil Nadu,27.0,Male,19815.92,2025-06,2025
ORD003990,CUST0376,2025-12-14,Shampoo,Beauty,2,2368.25,0.1,Cash on Delivery,Nagpur,Maharashtra,20.0,Male,4262.85,2025-12,2025
ORD002935,CUST0625,2024-07-02,Laptop Stand,Electronics,1,70770.42,0.05,UPI,Nagpur,Maharashtra,28.0,Female,67231.9,2024-07,2024
ORD004941,CUST0042,2024-03-24,Sneakers,Fashion,3,1904.28,0.1,UPI,Bengaluru,Karnataka,31.0,Male,5141.56,2024-03,2024
ORD004258,CUST1027,2024-02-17,Laptop Stand,Electronics,3,75504.76,0.2,Credit Card,Chennai,Tamil Nadu,27.0,Female,181211.42,2024-02,2024
ORD002607,CUST0913,2025-10-22,Bedsheet,Home & Kitchen,4,5483.69,0.0,UPI,Bengaluru,Karnataka,40.0,Female,21934.76,2025-10,2025
ORD001386,CUST0152,2024-11-24,Face Wash,Beauty,2,992.8,0.1,Net Banking,Chennai,Tamil Nadu,22.0,Male,1787.04,2024-11,2024
ORD005572,CUST1002,2025-06-02,Jeans,Fashion,2,1367.92,0.1,UPI,Hyderabad,Telangana,35.0,Male,2462.26,2025-06,2025
ORD001400,CUST0392,2024-03-31,Machine Learning Book,Books,1,424.57,0.1,Debit Card,Warangal,Telangana,22.0,Male,382.11,2024-03,2024
ORD001196,CUST1039,2024-04-11,Bluetooth Speaker,Electronics,4,7561.21,0.05,Cash on Delivery,Thiruvananthapuram,Kerala,18.0,Male,28732.6,2024-04,2024
ORD001409,CUST0527,2025-04-07,Power Bank,Electronics,1,41747.57,0.0,Debit Card,Hyderabad,Telangana,38.0,Male,41747.57,2025-04,2025
ORD001846,CUST0785,2024-08-16,Yoga Mat,Sports,2,5270.22,0.1,UPI,Hyderabad,Telangana,26.0,Female,9486.4,2024-08,2024
ORD001799,CUST0250,2024-02-09,Perfume,Beauty,1,2582.32,0.2,UPI,Bengaluru,Karnataka,36.0,Male,2065.86,2024-02,2024
ORD003958,CUST1109,2025-02-12,Face Wash,Beauty,1,2241.42,0.2,UPI,Mumbai,Maharashtra,,Female,1793.14,2025-02,2025
ORD001476,CUST0528,2024-04-07,Power Bank,Electronics,1,26368.33,0.0,Credit Card,Hyderabad,Telangana,20.0,Female,26368.33,2024-04,2024
ORD005219,CUST0212,2024-01-17,Wireless Headphones,Electronics,1,42517.97,0.0,UPI,Mangaluru,Karnataka,27.0,Female,42517.97,2024-01,2024
ORD000036,CUST1021,2024-10-03,Jeans,Fashion,2,4497.23,0.0,UPI,Kochi,Kerala,38.0,Female,8994.46,2024-10,2024
ORD004865,CUST0109,2025-11-06,Bluetooth Speaker,Electronics,2,28567.17,0.0,Credit Card,New Delhi,Delhi,38.0,Male,57134.34,2025-11,2025
ORD002346,CUST1040,2024-04-22,Bluetooth Speaker,Electronics,1,14226.65,0.15,UPI,Warangal,Telangana,37.0,Female,12092.65,2024-04,2024
ORD000445,CUST0691,2025-03-06,Laptop Stand,Electronics,2,5664.87,0.0,UPI,Pune,Maharashtra,32.0,Male,11329.74,2025-03,2025
ORD005357,CUST0414,2025-08-21,Data Analytics Book,Books,2,803.74,0.0,Credit Card,Mangaluru,Karnataka,26.0,Female,1607.48,2025-08,2025
ORD003313,CUST0387,2025-10-01,Bedsheet,Home & Kitchen,1,5112.61,0.05,UPI,Hyderabad,Telangana,45.0,Male,4856.98,2025-10,2025
ORD002360,CUST0686,2025-06-02,Python Programming,Books,1,2405.84,0.1,Credit Card,Warangal,Telangana,26.0,Male,2165.26,2025-06,2025
ORD003007,CUST0639,2024-12-15,Power Bank,Electronics,1,68824.22,0.05,Credit Card,New Delhi,Delhi,36.0,Female,65383.01,2024-12,2024
ORD003655,CUST0822,2025-04-29,Jeans,Fashion,1,4599.07,0.1,Cash on Delivery,Mysuru,Karnataka,41.0,Male,4139.16,2025-04,2025
ORD002207,CUST0498,2025-04-22,Yoga Mat,Sports,2,1144.9,0.05,UPI,Warangal,Telangana,27.0,Male,2175.31,2025-04,2025
ORD004328,CUST0050,2025-11-17,SQL Guide,Books,1,1054.56,0.15,UPI,Mysuru,Karnataka,24.0,Male,896.38,2025-11,2025
ORD005133,CUST0946,2024-06-02,Power Bank,Electronics,1,9519.25,0.15,UPI,New Delhi,Delhi,18.0,Male,8091.36,2024-06,2024
ORD003658,CUST0297,2025-07-31,Sunscreen,Beauty,1,583.6,0.0,Cash on Delivery,Thiruvananthapuram,Kerala,32.0,Female,583.6,2025-07,2025
ORD003180,CUST0871,2025-09-15,Coffee Maker,Home & Kitchen,3,8059.8,0.0,Credit Card,Coimbatore,Tamil Nadu,34.0,Male,24179.4,2025-09,2025
ORD003423,CUST0288,2025-10-22,Bedsheet,Home & Kitchen,1,13546.03,0.0,Debit Card,Kochi,Kerala,29.0,Male,13546.03,2025-10,2025
ORD001287,CUST0235,2024-02-09,Cookware Set,Home & Kitchen,1,9952.04,0.1,UPI,Madurai,Tamil Nadu,24.0,Female,8956.84,2024-02,2024
ORD004446,CUST0433,2025-11-15,Python Programming,Books,3,2006.91,0.05,UPI,Trichy,Tamil Nadu,37.0,Male,5719.69,2025-11,2025
ORD000350,CUST0460,2024-06-11,Football,Sports,4,9007.85,0.15,UPI,Mangaluru,Karnataka,38.0,Male,30626.69,2024-06,2024
ORD003417,CUST1070,2024-07-15,Smart Watch,Electronics,4,17547.68,0.05,Credit Card,Mysuru,Karnataka,31.0,Female,66681.18,2024-07,2024
ORD002138,CUST0271,2024-12-19,Bedsheet,Home & Kitchen,1,5817.45,0.0,Debit Card,Warangal,Telangana,35.0,Female,5817.45,2024-12,2024
ORD002692,CUST0219,2024-05-16,Backpack,Fashion,3,5030.75,0.15,Credit Card,Hyderabad,Telangana,32.0,Male,12828.41,2024-05,2024
ORD002637,CUST0612,2024-07-18,Jacket,Fashion,3,3175.01,0.05,Net Banking,Hyderabad,Telangana,26.0,Male,9048.78,2024-07,2024
ORD004017,CUST0302,2025-02-19,Bedsheet,Home & Kitchen,1,9719.63,0.05,UPI,New Delhi,Delhi,40.0,Female,9233.65,2025-02,2025
ORD001682,CUST0364,2025-01-09,Python Programming,Books,5,2093.58,0.0,UPI,Warangal,Telangana,21.0,Female,10467.9,2025-01,2025
ORD005433,CUST0211,2025-01-24,Mixer Grinder,Home & Kitchen,1,10856.69,0.1,UPI,Kochi,Kerala,32.0,Male,9771.02,2025-01,2025
ORD001693,CUST0988,2025-06-06,Data Analytics Book,Books,3,787.83,0.05,UPI,Warangal,Telangana,26.0,Female,2245.32,2025-06,2025
ORD004425,CUST0039,2024-10-21,Jeans,Fashion,1,1496.36,0.05,Debit Card,Thiruvananthapuram,Kerala,37.0,Female,1421.54,2024-10,2024
ORD004777,CUST0934,2024-12-11,Sunscreen,Beauty,2,2227.25,0.1,Credit Card,New Delhi,Delhi,,Male,4009.05,2024-12,2024
ORD003636,CUST0382,2025-05-08,Coffee Maker,Home & Kitchen,4,9929.51,0.0,UPI,Mangaluru,Karnataka,36.0,Female,39718.04,2025-05,2025
ORD000373,CUST0618,2025-04-05,Power Bank,Electronics,1,33149.68,0.1,UPI,Nagpur,Maharashtra,29.0,Male,29834.71,2025-04,2025
ORD004605,CUST0370,2024-02-22,Smart Watch,Electronics,1,13804.56,0.0,Credit Card,Thiruvananthapuram,Kerala,24.0,Male,13804.56,2024-02,2024
ORD000141,CUST0143,2025-12-11,Perfume,Beauty,1,2451.48,0.0,Debit Card,Kochi,Kerala,40.0,Male,2451.48,2025-12,2025
ORD005591,CUST0554,2024-07-12,Shampoo,Beauty,2,373.87,0.15,UPI,Kochi,Kerala,24.0,Male,635.58,2024-07,2024
ORD000715,CUST0740,2025-08-01,Bedsheet,Home & Kitchen,1,12648.7,0.0,Cash on Delivery,Thiruvananthapuram,Kerala,37.0,Male,12648.7,2025-08,2025
ORD003189,CUST0498,2024-01-24,Shampoo,Beauty,3,2788.14,0.15,Cash on Delivery,Hyderabad,Telangana,31.0,Female,7109.76,2024-01,2024
ORD005400,CUST0029,2024-04-14,Jeans,Fashion,1,3467.21,0.1,Net Banking,Kochi,Kerala,22.0,Male,3120.49,2024-04,2024
ORD004190,CUST0772,2024-06-01,Sneakers,Fashion,1,4063.65,0.15,Credit Card,New Delhi,Delhi,36.0,Male,3454.1,2024-06,2024
ORD000407,CUST0029,2024-12-13,Backpack,Fashion,3,1213.83,0.1,UPI,New Delhi,Delhi,18.0,Male,3277.34,2024-12,2024
ORD000021,CUST0401,2024-05-14,Backpack,Fashion,5,3125.76,0.15,Credit Card,Nagpur,Maharashtra,19.0,Female,13284.48,2024-05,2024
ORD001005,CUST0592,2025-10-10,Face Wash,Beauty,1,1207.86,0.1,Net Banking,Hyderabad,Telangana,18.0,Male,1087.07,2025-10,2025
ORD002412,CUST1179,2024-10-30,Wireless Headphones,Electronics,3,42412.64,0.2,Credit Card,Mangaluru,Karnataka,27.0,Male,101790.34,2024-10,2024
ORD002546,CUST0499,2025-11-01,Power Bank,Electronics,1,5662.27,0.15,UPI,Thiruvananthapuram,Kerala,38.0,Female,4812.93,2025-11,2025
ORD002391,CUST1001,2024-07-04,Backpack,Fashion,3,3645.21,0.2,UPI,Warangal,Telangana,25.0,Male,8748.5,2024-07,2024
ORD004819,CUST1006,2025-12-11,Coffee Maker,Home & Kitchen,3,666.65,0.05,UPI,Mumbai,Maharashtra,24.0,Male,1899.95,2025-12,2025
ORD000043,CUST0653,2024-06-21,Jeans,Fashion,2,1730.04,0.05,Credit Card,Warangal,Telangana,36.0,Female,3287.08,2024-06,2024
ORD002831,CUST0172,2024-05-19,Coffee Maker,Home & Kitchen,4,10050.47,0.15,Debit Card,New Delhi,Delhi,30.0,Female,34171.6,2024-05,2024
ORD003372,CUST0152,2024-01-07,Wireless Headphones,Electronics,1,66546.04,0.1,UPI,Thiruvananthapuram,Kerala,30.0,Male,59891.44,2024-01,2024
ORD003023,CUST1004,2024-06-27,Shampoo,Beauty,2,2966.11,0.0,Cash on Delivery,Bengaluru,Karnataka,31.0,Male,5932.22,2024-06,2024
ORD003365,CUST1039,2025-01-11,Yoga Mat,Sports,1,9843.93,0.05,UPI,Thiruvananthapuram,Kerala,30.0,Male,9351.73,2025-01,2025
ORD000012,CUST0633,2024-07-08,Yoga Mat,Sports,2,5105.88,0.1,UPI,Nagpur,Maharashtra,28.0,Male,9190.58,2024-07,2024
ORD001178,CUST0353,2025-09-14,Power Bank,Electronics,1,70066.46,0.0,UPI,Thiruvananthapuram,Kerala,34.0,Female,70066.46,2025-09,2025
ORD001948,CUST1146,2024-08-27,Business Analytics,Books,2,1681.98,0.05,UPI,Warangal,Telangana,44.0,Female,3195.76,2024-08,2024
ORD002502,CUST0441,2025-02-06,Bluetooth Speaker,Electronics,1,39651.82,0.2,Debit Card,New Delhi,Delhi,32.0,Male,31721.46,2025-02,2025
ORD002864,CUST0774,2024-03-21,Shampoo,Beauty,4,1250.56,0.0,UPI,Salem,Tamil Nadu,26.0,Female,5002.24,2024-03,2024
ORD003866,CUST0587,2024-03-17,Moisturizer,Beauty,1,611.01,0.0,Net Banking,Mangaluru,Karnataka,18.0,Male,611.01,2024-03,2024
ORD001027,CUST0738,2024-03-23,Backpack,Fashion,5,2245.44,0.05,Credit Card,Mangaluru,Karnataka,25.0,Female,10665.84,2024-03,2024
ORD003849,CUST0753,2024-03-13,Table Lamp,Home & Kitchen,1,14877.0,0.2,UPI,New Delhi,Delhi,44.0,Female,11901.6,2024-03,2024
ORD002990,CUST0775,2024-12-15,Power Bank,Electronics,1,25672.78,0.1,Credit Card,Hyderabad,Telangana,31.0,Female,23105.5,2024-12,2024
ORD000962,CUST0837,2025-05-22,Running Shoes,Sports,3,6194.57,0.0,Debit Card,New Delhi,Delhi,38.0,Male,18583.71,2025-05,2025
ORD002890,CUST0702,2024-06-20,Power Bank,Electronics,3,10945.57,0.0,Cash on Delivery,Kochi,Kerala,34.0,Female,32836.71,2024-06,2024
ORD003016,CUST0373,2024-03-21,Business Analytics,Books,4,2308.66,0.0,Credit Card,Thiruvananthapuram,Kerala,18.0,Female,9234.64,2024-03,2024
ORD003339,CUST0788,2024-09-10,Laptop Stand,Electronics,1,13200.85,0.1,UPI,Thiruvananthapuram,Kerala,31.0,Male,11880.77,2024-09,2024
ORD004231,CUST0011,2025-12-23,Bluetooth Speaker,Electronics,4,38903.73,0.15,Cash on Delivery,Salem,Tamil Nadu,21.0,Female,132272.68,2025-12,2025
ORD000736,CUST0055,2024-12-04,Perfume,Beauty,1,3291.58,0.0,Cash on Delivery,Coimbatore,Tamil Nadu,30.0,Male,3291.58,2024-12,2024
ORD001441,CUST0741,2025-11-03,Table Lamp,Home & Kitchen,1,684.71,0.1,UPI,New Delhi,Delhi,31.0,Male,616.24,2025-11,2025
ORD002876,CUST0872,2025-09-30,Data Analytics Book,Books,1,1486.7,0.1,UPI,Nagpur,Maharashtra,47.0,Female,1338.03,2025-09,2025
ORD003987,CUST0400,2025-02-07,Yoga Mat,Sports,3,2031.49,0.05,Credit Card,Thiruvananthapuram,Kerala,26.0,Male,5789.75,2025-02,2025
ORD000917,CUST0474,2024-08-31,Face Wash,Beauty,3,1019.77,0.1,Credit Card,Thiruvananthapuram,Kerala,29.0,Male,2753.38,2024-08,2024
ORD005003,CUST0550,2024-07-25,Face Wash,Beauty,1,3982.05,0.15,Credit Card,Nagpur,Maharashtra,29.0,Female,3384.74,2024-07,2024
ORD004090,CUST0333,2024-07-15,Perfume,Beauty,1,3813.42,0.1,Cash on Delivery,Hyderabad,Telangana,28.0,Male,3432.08,2024-07,2024
ORD005542,CUST0922,2024-11-22,Smart Watch,Electronics,1,39123.99,0.15,UPI,Mysuru,Karnataka,35.0,Male,33255.39,2024-11,2024
ORD004686,CUST0406,2024-09-14,Perfume,Beauty,4,1882.37,0.1,UPI,Hyderabad,Telangana,36.0,Male,6776.53,2024-09,2024
ORD002773,CUST0569,2024-06-05,Sneakers,Fashion,2,2415.56,0.1,Net Banking,Coimbatore,Tamil Nadu,27.0,Female,4348.01,2024-06,2024
ORD001625,CUST1167,2024-07-31,Jacket,Fashion,2,1918.84,0.15,UPI,New Delhi,Delhi,37.0,Male,3262.03,2024-07,2024
ORD005670,CUST0293,2024-10-03,Face Wash,Beauty,1,2274.85,0.0,UPI,New Delhi,Delhi,39.0,Male,2274.85,2024-10,2024
ORD000822,CUST1190,2024-01-27,Table Lamp,Home & Kitchen,3,5608.38,0.05,Credit Card,Kochi,Kerala,19.0,Female,15983.88,2024-01,2024
ORD001368,CUST0031,2024-03-27,SQL Guide,Books,1,1504.84,0.05,Cash on Delivery,Coimbatore,Tamil Nadu,40.0,Male,1429.6,2024-03,2024
ORD003713,CUST0233,2025-02-02,Laptop Stand,Electronics,5,4824.56,0.0,Credit Card,Thiruvananthapuram,Kerala,34.0,Female,24122.8,2025-02,2025
ORD005999,CUST1198,2024-04-27,Sunscreen,Beauty,1,1006.56,0.05,Debit Card,New Delhi,Delhi,20.0,Male,956.23,2024-04,2024
ORD000851,CUST0873,2025-03-21,Smart Watch,Electronics,2,14193.03,0.0,Net Banking,Mangaluru,Karnataka,29.0,Male,28386.06,2025-03,2025
ORD001001,CUST0046,2025-03-01,Machine Learning Book,Books,1,269.83,0.1,UPI,Mumbai,Maharashtra,40.0,Male,242.85,2025-03,2025
ORD004653,CUST0946,2024-09-24,Yoga Mat,Sports,3,4025.39,0.0,Net Banking,Mangaluru,Karnataka,23.0,Male,12076.17,2024-09,2024
ORD004115,CUST0673,2025-02-24,Running Shoes,Sports,1,1102.19,0.15,UPI,Thiruvananthapuram,Kerala,23.0,Male,936.86,2025-02,2025
ORD001638,CUST1017,2024-08-27,Running Shoes,Sports,2,8594.49,0.1,UPI,Kochi,Kerala,20.0,Male,15470.08,2024-08,2024
ORD001668,CUST0079,2025-03-27,Business Analytics,Books,2,1330.89,0.0,Cash on Delivery,New Delhi,Delhi,49.0,Female,2661.78,2025-03,2025
ORD003174,CUST0086,2025-08-31,Backpack,Fashion,3,4047.65,0.05,UPI,Salem,Tamil Nadu,20.0,Female,11535.8,2025-08,2025
ORD004561,CUST0658,2025-10-13,Laptop Stand,Electronics,1,12279.99,0.1,Debit Card,Hyderabad,Telangana,32.0,Female,11051.99,2025-10,2025
ORD001348,CUST1141,2024-04-12,Yoga Mat,Sports,2,1352.14,0.1,Net Banking,Pune,Maharashtra,28.0,Male,2433.85,2024-04,2024
ORD005721,CUST0807,2025-08-08,Bluetooth Speaker,Electronics,1,50897.68,0.05,UPI,New Delhi,Delhi,30.0,Female,48352.8,2025-08,2025
ORD003231,CUST0364,2025-09-11,Mixer Grinder,Home & Kitchen,2,6751.89,0.1,Credit Card,Mumbai,Maharashtra,45.0,Male,12153.4,2025-09,2025
ORD004211,CUST0066,2024-02-22,Coffee Maker,Home & Kitchen,3,1531.63,0.1,UPI,Hyderabad,Telangana,18.0,Male,4135.4,2024-02,2024
ORD004607,CUST0882,2025-06-20,Smart Watch,Electronics,1,25513.15,0.1,Cash on Delivery,Bengaluru,Karnataka,40.0,Female,22961.84,2025-06,2025
ORD003233,CUST0051,2024-03-30,Jeans,Fashion,2,1794.87,0.1,UPI,Kochi,Kerala,28.0,Female,3230.77,2024-03,2024
ORD004902,CUST0280,2024-10-25,Bluetooth Speaker,Electronics,1,71914.03,0.0,UPI,Coimbatore,Tamil Nadu,26.0,Female,71914.03,2024-10,2024
ORD000704,CUST1134,2025-04-16,Face Wash,Beauty,3,1280.49,0.1,UPI,Thiruvananthapuram,Kerala,25.0,Male,3457.32,2025-04,2025
ORD004782,CUST0351,2024-07-29,Sneakers,Fashion,1,1002.49,0.2,Credit Card,Mysuru,Karnataka,51.0,Female,801.99,2024-07,2024
ORD003292,CUST0288,2025-12-07,Mixer Grinder,Home & Kitchen,5,11684.29,0.15,Credit Card,Thiruvananthapuram,Kerala,,Male,49658.23,2025-12,2025
ORD003674,CUST0960,2024-08-10,Wireless Headphones,Electronics,2,71424.29,0.1,UPI,Bengaluru,Karnataka,34.0,Male,128563.72,2024-08,2024
ORD002409,CUST0673,2024-01-25,Jacket,Fashion,1,5792.56,0.0,,Salem,Tamil Nadu,36.0,Male,5792.56,2024-01,2024
ORD001328,CUST0779,2024-03-06,Jacket,Fashion,2,1557.37,0.05,Credit Card,Chennai,Tamil Nadu,33.0,Female,2959.0,2024-03,2024
ORD005587,CUST0042,2024-05-18,Laptop Stand,Electronics,2,52088.05,0.0,Credit Card,New Delhi,Delhi,33.0,Male,104176.1,2024-05,2024
ORD005697,CUST0614,2025-11-06,Yoga Mat,Sports,3,8406.26,0.05,Credit Card,Nagpur,Maharashtra,30.0,Male,23957.84,2025-11,2025
ORD005009,CUST1170,2024-01-02,Mixer Grinder,Home & Kitchen,4,6454.59,0.1,Debit Card,Mysuru,Karnataka,22.0,Male,23236.52,2024-01,2024
ORD000987,CUST0101,2025-04-07,Jeans,Fashion,3,1340.26,0.05,Credit Card,Warangal,Telangana,34.0,Female,3819.74,2025-04,2025
ORD005441,CUST0864,2025-06-08,Bedsheet,Home & Kitchen,5,857.62,0.2,UPI,Mysuru,Karnataka,38.0,Female,3430.48,2025-06,2025
ORD005157,CUST0339,2024-03-03,Wireless Headphones,Electronics,2,1513.07,0.0,Cash on Delivery,Pune,Maharashtra,18.0,Male,3026.14,2024-03,2024
ORD005308,CUST0011,2025-03-09,Laptop Stand,Electronics,2,56210.15,0.1,Debit Card,Hyderabad,Telangana,30.0,Female,101178.27,2025-03,2025
ORD004050,CUST1163,2025-08-04,Smart Watch,Electronics,2,13243.45,0.15,Cash on Delivery,Mangaluru,Karnataka,38.0,Female,22513.86,2025-08,2025
ORD003486,CUST1191,2025-02-23,Dumbbells,Sports,5,6135.47,0.0,UPI,New Delhi,Delhi,22.0,Female,30677.35,2025-02,2025
ORD002475,CUST0732,2025-07-18,Jacket,Fashion,1,4138.0,0.2,Debit Card,Bengaluru,Karnataka,39.0,Female,3310.4,2025-07,2025
ORD003874,CUST0482,2025-12-20,Mixer Grinder,Home & Kitchen,2,4372.99,0.0,Debit Card,Warangal,Telangana,27.0,Male,8745.98,2025-12,2025
ORD001199,CUST0131,2024-09-16,Jeans,Fashion,1,2999.16,0.0,Cash on Delivery,Nagpur,Maharashtra,37.0,Female,2999.16,2024-09,2024
ORD004182,CUST0809,2024-07-13,Smart Watch,Electronics,2,21920.54,0.0,Net Banking,Nagpur,Maharashtra,38.0,Female,43841.08,2024-07,2024
ORD001519,CUST0302,2025-09-03,Sneakers,Fashion,3,2944.66,0.1,Credit Card,Kochi,Kerala,28.0,Female,7950.58,2025-09,2025
ORD001800,CUST0356,2025-02-15,Jacket,Fashion,1,2037.47,0.15,UPI,Kochi,Kerala,33.0,Male,1731.85,2025-02,2025
ORD001015,CUST0853,2024-09-14,Mixer Grinder,Home & Kitchen,4,12473.5,0.05,Cash on Delivery,Warangal,Telangana,32.0,Female,47399.3,2024-09,2024
ORD000129,CUST0420,2025-09-08,Smart Watch,Electronics,5,23281.28,0.05,Credit Card,Warangal,Telangana,42.0,Female,110586.08,2025-09,2025
ORD001365,CUST0595,2025-04-29,Jacket,Fashion,3,4535.93,0.05,UPI,New Delhi,Delhi,30.0,Female,12927.4,2025-04,2025
ORD005508,CUST0553,2025-11-15,Cookware Set,Home & Kitchen,1,12707.82,0.15,Net Banking,Trichy,Tamil Nadu,27.0,Male,10801.65,2025-11,2025
ORD000892,CUST0727,2024-08-24,Jeans,Fashion,1,5492.98,0.1,Debit Card,Thiruvananthapuram,Kerala,19.0,Male,4943.68,2024-08,2024
ORD002794,CUST0476,2024-12-15,Bluetooth Speaker,Electronics,2,19230.54,0.1,UPI,Warangal,Telangana,32.0,Male,34614.97,2024-12,2024
ORD005034,CUST0036,2025-05-02,Bluetooth Speaker,Electronics,1,68930.91,0.15,UPI,Bengaluru,Karnataka,28.0,Female,58591.27,2025-05,2025
ORD005716,CUST0943,2024-05-02,Business Analytics,Books,4,1127.98,0.15,UPI,New Delhi,Delhi,33.0,Male,3835.13,2024-05,2024
ORD005142,CUST0726,2025-10-18,Yoga Mat,Sports,2,1462.63,0.15,Credit Card,New Delhi,Delhi,37.0,Female,2486.47,2025-10,2025
ORD003250,CUST0337,2025-06-05,Table Lamp,Home & Kitchen,1,7605.68,0.05,UPI,New Delhi,Delhi,22.0,Male,7225.4,2025-06,2025
ORD001209,CUST0605,2024-05-10,Face Wash,Beauty,4,3991.19,0.0,UPI,Warangal,Telangana,21.0,Male,15964.76,2024-05,2024
ORD003869,CUST0218,2025-07-21,Coffee Maker,Home & Kitchen,2,5861.26,0.05,UPI,Coimbatore,Tamil Nadu,29.0,Female,11136.39,2025-07,2025
ORD004066,CUST0405,2025-05-24,Sneakers,Fashion,2,1588.39,0.1,Debit Card,Hyderabad,Telangana,37.0,Male,2859.1,2025-05,2025
ORD005130,CUST0394,2024-08-07,Backpack,Fashion,1,5712.55,0.1,Debit Card,Madurai,Tamil Nadu,44.0,Female,5141.3,2024-08,2024
ORD001240,CUST0975,2025-06-10,Jacket,Fashion,1,3153.22,0.05,Debit Card,Thiruvananthapuram,Kerala,26.0,Male,2995.56,2025-06,2025
ORD002290,CUST0322,2025-03-31,Mixer Grinder,Home & Kitchen,3,3475.33,0.15,UPI,Nagpur,Maharashtra,18.0,Female,8862.09,2025-03,2025
ORD002741,CUST0290,2024-03-15,Yoga Mat,Sports,1,1035.13,0.0,Credit Card,Thiruvananthapuram,Kerala,26.0,Female,1035.13,2024-03,2024
ORD000276,CUST0563,2024-07-09,T-Shirt,Fashion,2,5557.57,0.1,Debit Card,Mangaluru,Karnataka,51.0,Female,10003.63,2024-07,2024
ORD001036,CUST0503,2024-12-09,Jeans,Fashion,5,3995.92,0.0,Debit Card,Bengaluru,Karnataka,18.0,Female,19979.6,2024-12,2024
ORD001230,CUST0247,2024-05-16,Jeans,Fashion,2,2905.33,0.1,UPI,Madurai,Tamil Nadu,32.0,Male,5229.59,2024-05,2024
ORD001009,CUST0994,2024-05-14,Machine Learning Book,Books,1,1230.64,0.1,Credit Card,Nagpur,Maharashtra,28.0,Female,1107.58,2024-05,2024
ORD003829,CUST0192,2024-08-14,Football,Sports,1,8716.11,0.05,Cash on Delivery,Mangaluru,Karnataka,39.0,Other,8280.3,2024-08,2024
ORD002533,CUST0981,2025-10-13,Data Analytics Book,Books,2,2245.92,0.1,Debit Card,Hyderabad,Telangana,28.0,Male,4042.66,2025-10,2025
ORD001059,CUST0978,2025-12-27,Data Analytics Book,Books,4,472.46,0.0,UPI,New Delhi,Delhi,29.0,Male,1889.84,2025-12,2025
ORD005518,CUST0591,2024-01-09,Shampoo,Beauty,3,3753.57,0.15,Debit Card,Chennai,Tamil Nadu,31.0,Female,9571.6,2024-01,2024
ORD000282,CUST0517,2024-04-06,Sunscreen,Beauty,1,564.7,0.05,Debit Card,New Delhi,Delhi,32.0,Male,536.46,2024-04,2024
ORD001044,CUST1068,2024-02-05,Sunscreen,Beauty,2,3096.65,0.15,Debit Card,New Delhi,Delhi,28.0,Female,5264.3,2024-02,2024
ORD001317,CUST0716,2025-04-21,Football,Sports,2,8378.22,0.1,UPI,Warangal,Telangana,29.0,Female,15080.8,2025-04,2025
ORD000969,CUST0517,2025-09-17,Sneakers,Fashion,1,2008.05,0.1,Credit Card,Thiruvananthapuram,Kerala,27.0,Female,1807.24,2025-09,2025
ORD002382,CUST0111,2025-04-26,Power Bank,Electronics,3,48576.71,0.05,Credit Card,New Delhi,Delhi,38.0,Male,138443.62,2025-04,2025
ORD004788,CUST0162,2024-07-11,Mixer Grinder,Home & Kitchen,2,13226.32,0.1,Debit Card,New Delhi,Delhi,50.0,Female,23807.38,2024-07,2024
ORD001940,CUST0302,2025-10-02,Perfume,Beauty,5,2770.5,0.05,UPI,Mumbai,Maharashtra,32.0,Male,13159.88,2025-10,2025
ORD005202,CUST1111,2024-09-13,Python Programming,Books,3,537.88,0.1,UPI,Hyderabad,Telangana,18.0,Female,1452.28,2024-09,2024
ORD001275,CUST0456,2025-07-07,Python Programming,Books,1,661.27,0.2,Cash on Delivery,Pune,Maharashtra,26.0,Female,529.02,2025-07,2025
ORD000620,CUST0994,2024-03-24,Mixer Grinder,Home & Kitchen,1,12221.19,0.05,Debit Card,Kochi,Kerala,36.0,Female,11610.13,2024-03,2024
ORD004355,CUST0372,2025-02-18,Laptop Stand,Electronics,2,45757.18,0.0,UPI,Warangal,Telangana,19.0,Female,91514.36,2025-02,2025
ORD001743,CUST0034,2024-02-06,Machine Learning Book,Books,3,669.63,0.0,Debit Card,Hyderabad,Telangana,25.0,Male,2008.89,2024-02,2024
ORD001391,CUST1126,2025-09-26,T-Shirt,Fashion,2,4110.47,0.15,Credit Card,Coimbatore,Tamil Nadu,36.0,Male,6987.8,2025-09,2025
ORD004881,CUST0156,2025-02-25,T-Shirt,Fashion,2,2288.99,0.0,UPI,Madurai,Tamil Nadu,18.0,Female,4577.98,2025-02,2025
ORD001580,CUST0109,2025-10-18,Bedsheet,Home & Kitchen,3,13732.74,0.1,Cash on Delivery,Hyderabad,Telangana,27.0,Female,37078.4,2025-10,2025
ORD001656,CUST0608,2025-01-29,Yoga Mat,Sports,1,3580.22,0.05,Debit Card,Mumbai,Maharashtra,34.0,Female,3401.21,2025-01,2025
ORD003569,CUST1014,2025-08-08,Data Analytics Book,Books,4,1385.43,0.1,Net Banking,Mumbai,Maharashtra,30.0,Male,4987.55,2025-08,2025
ORD002353,CUST0741,2024-01-28,Sunscreen,Beauty,1,1568.03,0.0,Cash on Delivery,Nagpur,Maharashtra,29.0,Female,1568.03,2024-01,2024
ORD002213,CUST0991,2025-11-23,Sneakers,Fashion,1,5188.55,0.0,Credit Card,Madurai,Tamil Nadu,26.0,Male,5188.55,2025-11,2025
ORD005964,CUST0544,2025-01-06,SQL Guide,Books,1,1500.97,0.15,Credit Card,New Delhi,Delhi,41.0,Female,1275.82,2025-01,2025
ORD003179,CUST0095,2025-08-22,Bedsheet,Home & Kitchen,2,13611.04,0.0,Debit Card,Mysuru,Karnataka,21.0,Female,27222.08,2025-08,2025
ORD003193,CUST0610,2025-11-26,Laptop Stand,Electronics,2,48417.99,0.05,Cash on Delivery,New Delhi,Delhi,33.0,Female,91994.18,2025-11,2025
ORD001308,CUST1043,2024-11-14,Perfume,Beauty,4,1497.15,0.2,UPI,Thiruvananthapuram,Kerala,28.0,Female,4790.88,2024-11,2024
ORD000576,CUST1119,2025-07-08,Bedsheet,Home & Kitchen,1,10984.33,0.1,Credit Card,Warangal,Telangana,28.0,Female,9885.9,2025-07,2025
ORD002361,CUST0038,2024-05-05,Coffee Maker,Home & Kitchen,1,13450.7,0.0,Debit Card,New Delhi,Delhi,40.0,Male,13450.7,2024-05,2024
ORD001281,CUST0641,2024-07-23,Shampoo,Beauty,1,2152.27,0.1,Debit Card,Kochi,Kerala,22.0,Male,1937.04,2024-07,2024
ORD004878,CUST0762,2025-06-15,Sneakers,Fashion,2,3438.27,0.15,Debit Card,New Delhi,Delhi,26.0,Female,5845.06,2025-06,2025
ORD004962,CUST0088,2024-03-24,Power Bank,Electronics,2,70337.32,0.05,Net Banking,Mangaluru,Karnataka,28.0,Female,133640.91,2024-03,2024
ORD001994,CUST0736,2025-09-14,Jacket,Fashion,1,2300.18,0.1,UPI,Coimbatore,Tamil Nadu,36.0,Male,2070.16,2025-09,2025
ORD002640,CUST0694,2025-03-11,Perfume,Beauty,2,950.06,0.1,Credit Card,Hyderabad,Telangana,24.0,Male,1710.11,2025-03,2025
ORD000270,CUST0836,2025-04-19,Sneakers,Fashion,3,5080.63,0.05,Debit Card,Kochi,Kerala,32.0,Male,14479.8,2025-04,2025
ORD000630,CUST1033,2024-06-10,T-Shirt,Fashion,1,5846.13,0.1,Credit Card,Coimbatore,Tamil Nadu,18.0,Female,5261.52,2024-06,2024
ORD004445,CUST1197,2025-11-25,Mixer Grinder,Home & Kitchen,4,2462.43,0.05,Credit Card,Hyderabad,Telangana,35.0,Male,9357.23,2025-11,2025
ORD003082,CUST0971,2025-09-14,Bluetooth Speaker,Electronics,1,12790.36,0.2,UPI,Mysuru,Karnataka,36.0,Male,10232.29,2025-09,2025
ORD003467,CUST0746,2024-06-13,Jacket,Fashion,3,3009.12,0.15,Credit Card,New Delhi,Delhi,31.0,Male,7673.26,2024-06,2024
ORD005234,CUST0709,2024-01-23,Python Programming,Books,1,587.44,0.05,UPI,Thiruvananthapuram,Kerala,36.0,Female,558.07,2024-01,2024
ORD004024,CUST0682,2024-03-07,Running Shoes,Sports,1,773.87,0.15,Credit Card,Kochi,Kerala,30.0,Male,657.79,2024-03,2024
ORD002047,CUST0649,2025-06-22,Laptop Stand,Electronics,2,30555.5,0.05,UPI,Hyderabad,Telangana,41.0,Male,58055.45,2025-06,2025
ORD004711,CUST0514,2025-05-24,Perfume,Beauty,3,3764.77,0.1,UPI,New Delhi,Delhi,29.0,Male,10164.88,2025-05,2025
ORD002114,CUST0271,2025-10-12,Jeans,Fashion,1,4140.3,0.1,Cash on Delivery,Nagpur,Maharashtra,41.0,Female,3726.27,2025-10,2025
ORD000028,CUST0613,2025-03-19,Table Lamp,Home & Kitchen,2,12709.33,0.0,Credit Card,Warangal,Telangana,34.0,Female,25418.66,2025-03,2025
ORD002041,CUST0709,2025-04-06,Cookware Set,Home & Kitchen,2,13862.03,0.05,Credit Card,Trichy,Tamil Nadu,46.0,Male,26337.86,2025-04,2025
ORD003929,CUST0147,2024-04-26,Power Bank,Electronics,2,38156.34,0.0,UPI,New Delhi,Delhi,18.0,Male,76312.68,2024-04,2024
ORD005422,CUST0744,2025-07-19,Sneakers,Fashion,1,4358.11,0.05,Debit Card,Hyderabad,Telangana,22.0,Female,4140.2,2025-07,2025
ORD003217,CUST0611,2024-08-04,Power Bank,Electronics,2,45842.1,0.1,Credit Card,Hyderabad,Telangana,36.0,Male,82515.78,2024-08,2024
ORD003815,CUST1146,2025-10-13,Coffee Maker,Home & Kitchen,3,10180.97,0.05,Debit Card,Kochi,Kerala,35.0,Female,29015.76,2025-10,2025
ORD000130,CUST0021,2025-06-13,Shampoo,Beauty,1,3892.73,0.0,Cash on Delivery,Mysuru,Karnataka,34.0,Male,3892.73,2025-06,2025
ORD004448,CUST0071,2024-08-04,Power Bank,Electronics,2,10827.97,0.05,UPI,Hyderabad,Telangana,28.0,Male,20573.14,2024-08,2024
ORD005889,CUST0254,2025-12-31,Sneakers,Fashion,1,441.29,0.05,UPI,Mangaluru,Karnataka,28.0,Male,419.23,2025-12,2025
ORD000014,CUST0855,2025-07-19,T-Shirt,Fashion,2,2907.59,0.1,Credit Card,Coimbatore,Tamil Nadu,18.0,Female,5233.66,2025-07,2025
ORD005143,CUST0667,2024-04-12,Running Shoes,Sports,1,885.62,0.1,UPI,New Delhi,Delhi,41.0,Female,797.06,2024-04,2024
ORD001526,CUST0885,2025-11-16,Laptop Stand,Electronics,1,10023.85,0.15,Credit Card,Hyderabad,Telangana,27.0,Male,8520.27,2025-11,2025
ORD002366,CUST0343,2025-08-19,Backpack,Fashion,2,2682.97,0.2,UPI,Mangaluru,Karnataka,51.0,Female,4292.75,2025-08,2025
ORD003053,CUST0699,2024-04-10,Jeans,Fashion,3,2280.88,0.0,UPI,New Delhi,Delhi,28.0,Male,6842.64,2024-04,2024
ORD004006,CUST0098,2025-10-22,Bluetooth Speaker,Electronics,2,40681.82,0.0,Debit Card,Pune,Maharashtra,38.0,Female,81363.64,2025-10,2025
ORD002341,CUST0390,2024-04-14,Bluetooth Speaker,Electronics,1,8998.25,0.1,UPI,Mangaluru,Karnataka,19.0,Male,8098.42,2024-04,2024
ORD000375,CUST0582,2025-07-03,Yoga Mat,Sports,2,5583.95,0.0,UPI,Hyderabad,Telangana,22.0,Male,11167.9,2025-07,2025
ORD004373,CUST0934,2024-02-01,T-Shirt,Fashion,1,3469.25,0.15,UPI,Salem,Tamil Nadu,24.0,Male,2948.86,2024-02,2024
ORD005153,CUST0494,2024-05-24,Power Bank,Electronics,4,52648.96,0.05,UPI,Mangaluru,Karnataka,24.0,Female,200066.05,2024-05,2024
ORD000940,CUST1042,2024-08-28,Shampoo,Beauty,5,2811.32,0.1,UPI,Thiruvananthapuram,Kerala,26.0,Male,12650.94,2024-08,2024
ORD005745,CUST1115,2024-11-03,Jeans,Fashion,1,3877.02,0.15,UPI,Mangaluru,Karnataka,30.0,Female,3295.47,2024-11,2024
ORD002148,CUST0934,2024-01-18,Coffee Maker,Home & Kitchen,5,13087.79,0.1,Credit Card,Mangaluru,Karnataka,19.0,Female,58895.06,2024-01,2024
ORD003592,CUST0313,2024-12-02,Wireless Headphones,Electronics,1,47917.64,0.1,Credit Card,Hyderabad,Telangana,37.0,Female,43125.88,2024-12,2024
ORD005444,CUST0798,2025-04-03,Python Programming,Books,2,1959.6,0.0,Credit Card,Hyderabad,Telangana,23.0,Male,3919.2,2025-04,2025
ORD005042,CUST0985,2025-05-14,Perfume,Beauty,2,3503.83,0.15,UPI,Bengaluru,Karnataka,46.0,Female,5956.51,2025-05,2025
ORD003624,CUST0288,2025-10-01,Data Analytics Book,Books,1,760.17,0.2,Credit Card,New Delhi,Delhi,24.0,Female,608.14,2025-10,2025
ORD000530,CUST0912,2024-07-25,Mixer Grinder,Home & Kitchen,1,6995.59,0.05,Net Banking,Mumbai,Maharashtra,27.0,Female,6645.81,2024-07,2024
ORD003715,CUST0175,2025-06-30,Mixer Grinder,Home & Kitchen,2,4521.36,0.15,Net Banking,Warangal,Telangana,18.0,Female,7686.31,2025-06,2025
ORD001270,CUST0385,2024-07-06,Smart Watch,Electronics,1,78235.7,0.15,Credit Card,Kochi,Kerala,18.0,Male,66500.34,2024-07,2024
ORD004282,CUST0830,2025-08-13,Jeans,Fashion,1,2034.51,0.05,UPI,Thiruvananthapuram,Kerala,31.0,Female,1932.78,2025-08,2025
ORD001395,CUST1200,2025-05-24,Bluetooth Speaker,Electronics,2,32491.52,0.1,Credit Card,Mangaluru,Karnataka,20.0,Female,58484.74,2025-05,2025
ORD004010,CUST1023,2024-05-21,Jeans,Fashion,4,4962.84,0.15,Credit Card,Warangal,Telangana,25.0,Female,16873.66,2024-05,2024
ORD001798,CUST0833,2024-05-01,Smart Watch,Electronics,1,2733.61,0.05,UPI,Kochi,Kerala,25.0,Male,2596.93,2024-05,2024
ORD002980,CUST0648,2025-03-04,Backpack,Fashion,2,3743.54,0.05,Credit Card,Thiruvananthapuram,Kerala,35.0,Male,7112.73,2025-03,2025
ORD001442,CUST1193,2025-05-09,Bluetooth Speaker,Electronics,3,16760.94,0.05,Net Banking,Hyderabad,Telangana,34.0,Female,47768.68,2025-05,2025
ORD005297,CUST1171,2024-04-05,Table Lamp,Home & Kitchen,2,3732.76,0.1,UPI,Hyderabad,Telangana,18.0,Male,6718.97,2024-04,2024
ORD005850,CUST0687,2025-04-16,Jacket,Fashion,2,3433.84,0.15,UPI,Mysuru,Karnataka,18.0,Male,5837.53,2025-04,2025
ORD003812,CUST1005,2025-06-04,Wireless Headphones,Electronics,1,66681.93,0.1,Debit Card,Bengaluru,Karnataka,47.0,Female,60013.74,2025-06,2025
ORD001274,CUST0450,2025-01-08,Table Lamp,Home & Kitchen,1,6241.15,0.05,UPI,Trichy,Tamil Nadu,23.0,Female,5929.09,2025-01,2025
ORD001713,CUST0928,2025-04-12,Cookware Set,Home & Kitchen,5,7728.36,0.1,UPI,Nagpur,Maharashtra,40.0,Female,34777.62,2025-04,2025
ORD000956,CUST0310,2025-12-18,Bluetooth Speaker,Electronics,2,78278.94,0.15,UPI,Kochi,Kerala,28.0,Female,133074.2,2025-12,2025
ORD004443,CUST0193,2024-09-24,Table Lamp,Home & Kitchen,2,8110.93,0.1,Cash on Delivery,New Delhi,Delhi,18.0,Female,14599.67,2024-09,2024
ORD004795,CUST0289,2024-10-26,Running Shoes,Sports,3,9385.56,0.05,UPI,Hyderabad,Telangana,35.0,Male,26748.85,2024-10,2024
ORD005377,CUST0114,2025-12-10,Smart Watch,Electronics,2,1372.76,0.15,Net Banking,Hyderabad,Telangana,22.0,Male,2333.69,2025-12,2025
ORD000404,CUST0422,2025-11-13,Wireless Headphones,Electronics,2,16593.4,0.05,Credit Card,Hyderabad,Telangana,27.0,Male,31527.46,2025-11,2025
ORD002072,CUST0059,2025-12-12,Power Bank,Electronics,3,54452.1,0.2,UPI,New Delhi,Delhi,24.0,Male,130685.04,2025-12,2025
ORD005702,CUST0826,2024-08-11,Moisturizer,Beauty,5,3439.08,0.05,UPI,Hyderabad,Telangana,37.0,Male,16335.63,2024-08,2024
ORD001978,CUST0198,2024-10-21,Perfume,Beauty,3,1306.24,0.1,UPI,New Delhi,Delhi,23.0,Female,3526.85,2024-10,2024
ORD000159,CUST0793,2024-09-22,Coffee Maker,Home & Kitchen,1,7787.21,0.05,UPI,Hyderabad,Telangana,53.0,Female,7397.85,2024-09,2024
ORD003889,CUST0075,2024-03-20,T-Shirt,Fashion,5,2179.83,0.0,Net Banking,Nagpur,Maharashtra,32.0,Female,10899.15,2024-03,2024
ORD000903,CUST0649,2025-06-13,Moisturizer,Beauty,1,2944.23,0.15,Credit Card,Thiruvananthapuram,Kerala,18.0,Male,2502.6,2025-06,2025
ORD000353,CUST0530,2024-03-31,Bluetooth Speaker,Electronics,2,75458.61,0.0,UPI,New Delhi,Delhi,48.0,Male,150917.22,2024-03,2024
ORD004131,CUST0656,2024-04-15,Bluetooth Speaker,Electronics,2,35922.03,0.1,Debit Card,Madurai,Tamil Nadu,33.0,Female,64659.65,2024-04,2024
ORD000755,CUST0042,2025-03-02,Perfume,Beauty,2,1337.45,0.1,UPI,Pune,Maharashtra,22.0,Male,2407.41,2025-03,2025
ORD002972,CUST0021,2025-09-03,Bluetooth Speaker,Electronics,2,38078.65,0.15,UPI,Coimbatore,Tamil Nadu,24.0,Female,64733.7,2025-09,2025
ORD005971,CUST0824,2025-02-23,Table Lamp,Home & Kitchen,1,8756.94,0.05,Credit Card,Thiruvananthapuram,Kerala,41.0,Male,8319.09,2025-02,2025
ORD002921,CUST0156,2024-10-18,Python Programming,Books,2,1795.73,0.15,Debit Card,New Delhi,Delhi,28.0,Male,3052.74,2024-10,2024
ORD000312,CUST0858,2025-07-29,Dumbbells,Sports,1,4442.23,0.1,Credit Card,Thiruvananthapuram,Kerala,26.0,Female,3998.01,2025-07,2025
ORD000662,CUST0668,2024-10-21,Shampoo,Beauty,2,3655.31,0.15,UPI,Mangaluru,Karnataka,35.0,Male,6214.03,2024-10,2024
ORD001990,CUST0057,2025-05-25,Yoga Mat,Sports,3,799.82,0.2,UPI,Nagpur,Maharashtra,26.0,Male,1919.57,2025-05,2025
ORD003666,CUST1088,2024-12-29,Yoga Mat,Sports,2,6452.38,0.05,Debit Card,Nagpur,Maharashtra,38.0,Female,12259.52,2024-12,2024
ORD000307,CUST0942,2024-05-18,Jeans,Fashion,1,4030.58,0.0,UPI,Pune,Maharashtra,38.0,Female,4030.58,2024-05,2024
ORD002336,CUST0920,2024-10-28,Cookware Set,Home & Kitchen,1,12031.95,0.0,UPI,Kochi,Kerala,18.0,Male,12031.95,2024-10,2024
ORD002357,CUST0572,2024-06-07,Jacket,Fashion,1,3845.35,0.0,Debit Card,New Delhi,Delhi,47.0,Male,3845.35,2024-06,2024
ORD003703,CUST0989,2024-01-05,Sneakers,Fashion,1,1094.16,0.15,UPI,Pune,Maharashtra,20.0,Male,930.04,2024-01,2024
ORD003805,CUST0868,2024-02-21,Sneakers,Fashion,2,5428.02,0.1,Debit Card,Pune,Maharashtra,18.0,Male,9770.44,2024-02,2024
ORD001928,CUST0179,2024-12-04,Face Wash,Beauty,1,3101.71,0.1,UPI,Pune,Maharashtra,43.0,Male,2791.54,2024-12,2024
ORD003428,CUST1003,2024-12-07,Mixer Grinder,Home & Kitchen,1,3835.18,0.05,Credit Card,Mangaluru,Karnataka,18.0,Female,3643.42,2024-12,2024
ORD000750,CUST0516,2025-04-20,SQL Guide,Books,1,785.69,0.15,UPI,Kochi,Kerala,31.0,Male,667.84,2025-04,2025
ORD003639,CUST0449,2025-06-15,Face Wash,Beauty,1,2654.74,0.15,UPI,Bengaluru,Karnataka,26.0,Female,2256.53,2025-06,2025
ORD005244,CUST0468,2025-10-20,Backpack,Fashion,4,2604.17,0.05,UPI,Pune,Maharashtra,36.0,Female,9895.85,2025-10,2025
ORD001267,CUST0245,2025-11-19,Laptop Stand,Electronics,1,25996.1,0.2,Debit Card,Hyderabad,Telangana,26.0,Male,20796.88,2025-11,2025
ORD005918,CUST1014,2024-11-27,Dumbbells,Sports,1,8661.67,0.15,Debit Card,New Delhi,Delhi,18.0,Female,7362.42,2024-11,2024
ORD005300,CUST0782,2025-12-23,Sneakers,Fashion,2,4497.45,0.1,Credit Card,Kochi,Kerala,31.0,Male,8095.41,2025-12,2025
ORD003596,CUST0959,2024-01-18,Table Lamp,Home & Kitchen,2,1398.54,0.1,Credit Card,Mysuru,Karnataka,40.0,Female,2517.37,2024-01,2024
ORD002135,CUST0566,2024-02-07,Moisturizer,Beauty,1,1246.83,0.0,Credit Card,New Delhi,Delhi,27.0,Female,1246.83,2024-02,2024
ORD004110,CUST0966,2024-01-29,Power Bank,Electronics,2,17309.06,0.15,Credit Card,New Delhi,Delhi,22.0,Female,29425.4,2024-01,2024
ORD000515,CUST0682,2025-08-13,Backpack,Fashion,2,5260.8,0.15,Debit Card,Mangaluru,Karnataka,18.0,Male,8943.36,2025-08,2025
ORD005362,CUST0355,2024-03-23,Table Lamp,Home & Kitchen,1,5780.49,0.05,UPI,New Delhi,Delhi,34.0,Male,5491.47,2024-03,2024
ORD000410,CUST0889,2025-02-23,Power Bank,Electronics,1,44734.76,0.0,UPI,Mumbai,Maharashtra,51.0,Male,44734.76,2025-02,2025
ORD004476,CUST0497,2025-09-13,Jacket,Fashion,3,3664.34,0.15,Net Banking,Thiruvananthapuram,Kerala,34.0,Male,9344.07,2025-09,2025
ORD005976,CUST0767,2025-10-30,Bedsheet,Home & Kitchen,4,4013.93,0.0,Debit Card,Madurai,Tamil Nadu,34.0,Male,16055.72,2025-10,2025
ORD005931,CUST0321,2025-11-26,Cricket Bat,Sports,1,9541.42,0.15,UPI,Chennai,Tamil Nadu,26.0,Female,8110.21,2025-11,2025
ORD005194,CUST0694,2024-05-17,Smart Watch,Electronics,2,40182.19,0.0,Net Banking,Hyderabad,Telangana,41.0,Male,80364.38,2024-05,2024
ORD000208,CUST0596,2025-05-21,Smart Watch,Electronics,3,23943.68,0.15,Debit Card,New Delhi,Delhi,20.0,Male,61056.38,2025-05,2025
ORD000459,CUST0858,2025-06-14,Data Analytics Book,Books,1,2313.75,0.1,UPI,Mysuru,Karnataka,37.0,Female,2082.38,2025-06,2025
ORD002055,CUST0484,2025-02-24,Football,Sports,2,3833.05,0.15,Cash on Delivery,Nagpur,Maharashtra,38.0,Male,6516.18,2025-02,2025
ORD002431,CUST0990,2024-09-12,Data Analytics Book,Books,1,620.8,0.0,UPI,Mysuru,Karnataka,37.0,Female,620.8,2024-09,2024
ORD000251,CUST0558,2025-08-08,Jeans,Fashion,3,2249.36,0.15,UPI,New Delhi,Delhi,32.0,Male,5735.87,2025-08,2025
ORD005120,CUST0990,2024-10-02,Shampoo,Beauty,3,2172.97,0.05,Cash on Delivery,Nagpur,Maharashtra,26.0,Female,6192.96,2024-10,2024
ORD001108,CUST0876,2024-05-24,T-Shirt,Fashion,1,1194.24,0.0,Credit Card,Thiruvananthapuram,Kerala,49.0,Male,1194.24,2024-05,2024
ORD004863,CUST0194,2025-01-31,Sneakers,Fashion,2,5751.19,0.05,UPI,Thiruvananthapuram,Kerala,22.0,Female,10927.26,2025-01,2025
ORD001714,CUST1094,2024-04-22,Power Bank,Electronics,3,7843.67,0.05,Cash on Delivery,Mangaluru,Karnataka,22.0,Male,22354.46,2024-04,2024
ORD003912,CUST0669,2025-10-23,Smart Watch,Electronics,1,53698.36,0.05,Credit Card,Warangal,Telangana,34.0,Female,51013.44,2025-10,2025
ORD000716,CUST0259,2024-05-26,Coffee Maker,Home & Kitchen,2,5487.7,0.05,Net Banking,Coimbatore,Tamil Nadu,38.0,Male,10426.63,2024-05,2024
ORD000553,CUST1154,2024-10-23,Bluetooth Speaker,Electronics,1,23077.74,0.05,UPI,New Delhi,Delhi,39.0,Male,21923.85,2024-10,2024
ORD001440,CUST1037,2024-01-03,Wireless Headphones,Electronics,1,40364.0,0.05,Cash on Delivery,Warangal,Telangana,29.0,Male,38345.8,2024-01,2024
ORD002271,CUST1052,2025-09-25,Cricket Bat,Sports,1,5546.61,0.0,Debit Card,Bengaluru,Karnataka,18.0,Female,5546.61,2025-09,2025
ORD003145,CUST0626,2024-05-08,Sunscreen,Beauty,1,1897.48,0.0,UPI,Hyderabad,Telangana,27.0,Male,1897.48,2024-05,2024
ORD005744,CUST0734,2025-11-03,Football,Sports,2,3707.84,0.05,Cash on Delivery,Hyderabad,Telangana,39.0,Male,7044.9,2025-11,2025
ORD001926,CUST0526,2025-08-02,Laptop Stand,Electronics,3,7490.2,0.1,Debit Card,New Delhi,Delhi,18.0,Female,20223.54,2025-08,2025
ORD000635,CUST0315,2025-12-17,Wireless Headphones,Electronics,4,48130.96,0.15,Cash on Delivery,Mumbai,Maharashtra,24.0,Female,163645.26,2025-12,2025
ORD000317,CUST0366,2024-02-25,Dumbbells,Sports,3,9689.0,0.15,Cash on Delivery,Thiruvananthapuram,Kerala,33.0,Female,24706.95,2024-02,2024
ORD005637,CUST0321,2024-01-09,Bluetooth Speaker,Electronics,4,8525.4,0.15,Cash on Delivery,Salem,Tamil Nadu,22.0,Female,28986.36,2024-01,2024
ORD000428,CUST0698,2024-04-15,Bluetooth Speaker,Electronics,2,32343.82,0.0,Credit Card,New Delhi,Delhi,40.0,Male,64687.64,2024-04,2024
ORD004454,CUST0742,2025-05-15,Cookware Set,Home & Kitchen,2,9855.32,0.0,UPI,Bengaluru,Karnataka,18.0,Male,19710.64,2025-05,2025
ORD000106,CUST0893,2024-04-29,Coffee Maker,Home & Kitchen,2,6171.96,0.05,Credit Card,Warangal,Telangana,20.0,Female,11726.72,2024-04,2024
ORD003042,CUST0484,2025-08-09,Yoga Mat,Sports,1,1938.05,0.0,Debit Card,New Delhi,Delhi,18.0,Female,1938.05,2025-08,2025
ORD004239,CUST0412,2024-05-29,Table Lamp,Home & Kitchen,2,5247.68,0.1,UPI,Mangaluru,Karnataka,26.0,Female,9445.82,2024-05,2024
ORD002170,CUST0937,2024-10-06,Jacket,Fashion,1,5269.92,0.05,Credit Card,Chennai,Tamil Nadu,33.0,Male,5006.42,2024-10,2024
ORD001710,CUST0835,2024-03-11,Dumbbells,Sports,2,9824.77,0.0,Debit Card,Hyderabad,Telangana,50.0,Male,19649.54,2024-03,2024
ORD000090,CUST1177,2025-11-07,Cookware Set,Home & Kitchen,1,4364.23,0.1,UPI,Thiruvananthapuram,Kerala,41.0,Male,3927.81,2025-11,2025
ORD002242,CUST0992,2025-11-25,Backpack,Fashion,1,5597.1,0.0,Cash on Delivery,Warangal,Telangana,30.0,Male,5597.1,2025-11,2025
ORD003175,CUST0801,2024-02-03,Mixer Grinder,Home & Kitchen,2,12248.13,0.05,Debit Card,Hyderabad,Telangana,22.0,Male,23271.45,2024-02,2024
ORD004479,CUST0552,2024-01-04,T-Shirt,Fashion,1,857.77,0.1,UPI,Bengaluru,Karnataka,22.0,Male,771.99,2024-01,2024
ORD001950,CUST0395,2025-09-09,Wireless Headphones,Electronics,1,46714.57,0.0,UPI,Warangal,Telangana,32.0,Female,46714.57,2025-09,2025
ORD004045,CUST0673,2025-01-26,Cookware Set,Home & Kitchen,4,13642.28,0.15,Debit Card,New Delhi,Delhi,28.0,Female,46383.75,2025-01,2025
ORD002849,CUST0380,2025-06-26,T-Shirt,Fashion,2,2602.58,0.05,Debit Card,Mangaluru,Karnataka,30.0,Male,4944.9,2025-06,2025
ORD000002,CUST0806,2024-12-09,Laptop Stand,Electronics,2,35010.05,0.05,Credit Card,Kochi,Kerala,29.0,Male,66519.1,2024-12,2024
ORD004338,CUST0653,2024-11-05,SQL Guide,Books,4,667.99,0.05,Net Banking,Pune,Maharashtra,37.0,Female,2538.36,2024-11,2024
ORD000936,CUST0014,2025-06-01,Sneakers,Fashion,1,5879.57,0.1,Credit Card,Warangal,Telangana,27.0,Male,5291.61,2025-06,2025
ORD005134,CUST1003,2024-07-15,Backpack,Fashion,4,449.53,0.1,Debit Card,Thiruvananthapuram,Kerala,32.0,Female,1618.31,2024-07,2024
ORD002721,CUST0622,2024-10-11,Data Analytics Book,Books,2,894.65,0.15,UPI,Madurai,Tamil Nadu,32.0,Female,1520.9,2024-10,2024
ORD000592,CUST0022,2024-03-20,T-Shirt,Fashion,1,456.64,0.0,Debit Card,Bengaluru,Karnataka,28.0,Other,456.64,2024-03,2024
ORD004909,CUST0746,2024-12-14,Machine Learning Book,Books,2,1232.02,0.05,UPI,Warangal,Telangana,29.0,Female,2340.84,2024-12,2024
ORD002937,CUST0704,2025-06-14,Python Programming,Books,1,2159.57,0.05,UPI,Warangal,Telangana,30.0,Female,2051.59,2025-06,2025
ORD002449,CUST1128,2024-12-06,T-Shirt,Fashion,3,3335.8,0.05,UPI,Pune,Maharashtra,30.0,Male,9507.03,2024-12,2024
ORD001577,CUST0560,2024-07-08,Data Analytics Book,Books,1,2097.82,0.1,UPI,Hyderabad,Telangana,34.0,Female,1888.04,2024-07,2024
ORD005005,CUST1104,2025-06-16,Machine Learning Book,Books,2,1240.45,0.1,Net Banking,Nagpur,Maharashtra,,Female,2232.81,2025-06,2025
ORD000214,CUST0194,2025-05-06,Sneakers,Fashion,2,5392.29,0.0,UPI,Chennai,Tamil Nadu,37.0,Male,10784.58,2025-05,2025
ORD000779,CUST0726,2025-08-05,Power Bank,Electronics,1,14324.21,0.0,Credit Card,Hyderabad,Telangana,44.0,Female,14324.21,2025-08,2025
ORD003497,CUST0267,2024-03-03,Laptop Stand,Electronics,3,12930.98,0.05,Credit Card,Mumbai,Maharashtra,38.0,Female,36853.29,2024-03,2024
ORD004706,CUST0065,2024-11-07,Coffee Maker,Home & Kitchen,2,10134.16,0.1,UPI,Trichy,Tamil Nadu,23.0,Male,18241.49,2024-11,2024
ORD002044,CUST0228,2025-08-04,Coffee Maker,Home & Kitchen,1,990.74,0.15,UPI,Kochi,Kerala,34.0,Female,842.13,2025-08,2025
ORD005439,CUST0516,2024-12-30,Laptop Stand,Electronics,1,71526.89,0.1,Credit Card,Mumbai,Maharashtra,32.0,Male,64374.2,2024-12,2024
ORD001568,CUST1056,2025-03-03,Bedsheet,Home & Kitchen,2,14091.42,0.0,Debit Card,Kochi,Kerala,46.0,Female,28182.84,2025-03,2025
ORD000166,CUST0338,2025-05-07,Laptop Stand,Electronics,2,40347.24,0.05,UPI,Coimbatore,Tamil Nadu,43.0,Male,76659.76,2025-05,2025
ORD003567,CUST0280,2024-05-08,T-Shirt,Fashion,1,4180.19,0.05,UPI,Trichy,Tamil Nadu,30.0,Male,3971.18,2024-05,2024
ORD004591,CUST0689,2024-03-28,Data Analytics Book,Books,3,913.17,0.0,Credit Card,Bengaluru,Karnataka,40.0,Female,2739.51,2024-03,2024
ORD002014,CUST0148,2024-01-01,Laptop Stand,Electronics,2,17944.49,0.1,UPI,Mysuru,Karnataka,29.0,Male,32300.08,2024-01,2024
ORD000274,CUST1071,2025-05-10,Dumbbells,Sports,2,1245.33,0.1,Debit Card,New Delhi,Delhi,43.0,Female,2241.59,2025-05,2025
ORD003861,CUST0424,2025-09-14,Sneakers,Fashion,4,5685.65,0.1,Cash on Delivery,Mumbai,Maharashtra,23.0,Male,20468.34,2025-09,2025
ORD004168,CUST0738,2024-04-12,Bluetooth Speaker,Electronics,1,71784.73,,Cash on Delivery,New Delhi,Delhi,18.0,Male,61017.02,2024-04,2024
ORD004789,CUST0701,2025-03-13,Mixer Grinder,Home & Kitchen,3,3113.79,0.15,Debit Card,Thiruvananthapuram,Kerala,48.0,Male,7940.16,2025-03,2025
ORD003789,CUST0632,2025-01-08,Business Analytics,Books,1,1754.85,0.2,UPI,Coimbatore,Tamil Nadu,40.0,Female,1403.88,2025-01,2025
ORD000395,CUST0260,2024-04-25,T-Shirt,Fashion,3,2180.7,0.1,UPI,New Delhi,Delhi,22.0,Female,5887.89,2024-04,2024
ORD000584,CUST0929,2025-09-26,Cricket Bat,Sports,1,4889.37,0.15,UPI,New Delhi,Delhi,36.0,Female,4155.96,2025-09,2025
ORD005981,CUST0346,2025-11-21,Machine Learning Book,Books,3,620.68,0.15,UPI,Pune,Maharashtra,20.0,Female,1582.73,2025-11,2025
ORD005565,CUST0123,2024-05-22,Jacket,Fashion,2,2405.57,0.05,UPI,Thiruvananthapuram,Kerala,18.0,Female,4570.58,2024-05,2024
ORD005741,CUST0935,2024-02-21,Jeans,Fashion,3,2649.11,0.15,Cash on Delivery,Hyderabad,Telangana,18.0,Male,6755.23,2024-02,2024
ORD000521,CUST0236,2024-09-11,Power Bank,Electronics,1,57486.29,0.2,Net Banking,New Delhi,Delhi,,Male,45989.03,2024-09,2024
ORD001764,CUST1198,2025-09-17,Yoga Mat,Sports,1,2612.67,0.1,UPI,Kochi,Kerala,31.0,Female,2351.4,2025-09,2025
ORD001876,CUST0632,2025-09-22,Power Bank,Electronics,2,26783.87,0.05,Cash on Delivery,New Delhi,Delhi,41.0,Male,50889.35,2025-09,2025
ORD003966,CUST0236,2024-08-18,Laptop Stand,Electronics,2,10916.26,0.0,Debit Card,New Delhi,Delhi,26.0,Male,21832.52,2024-08,2024
ORD003345,CUST0675,2024-06-20,Cookware Set,Home & Kitchen,1,11434.35,0.05,Cash on Delivery,Kochi,Kerala,43.0,Male,10862.63,2024-06,2024
ORD002254,CUST0721,2025-01-28,Laptop Stand,Electronics,3,37736.04,0.1,Debit Card,Pune,Maharashtra,27.0,Male,101887.31,2025-01,2025
ORD003225,CUST0946,2025-03-10,Table Lamp,Home & Kitchen,4,11679.7,0.15,UPI,Thiruvananthapuram,Kerala,29.0,Female,39710.98,2025-03,2025
ORD000527,CUST0948,2025-03-01,Jacket,Fashion,3,5072.97,0.0,Debit Card,Pune,Maharashtra,47.0,Female,15218.91,2025-03,2025
ORD002947,CUST0994,2024-07-27,Wireless Headphones,Electronics,2,72144.24,0.2,UPI,Trichy,Tamil Nadu,39.0,Male,115430.78,2024-07,2024
ORD003900,CUST0059,2024-10-24,Jacket,Fashion,1,4614.02,0.15,Credit Card,Thiruvananthapuram,Kerala,29.0,Male,3921.92,2024-10,2024
ORD000693,CUST0853,2025-01-21,Perfume,Beauty,1,2515.02,0.15,Net Banking,Kochi,Kerala,31.0,Male,2137.77,2025-01,2025
ORD005675,CUST0118,2024-05-17,Smart Watch,Electronics,1,48236.9,0.15,Credit Card,Hyderabad,Telangana,36.0,Female,41001.36,2024-05,2024
ORD003634,CUST0285,2025-10-03,Power Bank,Electronics,2,4804.62,0.1,UPI,Warangal,Telangana,39.0,Female,8648.32,2025-10,2025
ORD001051,CUST0332,2024-12-25,Backpack,Fashion,1,424.49,0.05,Credit Card,Nagpur,Maharashtra,28.0,Female,403.27,2024-12,2024
ORD000591,CUST0999,2024-08-05,Wireless Headphones,Electronics,2,52356.96,0.15,Credit Card,New Delhi,Delhi,18.0,Male,89006.83,2024-08,2024
ORD000520,CUST1138,2024-01-10,Jacket,Fashion,2,4974.59,0.1,Debit Card,Chennai,Tamil Nadu,38.0,Other,8954.26,2024-01,2024
ORD003381,CUST0688,2025-09-21,Jacket,Fashion,5,4954.5,0.0,Credit Card,Trichy,Tamil Nadu,18.0,Female,24772.5,2025-09,2025
ORD003677,CUST0228,2024-01-09,Dumbbells,Sports,1,5013.77,0.05,Cash on Delivery,Mangaluru,Karnataka,35.0,Male,4763.08,2024-01,2024
ORD004938,CUST0206,2025-06-23,T-Shirt,Fashion,2,2695.15,0.05,UPI,New Delhi,Delhi,21.0,Female,5120.78,2025-06,2025
ORD001608,CUST0088,2024-12-25,Laptop Stand,Electronics,3,62158.1,0.1,UPI,Madurai,Tamil Nadu,31.0,Male,167826.87,2024-12,2024
ORD003611,CUST0301,2025-06-28,Backpack,Fashion,4,2864.43,0.05,Debit Card,New Delhi,Delhi,30.0,Male,10884.83,2025-06,2025
ORD005813,CUST0663,2025-09-03,Cookware Set,Home & Kitchen,3,4465.86,0.0,Credit Card,Coimbatore,Tamil Nadu,29.0,Female,13397.58,2025-09,2025
ORD001810,CUST0340,2025-07-15,Perfume,Beauty,1,639.77,0.0,,New Delhi,Delhi,20.0,Male,639.77,2025-07,2025
ORD000792,CUST0408,2025-02-09,Jacket,Fashion,3,671.02,0.0,Credit Card,Pune,Maharashtra,22.0,Male,2013.06,2025-02,2025
ORD000793,CUST0850,2024-10-03,Jacket,Fashion,1,3130.46,0.1,Credit Card,Kochi,Kerala,44.0,Female,2817.41,2024-10,2024
ORD004928,CUST0535,2025-07-20,Jacket,Fashion,2,3193.14,0.15,UPI,Warangal,Telangana,34.0,Male,5428.34,2025-07,2025
ORD001856,CUST0584,2025-07-17,Bluetooth Speaker,Electronics,4,34605.95,0.05,Debit Card,Mangaluru,Karnataka,44.0,Female,131502.61,2025-07,2025
ORD001981,CUST0163,2024-09-26,T-Shirt,Fashion,1,3116.29,0.1,UPI,Chennai,Tamil Nadu,32.0,Female,2804.66,2024-09,2024
ORD003234,CUST0897,2025-09-30,Moisturizer,Beauty,2,2614.86,0.1,Debit Card,Nagpur,Maharashtra,35.0,Male,4706.75,2025-09,2025
ORD003599,CUST0446,2024-03-29,Cricket Bat,Sports,4,9178.12,0.05,Debit Card,New Delhi,Delhi,41.0,Male,34876.86,2024-03,2024
ORD000934,CUST1101,2024-01-04,Table Lamp,Home & Kitchen,2,6990.55,0.15,Credit Card,Thiruvananthapuram,Kerala,18.0,Female,11883.94,2024-01,2024
ORD003964,CUST0930,2024-06-12,Backpack,Fashion,2,3403.98,0.15,UPI,New Delhi,Delhi,48.0,Male,5786.77,2024-06,2024
ORD005573,CUST1198,2024-08-13,Jeans,Fashion,1,2195.76,0.15,UPI,New Delhi,Delhi,36.0,Female,1866.4,2024-08,2024
ORD004180,CUST0038,2025-02-20,Bluetooth Speaker,Electronics,1,20296.02,0.15,Debit Card,Thiruvananthapuram,Kerala,36.0,Male,17251.62,2025-02,2025
ORD004027,CUST0277,2024-11-30,Sunscreen,Beauty,3,546.4,0.15,Debit Card,Kochi,Kerala,26.0,Male,1393.32,2024-11,2024
ORD004117,CUST0266,2025-11-05,Bluetooth Speaker,Electronics,2,14216.0,0.1,Credit Card,New Delhi,Delhi,23.0,Female,25588.8,2025-11,2025
ORD000989,CUST0751,2025-09-26,Business Analytics,Books,2,1520.84,0.05,UPI,Kochi,Kerala,30.0,Female,2889.6,2025-09,2025
ORD004627,CUST0601,2025-06-07,Python Programming,Books,3,1664.89,0.15,UPI,Coimbatore,Tamil Nadu,30.0,Female,4245.47,2025-06,2025
ORD003454,CUST0113,2024-10-10,Perfume,Beauty,2,1589.14,0.2,Credit Card,Thiruvananthapuram,Kerala,20.0,Female,2542.62,2024-10,2024
ORD005478,CUST1133,2024-01-15,Moisturizer,Beauty,2,3199.28,0.1,Credit Card,Hyderabad,Telangana,31.0,Male,5758.7,2024-01,2024
ORD003779,CUST0421,2024-02-12,Sunscreen,Beauty,1,3710.87,0.0,UPI,Mumbai,Maharashtra,24.0,Male,3710.87,2024-02,2024
ORD005350,CUST0199,2024-03-06,Wireless Headphones,Electronics,2,70743.98,0.0,Credit Card,New Delhi,Delhi,38.0,Male,141487.96,2024-03,2024
ORD003094,CUST0013,2025-04-30,Shampoo,Beauty,2,2063.84,0.1,Debit Card,Salem,Tamil Nadu,20.0,Female,3714.91,2025-04,2025
ORD003156,CUST0208,2025-01-18,Yoga Mat,Sports,2,1484.62,0.1,UPI,New Delhi,Delhi,22.0,Female,2672.32,2025-01,2025
ORD003202,CUST1072,2024-03-26,Jeans,Fashion,1,1608.02,0.1,Cash on Delivery,Kochi,Kerala,21.0,Female,1447.22,2024-03,2024
ORD004840,CUST0378,2025-07-24,Cricket Bat,Sports,1,5884.68,0.0,Cash on Delivery,Coimbatore,Tamil Nadu,33.0,Female,5884.68,2025-07,2025
ORD001099,CUST0748,2025-07-23,Wireless Headphones,Electronics,1,812.49,0.1,UPI,Madurai,Tamil Nadu,30.0,Male,731.24,2025-07,2025
ORD004980,CUST1006,2025-03-10,Moisturizer,Beauty,4,3545.79,0.05,UPI,Mumbai,Maharashtra,18.0,Female,13474.0,2025-03,2025
ORD002845,CUST0649,2024-10-11,Laptop Stand,Electronics,5,38535.27,0.0,Net Banking,Warangal,Telangana,38.0,Female,192676.35,2024-10,2024
ORD000887,CUST0777,2025-08-12,Bluetooth Speaker,Electronics,1,4292.1,0.05,Credit Card,Kochi,Kerala,24.0,Female,4077.5,2025-08,2025
ORD005919,CUST0034,2025-03-20,Smart Watch,Electronics,1,60869.11,0.2,UPI,Kochi,Kerala,40.0,Male,48695.29,2025-03,2025
ORD004652,CUST1076,2025-12-25,Shampoo,Beauty,3,1555.79,0.0,Debit Card,Thiruvananthapuram,Kerala,30.0,Male,4667.37,2025-12,2025
ORD000516,CUST0493,2024-11-09,Smart Watch,Electronics,4,49141.78,0.15,Debit Card,Kochi,Kerala,49.0,Male,167082.05,2024-11,2024
ORD005785,CUST0809,2025-05-01,Bluetooth Speaker,Electronics,3,62107.23,0.05,Debit Card,New Delhi,Delhi,40.0,Female,177005.61,2025-05,2025
ORD001454,CUST0859,2024-09-20,Mixer Grinder,Home & Kitchen,3,14263.17,0.05,UPI,Thiruvananthapuram,Kerala,25.0,Male,40650.03,2024-09,2024
ORD003554,CUST0112,2025-10-01,Sunscreen,Beauty,4,2991.84,0.1,UPI,New Delhi,Delhi,35.0,Female,10770.62,2025-10,2025
ORD003610,CUST0266,2025-09-29,Python Programming,Books,4,676.21,0.0,UPI,Salem,Tamil Nadu,25.0,Female,2704.84,2025-09,2025
ORD002507,CUST0178,2024-03-12,Shampoo,Beauty,3,3097.42,0.1,Net Banking,Pune,Maharashtra,34.0,Male,8363.03,2024-03,2024
ORD002995,CUST0500,2024-07-25,Bedsheet,Home & Kitchen,1,5893.35,0.15,Net Banking,Trichy,Tamil Nadu,32.0,Female,5009.35,2024-07,2024
ORD004000,CUST0121,2025-06-08,Jeans,Fashion,1,1994.11,0.0,UPI,Nagpur,Maharashtra,41.0,Male,1994.11,2025-06,2025
ORD005689,CUST0804,2025-02-12,Bluetooth Speaker,Electronics,1,12430.18,0.15,UPI,Thiruvananthapuram,Kerala,29.0,Female,10565.65,2025-02,2025
ORD000907,CUST0458,2024-07-22,Wireless Headphones,Electronics,1,65783.32,0.0,Debit Card,Chennai,Tamil Nadu,38.0,Female,65783.32,2024-07,2024
ORD000029,CUST0269,2025-10-17,Python Programming,Books,3,814.44,0.0,UPI,New Delhi,Delhi,30.0,Male,2443.32,2025-10,2025
ORD002508,CUST0489,2025-10-17,Face Wash,Beauty,1,2043.52,0.1,,Kochi,Kerala,29.0,Female,1839.17,2025-10,2025
ORD002429,CUST1064,2024-04-13,Sneakers,Fashion,2,5044.41,0.1,Net Banking,Thiruvananthapuram,Kerala,41.0,Female,9079.94,2024-04,2024
ORD000763,CUST0717,2025-12-28,Sneakers,Fashion,2,5702.32,0.05,Cash on Delivery,New Delhi,Delhi,29.0,Female,10834.41,2025-12,2025
ORD003748,CUST1178,2025-11-27,T-Shirt,Fashion,1,4636.78,0.1,Debit Card,New Delhi,Delhi,27.0,Male,4173.1,2025-11,2025
ORD000285,CUST0425,2024-03-22,Wireless Headphones,Electronics,1,23566.96,0.1,Net Banking,Hyderabad,Telangana,23.0,Male,21210.26,2024-03,2024
ORD000687,CUST0007,2025-10-14,Power Bank,Electronics,1,78088.97,0.05,Credit Card,New Delhi,Delhi,47.0,Male,74184.52,2025-10,2025
ORD002354,CUST1172,2024-07-21,Bluetooth Speaker,Electronics,1,14474.51,0.0,UPI,Nagpur,Maharashtra,38.0,Female,14474.51,2024-07,2024
ORD004826,CUST0950,2024-10-28,Face Wash,Beauty,4,917.49,0.1,UPI,Kochi,Kerala,41.0,Male,3302.96,2024-10,2024
ORD000022,CUST0798,2024-10-03,Face Wash,Beauty,1,341.18,0.1,UPI,Thiruvananthapuram,Kerala,37.0,Female,307.06,2024-10,2024
ORD002753,CUST0078,2024-09-25,Face Wash,Beauty,3,947.23,0.0,UPI,New Delhi,Delhi,37.0,Female,2841.69,2024-09,2024
ORD000886,CUST0825,2024-12-22,Python Programming,Books,1,757.81,0.0,Credit Card,New Delhi,Delhi,32.0,Male,757.81,2024-12,2024
ORD000918,CUST0215,2025-12-06,Smart Watch,Electronics,2,65924.16,0.1,Net Banking,Mumbai,Maharashtra,30.0,Female,118663.49,2025-12,2025
ORD001041,CUST0177,2025-08-25,Sunscreen,Beauty,4,1984.35,0.05,UPI,Mumbai,Maharashtra,31.0,Female,7540.53,2025-08,2025
ORD001266,CUST0670,2024-08-25,Wireless Headphones,Electronics,1,72544.83,0.15,UPI,Pune,Maharashtra,30.0,Male,61663.11,2024-08,2024
ORD005188,CUST0641,2024-12-31,Power Bank,Electronics,1,29738.71,0.1,Debit Card,Salem,Tamil Nadu,20.0,Male,26764.84,2024-12,2024
ORD000278,CUST0183,2024-04-18,Coffee Maker,Home & Kitchen,3,11149.44,0.05,UPI,Pune,Maharashtra,26.0,Male,31775.9,2024-04,2024
ORD002085,CUST0623,2024-01-30,Coffee Maker,Home & Kitchen,1,6758.13,0.1,Credit Card,Salem,Tamil Nadu,48.0,Male,6082.32,2024-01,2024
ORD001246,CUST0184,2024-05-07,Shampoo,Beauty,4,2319.07,0.15,UPI,Warangal,Telangana,40.0,Male,7884.84,2024-05,2024
ORD002383,CUST0744,2024-06-29,Smart Watch,Electronics,3,65933.26,0.15,UPI,Madurai,Tamil Nadu,28.0,Female,168129.81,2024-06,2024
ORD000572,CUST1154,2024-12-29,Cookware Set,Home & Kitchen,2,12126.48,0.05,UPI,Warangal,Telangana,34.0,Female,23040.31,2024-12,2024
ORD001436,CUST0944,2024-02-16,Machine Learning Book,Books,1,1479.96,0.15,Net Banking,Pune,Maharashtra,41.0,Male,1257.97,2024-02,2024
ORD003903,CUST0953,2025-07-16,Business Analytics,Books,1,2384.7,0.15,Net Banking,Hyderabad,Telangana,44.0,Female,2027.0,2025-07,2025
ORD001248,CUST0563,2024-03-20,Python Programming,Books,1,2217.17,0.0,UPI,Kochi,Kerala,18.0,Female,2217.17,2024-03,2024
ORD003527,CUST0225,2024-11-15,Yoga Mat,Sports,3,6153.22,0.0,UPI,Chennai,Tamil Nadu,35.0,Male,18459.66,2024-11,2024
ORD002515,CUST1155,2024-01-31,Bedsheet,Home & Kitchen,2,1348.71,0.1,Credit Card,New Delhi,Delhi,29.0,Female,2427.68,2024-01,2024
ORD001008,CUST0476,2024-01-17,Running Shoes,Sports,2,4001.9,0.0,Debit Card,Pune,Maharashtra,27.0,Female,8003.8,2024-01,2024
ORD005193,CUST0154,2024-12-11,Mixer Grinder,Home & Kitchen,1,1011.6,0.1,Credit Card,Mangaluru,Karnataka,35.0,Female,910.44,2024-12,2024
ORD002065,CUST0459,2025-12-17,SQL Guide,Books,4,2273.56,0.0,Cash on Delivery,Salem,Tamil Nadu,43.0,Other,9094.24,2025-12,2025
ORD005749,CUST0853,2024-08-04,Wireless Headphones,Electronics,3,11253.42,0.0,UPI,Hyderabad,Telangana,41.0,Male,33760.26,2024-08,2024
ORD001691,CUST0017,2024-09-10,Coffee Maker,Home & Kitchen,1,11310.74,0.1,UPI,Thiruvananthapuram,Kerala,26.0,Female,10179.67,2024-09,2024
ORD005590,CUST0152,2025-05-16,Laptop Stand,Electronics,2,20538.54,0.05,UPI,Warangal,Telangana,33.0,Male,39023.23,2025-05,2025
ORD001986,CUST1085,2024-07-14,Shampoo,Beauty,5,3480.73,0.0,Credit Card,Thiruvananthapuram,Kerala,,Male,17403.65,2024-07,2024
ORD000295,CUST0420,2025-11-10,Bedsheet,Home & Kitchen,1,7788.15,0.0,Credit Card,Kochi,Kerala,26.0,Male,7788.15,2025-11,2025
ORD001548,CUST0507,2024-08-30,Sunscreen,Beauty,2,2147.0,0.0,Cash on Delivery,Thiruvananthapuram,Kerala,41.0,Female,4294.0,2024-08,2024
ORD002013,CUST1049,2025-05-27,Dumbbells,Sports,2,3874.81,0.1,Net Banking,Salem,Tamil Nadu,34.0,Male,6974.66,2025-05,2025
ORD000589,CUST0444,2024-01-09,Power Bank,Electronics,2,44023.37,0.05,UPI,Thiruvananthapuram,Kerala,29.0,Female,83644.4,2024-01,2024
ORD003330,CUST0933,2024-07-13,Face Wash,Beauty,2,896.74,0.1,UPI,New Delhi,Delhi,49.0,Male,1614.13,2024-07,2024
ORD002404,CUST0256,2025-01-01,Shampoo,Beauty,3,1718.36,0.1,Credit Card,Bengaluru,Karnataka,18.0,Male,4639.57,2025-01,2025
ORD002130,CUST0169,2024-06-30,Power Bank,Electronics,1,63137.71,0.1,UPI,Thiruvananthapuram,Kerala,42.0,Male,56823.94,2024-06,2024
ORD003999,CUST0196,2024-11-25,Dumbbells,Sports,1,3791.57,0.2,Net Banking,Trichy,Tamil Nadu,27.0,Male,3033.26,2024-11,2024
ORD005251,CUST0205,2025-08-17,SQL Guide,Books,1,1912.79,0.0,Credit Card,Madurai,Tamil Nadu,34.0,Male,1912.79,2025-08,2025
ORD003742,CUST0470,2024-12-30,Moisturizer,Beauty,1,342.87,0.05,Debit Card,Kochi,Kerala,41.0,Female,325.73,2024-12,2024
ORD003509,CUST0734,2025-11-21,Shampoo,Beauty,2,2845.96,0.15,UPI,Hyderabad,Telangana,30.0,Female,4838.13,2025-11,2025
ORD002720,CUST0963,2024-09-23,T-Shirt,Fashion,2,764.59,0.1,Net Banking,Kochi,Kerala,47.0,Male,1376.26,2024-09,2024
ORD005462,CUST0068,2025-04-23,Table Lamp,Home & Kitchen,4,1918.49,0.1,UPI,Warangal,Telangana,24.0,Female,6906.56,2025-04,2025
ORD005468,CUST0718,2025-12-20,Sneakers,Fashion,4,5019.0,0.1,UPI,Salem,Tamil Nadu,18.0,Female,18068.4,2025-12,2025
ORD000557,CUST1109,2025-01-27,SQL Guide,Books,1,2461.44,0.1,Credit Card,Mumbai,Maharashtra,34.0,Male,2215.3,2025-01,2025
ORD002470,CUST0116,2024-06-11,Cricket Bat,Sports,3,6368.91,0.0,UPI,Kochi,Kerala,38.0,Male,19106.73,2024-06,2024
ORD003739,CUST0752,2025-11-02,Machine Learning Book,Books,3,1156.73,0.0,UPI,Mysuru,Karnataka,45.0,Male,3470.19,2025-11,2025
ORD004287,CUST0071,2025-09-27,Sneakers,Fashion,1,2815.66,0.1,UPI,Bengaluru,Karnataka,53.0,Male,2534.09,2025-09,2025
ORD004933,CUST0750,2024-07-06,T-Shirt,Fashion,3,1687.0,0.0,UPI,Kochi,Kerala,37.0,Female,5061.0,2024-07,2024
ORD001717,CUST0077,2025-09-24,Wireless Headphones,Electronics,1,38831.05,0.05,Credit Card,Bengaluru,Karnataka,26.0,Female,36889.5,2025-09,2025
ORD002605,CUST0156,2025-06-16,Laptop Stand,Electronics,1,24326.77,0.1,Net Banking,Hyderabad,Telangana,28.0,Male,21894.09,2025-06,2025
ORD004944,CUST0649,2024-08-18,Table Lamp,Home & Kitchen,3,9117.56,0.1,Credit Card,Chennai,Tamil Nadu,29.0,Male,24617.41,2024-08,2024
ORD001705,CUST0092,2024-02-14,Backpack,Fashion,4,4337.16,0.2,UPI,Hyderabad,Telangana,36.0,Male,13878.91,2024-02,2024
ORD002140,CUST0177,2025-04-05,Jacket,Fashion,1,4838.7,0.05,UPI,Mangaluru,Karnataka,28.0,Male,4596.76,2025-04,2025
ORD003240,CUST0379,2024-05-08,Power Bank,Electronics,1,43320.27,0.1,Credit Card,Mysuru,Karnataka,33.0,Other,38988.24,2024-05,2024
ORD002384,CUST0580,2024-09-10,Backpack,Fashion,1,5707.61,0.0,Cash on Delivery,New Delhi,Delhi,18.0,Male,5707.61,2024-09,2024
ORD004312,CUST0551,2025-03-14,Bedsheet,Home & Kitchen,3,12011.8,0.1,Debit Card,New Delhi,Delhi,33.0,Female,32431.86,2025-03,2025
ORD001286,CUST0543,2025-03-12,Laptop Stand,Electronics,2,17470.24,0.1,UPI,New Delhi,Delhi,38.0,Male,31446.43,2025-03,2025
ORD005106,CUST0852,2024-02-03,Bedsheet,Home & Kitchen,2,6764.37,0.2,UPI,Trichy,Tamil Nadu,27.0,Male,10822.99,2024-02,2024
ORD005358,CUST0493,2025-06-16,SQL Guide,Books,1,1864.22,0.15,UPI,Madurai,Tamil Nadu,18.0,Female,1584.59,2025-06,2025
ORD003931,CUST0145,2025-03-28,SQL Guide,Books,1,1182.63,0.1,UPI,Trichy,Tamil Nadu,32.0,Male,1064.37,2025-03,2025
ORD004538,CUST0265,2025-10-28,Bedsheet,Home & Kitchen,3,8787.18,0.05,Net Banking,Trichy,Tamil Nadu,18.0,Female,25043.46,2025-10,2025
ORD001592,CUST0363,2024-07-12,Table Lamp,Home & Kitchen,3,10119.94,0.0,Credit Card,Mumbai,Maharashtra,27.0,Female,30359.82,2024-07,2024
ORD005311,CUST0187,2025-02-23,Football,Sports,1,9834.78,0.15,UPI,Hyderabad,Telangana,49.0,Male,8359.56,2025-02,2025
ORD002163,CUST1041,2024-03-20,Bluetooth Speaker,Electronics,2,15032.77,0.1,Debit Card,Warangal,Telangana,29.0,Female,27058.99,2024-03,2024
ORD002397,CUST0374,2025-08-22,Face Wash,Beauty,1,1659.09,0.0,Credit Card,Pune,Maharashtra,43.0,Other,1659.09,2025-08,2025
ORD000318,CUST0480,2024-03-31,Shampoo,Beauty,1,1791.97,0.0,UPI,Kochi,Kerala,27.0,Male,1791.97,2024-03,2024
ORD005384,CUST0845,2024-12-07,Smart Watch,Electronics,1,38535.0,0.15,Debit Card,Madurai,Tamil Nadu,37.0,Male,32754.75,2024-12,2024
ORD003112,CUST0582,2024-03-09,Cookware Set,Home & Kitchen,2,14314.52,0.0,Debit Card,Pune,Maharashtra,18.0,Male,28629.04,2024-03,2024
ORD004037,CUST0200,2024-12-10,Bluetooth Speaker,Electronics,1,54336.29,0.15,Credit Card,Hyderabad,Telangana,26.0,Female,46185.85,2024-12,2024
ORD000796,CUST0382,2024-12-28,Smart Watch,Electronics,2,61944.92,0.15,UPI,Warangal,Telangana,39.0,Male,105306.36,2024-12,2024
ORD003021,CUST0955,2024-04-05,Smart Watch,Electronics,1,70324.94,0.0,Cash on Delivery,Bengaluru,Karnataka,35.0,Female,70324.94,2024-04,2024
ORD001712,CUST0019,2025-05-05,Smart Watch,Electronics,1,18308.42,0.05,UPI,Coimbatore,Tamil Nadu,21.0,Female,17393.0,2025-05,2025
ORD003388,CUST0243,2025-04-14,Perfume,Beauty,1,2178.64,0.05,Credit Card,Madurai,Tamil Nadu,37.0,Female,2069.71,2025-04,2025
ORD000037,CUST0663,2024-04-05,Machine Learning Book,Books,1,1452.24,0.05,Credit Card,Hyderabad,Telangana,41.0,Male,1379.63,2024-04,2024
ORD000914,CUST0618,2025-05-31,Business Analytics,Books,3,1056.64,0.0,Net Banking,New Delhi,Delhi,39.0,Male,3169.92,2025-05,2025
ORD003973,CUST0038,2025-09-27,Wireless Headphones,Electronics,1,24579.48,0.15,Credit Card,Nagpur,Maharashtra,29.0,Male,20892.56,2025-09,2025
ORD004134,CUST0417,2024-08-15,Data Analytics Book,Books,5,2058.61,0.0,Credit Card,Mysuru,Karnataka,41.0,Female,10293.05,2024-08,2024
ORD000975,CUST0256,2025-05-20,Shampoo,Beauty,2,1948.74,0.1,Debit Card,New Delhi,Delhi,23.0,Female,3507.73,2025-05,2025
ORD000984,CUST0840,2025-07-01,Smart Watch,Electronics,2,17253.74,0.1,Cash on Delivery,Chennai,Tamil Nadu,25.0,Female,31056.73,2025-07,2025
ORD005210,CUST0621,2024-03-26,Laptop Stand,Electronics,4,36051.79,0.05,Cash on Delivery,Mangaluru,Karnataka,33.0,Male,136996.8,2024-03,2024
ORD001419,CUST1062,2024-07-11,Moisturizer,Beauty,4,1743.92,0.05,Cash on Delivery,Warangal,Telangana,43.0,Female,6626.9,2024-07,2024
ORD001561,CUST0534,2024-01-31,Backpack,Fashion,1,2456.85,0.1,UPI,Nagpur,Maharashtra,45.0,Female,2211.16,2024-01,2024
ORD004136,CUST0831,2024-01-22,Laptop Stand,Electronics,1,78244.9,0.0,Credit Card,Madurai,Tamil Nadu,26.0,Female,78244.9,2024-01,2024
ORD004266,CUST1095,2025-03-09,Yoga Mat,Sports,2,9312.93,0.1,Cash on Delivery,New Delhi,Delhi,31.0,Female,16763.27,2025-03,2025
ORD001356,CUST0252,2025-06-23,Wireless Headphones,Electronics,1,61391.42,0.05,Cash on Delivery,Mysuru,Karnataka,20.0,Male,58321.85,2025-06,2025
ORD005692,CUST0296,2025-12-20,Running Shoes,Sports,1,1427.01,0.05,Credit Card,Salem,Tamil Nadu,23.0,Male,1355.66,2025-12,2025
ORD000988,CUST0144,2025-03-16,Mixer Grinder,Home & Kitchen,3,14892.55,0.1,Net Banking,New Delhi,Delhi,32.0,Female,40209.88,2025-03,2025
ORD002683,CUST0502,2025-04-16,Business Analytics,Books,2,1736.37,0.05,UPI,Mumbai,Maharashtra,32.0,Female,3299.1,2025-04,2025
ORD001641,CUST0517,2025-07-25,Table Lamp,Home & Kitchen,1,9790.63,0.15,UPI,Coimbatore,Tamil Nadu,37.0,Male,8322.04,2025-07,2025
ORD001291,CUST0922,2025-01-05,T-Shirt,Fashion,1,5087.62,0.1,Debit Card,Kochi,Kerala,27.0,Male,4578.86,2025-01,2025
ORD003682,CUST0557,2024-10-10,T-Shirt,Fashion,2,3807.27,0.2,UPI,Pune,Maharashtra,45.0,Female,6091.63,2024-10,2024
ORD001381,CUST0142,2025-10-26,Jacket,Fashion,1,5732.17,0.2,Debit Card,Pune,Maharashtra,21.0,Male,4585.74,2025-10,2025
ORD001934,CUST0614,2025-09-11,Dumbbells,Sports,1,5702.85,0.1,Cash on Delivery,Thiruvananthapuram,Kerala,27.0,Female,5132.57,2025-09,2025
ORD005046,CUST0459,2025-06-15,Machine Learning Book,Books,3,897.41,0.05,UPI,Nagpur,Maharashtra,23.0,Female,2557.62,2025-06,2025
ORD003161,CUST0413,2025-03-02,Bedsheet,Home & Kitchen,2,9546.54,0.1,UPI,Madurai,Tamil Nadu,28.0,Male,17183.77,2025-03,2025
ORD002031,CUST0080,2024-06-05,Laptop Stand,Electronics,2,68655.7,0.1,Cash on Delivery,New Delhi,Delhi,50.0,Female,123580.26,2024-06,2024
ORD000893,CUST1085,2025-09-21,Jeans,Fashion,2,2663.63,0.05,Net Banking,Hyderabad,Telangana,25.0,Female,5060.9,2025-09,2025
ORD004070,CUST0477,2025-11-02,Backpack,Fashion,2,3598.08,0.1,UPI,Salem,Tamil Nadu,48.0,Male,6476.54,2025-11,2025
ORD004256,CUST0416,2025-03-09,Jacket,Fashion,4,4572.78,0.0,UPI,Kochi,Kerala,38.0,Male,18291.12,2025-03,2025
ORD000003,CUST0700,2025-11-12,Sneakers,Fashion,2,2922.8,0.0,Net Banking,Hyderabad,Telangana,30.0,Female,5845.6,2025-11,2025
ORD002110,CUST1099,2024-06-05,Business Analytics,Books,1,1268.1,0.1,Net Banking,Bengaluru,Karnataka,29.0,Female,1141.29,2024-06,2024
ORD000850,CUST1051,2024-10-30,Cookware Set,Home & Kitchen,1,2968.9,0.1,Credit Card,Mysuru,Karnataka,34.0,Female,2672.01,2024-10,2024
ORD002738,CUST0030,2024-05-10,Face Wash,Beauty,3,1940.5,0.15,UPI,New Delhi,Delhi,30.0,Male,4948.27,2024-05,2024
ORD002467,CUST0833,2025-08-17,Moisturizer,Beauty,5,1700.12,0.05,Cash on Delivery,Bengaluru,Karnataka,42.0,Female,8075.57,2025-08,2025
ORD001915,CUST0306,2025-07-30,Coffee Maker,Home & Kitchen,2,14721.84,0.1,Cash on Delivery,Warangal,Telangana,22.0,Male,26499.31,2025-07,2025
ORD001597,CUST0126,2024-01-30,Bedsheet,Home & Kitchen,2,3972.86,0.05,UPI,Hyderabad,Telangana,33.0,Male,7548.43,2024-01,2024
ORD001914,CUST0064,2025-08-05,Jeans,Fashion,4,4099.11,0.1,Cash on Delivery,Trichy,Tamil Nadu,35.0,Female,14756.8,2025-08,2025
ORD005653,CUST0027,2024-12-22,Smart Watch,Electronics,2,68014.17,0.0,Cash on Delivery,Hyderabad,Telangana,39.0,Female,136028.34,2024-12,2024
ORD002737,CUST0433,2024-11-21,Wireless Headphones,Electronics,2,25996.47,0.1,Credit Card,Warangal,Telangana,29.0,Female,46793.65,2024-11,2024
ORD000727,CUST0155,2024-02-13,Wireless Headphones,Electronics,2,20876.71,0.2,Cash on Delivery,Coimbatore,Tamil Nadu,29.0,Male,33402.74,2024-02,2024
ORD000054,CUST0447,2025-03-10,Face Wash,Beauty,4,1367.35,0.1,Debit Card,New Delhi,Delhi,37.0,Male,4922.46,2025-03,2025
ORD001797,CUST1096,2024-05-03,Laptop Stand,Electronics,4,39851.59,0.05,Cash on Delivery,New Delhi,Delhi,25.0,Female,151436.04,2024-05,2024
ORD003846,CUST0564,2025-10-14,T-Shirt,Fashion,2,4251.82,0.15,UPI,Madurai,Tamil Nadu,33.0,Male,7228.09,2025-10,2025
ORD002554,CUST0111,2024-11-14,Jeans,Fashion,1,4421.12,0.0,Net Banking,Chennai,Tamil Nadu,42.0,Female,4421.12,2024-11,2024
ORD002801,CUST0796,2025-01-14,Yoga Mat,Sports,4,9850.06,0.05,Cash on Delivery,New Delhi,Delhi,20.0,Female,37430.23,2025-01,2025
ORD000937,CUST0271,2024-01-24,Face Wash,Beauty,1,2075.53,0.2,Net Banking,Mangaluru,Karnataka,33.0,Male,1660.42,2024-01,2024
ORD004942,CUST0971,2025-01-27,Jacket,Fashion,2,3007.22,0.2,Credit Card,Hyderabad,Telangana,35.0,Female,4811.55,2025-01,2025
ORD000825,CUST0558,2025-05-22,Sunscreen,Beauty,1,619.13,0.15,Credit Card,Mumbai,Maharashtra,40.0,Female,526.26,2025-05,2025
ORD004322,CUST0105,2024-02-29,Power Bank,Electronics,3,77682.05,0.2,Debit Card,New Delhi,Delhi,43.0,Female,186436.92,2024-02,2024
ORD003402,CUST0196,2024-10-26,Bedsheet,Home & Kitchen,1,9569.37,0.0,UPI,New Delhi,Delhi,25.0,Female,9569.37,2024-10,2024
ORD001390,CUST1066,2024-08-26,Moisturizer,Beauty,4,404.76,0.15,Credit Card,Mumbai,Maharashtra,39.0,Female,1376.18,2024-08,2024
ORD003565,CUST1195,2025-04-10,Backpack,Fashion,1,686.57,0.15,UPI,Trichy,Tamil Nadu,35.0,Other,583.58,2025-04,2025
ORD000885,CUST0994,2024-10-30,Cookware Set,Home & Kitchen,1,7179.93,0.15,UPI,Bengaluru,Karnataka,36.0,Female,6102.94,2024-10,2024
ORD001869,CUST0401,2025-03-30,Power Bank,Electronics,4,5554.88,0.05,Credit Card,Pune,Maharashtra,22.0,Female,21108.54,2025-03,2025
ORD000011,CUST0682,2025-07-31,Yoga Mat,Sports,4,3581.28,0.0,UPI,Thiruvananthapuram,Kerala,18.0,Male,14325.12,2025-07,2025
ORD003416,CUST0092,2025-05-21,Bluetooth Speaker,Electronics,4,71437.17,0.1,UPI,New Delhi,Delhi,22.0,Female,257173.81,2025-05,2025
ORD001464,CUST0233,2025-01-09,Bedsheet,Home & Kitchen,2,3064.52,0.1,UPI,Bengaluru,Karnataka,30.0,Male,5516.14,2025-01,2025
ORD000807,CUST0210,2025-06-18,Football,Sports,1,5247.2,0.1,UPI,Mysuru,Karnataka,57.0,Male,4722.48,2025-06,2025
ORD004716,CUST0292,2025-09-24,Sneakers,Fashion,3,5362.34,0.0,Debit Card,Mumbai,Maharashtra,25.0,Female,16087.02,2025-09,2025
ORD004069,CUST0187,2025-10-18,Power Bank,Electronics,2,76356.07,0.2,Cash on Delivery,Nagpur,Maharashtra,24.0,Female,122169.71,2025-10,2025
ORD002109,CUST0936,2025-07-26,Bluetooth Speaker,Electronics,2,37624.44,0.1,Credit Card,Hyderabad,Telangana,19.0,Male,67723.99,2025-07,2025
ORD005063,CUST0144,2024-04-25,Laptop Stand,Electronics,2,59765.52,0.2,Debit Card,Warangal,Telangana,38.0,Female,95624.83,2024-04,2024
ORD005947,CUST0189,2025-08-13,Running Shoes,Sports,1,3139.23,0.0,UPI,New Delhi,Delhi,24.0,Male,3139.23,2025-08,2025
ORD002235,CUST0707,2024-05-15,Bedsheet,Home & Kitchen,1,3823.97,0.0,Credit Card,Hyderabad,Telangana,34.0,Female,3823.97,2024-05,2024
ORD000964,CUST0099,2025-07-12,Power Bank,Electronics,1,68523.02,0.1,Credit Card,Warangal,Telangana,25.0,Female,61670.72,2025-07,2025
ORD004495,CUST0494,2024-06-15,Data Analytics Book,Books,1,627.78,0.05,Net Banking,Bengaluru,Karnataka,18.0,Male,596.39,2024-06,2024
ORD002633,CUST0992,2024-09-24,Running Shoes,Sports,2,4635.01,0.05,Credit Card,Mumbai,Maharashtra,31.0,Male,8806.52,2024-09,2024
ORD000705,CUST0980,2025-09-19,Coffee Maker,Home & Kitchen,1,10941.47,0.1,Debit Card,Mysuru,Karnataka,51.0,Female,9847.32,2025-09,2025
ORD000432,CUST0078,2024-06-14,Jacket,Fashion,3,4946.9,0.2,UPI,New Delhi,Delhi,18.0,Female,11872.56,2024-06,2024
ORD004389,CUST0610,2025-02-20,Table Lamp,Home & Kitchen,1,13486.97,0.05,UPI,New Delhi,Delhi,40.0,Male,12812.62,2025-02,2025
ORD000146,CUST0298,2025-03-20,Business Analytics,Books,2,347.68,0.1,Net Banking,Warangal,Telangana,31.0,Female,625.82,2025-03,2025
ORD002034,CUST1000,2024-11-18,Laptop Stand,Electronics,3,39777.27,0.05,,Coimbatore,Tamil Nadu,34.0,Female,113365.22,2024-11,2024
ORD005031,CUST0270,2025-07-29,T-Shirt,Fashion,2,3602.82,0.05,UPI,New Delhi,Delhi,41.0,Female,6845.36,2025-07,2025
ORD001166,CUST1067,2024-01-27,Wireless Headphones,Electronics,2,66252.06,0.1,Cash on Delivery,Warangal,Telangana,28.0,Other,119253.71,2024-01,2024
ORD003501,CUST0996,2025-03-16,Mixer Grinder,Home & Kitchen,1,5392.21,0.05,Credit Card,Kochi,Kerala,23.0,Male,5122.6,2025-03,2025
ORD002051,CUST0224,2025-03-20,Bedsheet,Home & Kitchen,3,9795.75,0.05,UPI,New Delhi,Delhi,18.0,Male,27917.89,2025-03,2025
ORD003761,CUST1197,2024-01-04,Jeans,Fashion,2,1242.78,0.0,UPI,Pune,Maharashtra,33.0,Male,2485.56,2024-01,2024
ORD002625,CUST0675,2025-12-15,Wireless Headphones,Electronics,1,36823.24,0.2,UPI,Madurai,Tamil Nadu,35.0,Male,29458.59,2025-12,2025
ORD004485,CUST0900,2025-11-30,T-Shirt,Fashion,3,468.46,0.05,UPI,New Delhi,Delhi,18.0,Male,1335.11,2025-11,2025
ORD004436,CUST0017,2024-06-16,Mixer Grinder,Home & Kitchen,2,10056.61,0.05,Credit Card,Pune,Maharashtra,21.0,Female,19107.56,2024-06,2024
ORD004779,CUST0427,2025-12-17,Business Analytics,Books,2,2305.27,0.1,Debit Card,New Delhi,Delhi,35.0,Male,4149.49,2025-12,2025
ORD004649,CUST0703,2024-07-05,Bedsheet,Home & Kitchen,1,11688.95,0.15,UPI,Pune,Maharashtra,37.0,Female,9935.61,2024-07,2024
ORD004362,CUST0690,2024-07-23,Shampoo,Beauty,5,775.44,0.1,Debit Card,Kochi,Kerala,45.0,Male,3489.48,2024-07,2024
ORD002425,CUST0367,2024-05-17,Football,Sports,2,1614.25,0.05,UPI,Mangaluru,Karnataka,33.0,Female,3067.08,2024-05,2024
ORD001263,CUST0666,2025-06-04,Coffee Maker,Home & Kitchen,1,509.27,0.05,Credit Card,Mangaluru,Karnataka,18.0,Male,483.81,2025-06,2025
ORD001772,CUST0854,2025-10-13,Power Bank,Electronics,2,66453.55,0.05,Cash on Delivery,Mumbai,Maharashtra,28.0,Female,126261.74,2025-10,2025
ORD003512,CUST0899,2024-07-11,Smart Watch,Electronics,4,16577.75,0.2,Debit Card,Kochi,Kerala,35.0,Female,53048.8,2024-07,2024
ORD000272,CUST0700,2025-05-23,Table Lamp,Home & Kitchen,1,646.31,0.05,Cash on Delivery,Madurai,Tamil Nadu,30.0,Male,613.99,2025-05,2025
ORD000245,CUST0428,2024-05-16,Mixer Grinder,Home & Kitchen,2,2182.33,0.0,Credit Card,Mumbai,Maharashtra,18.0,Female,4364.66,2024-05,2024
ORD005821,CUST0265,2025-08-21,Wireless Headphones,Electronics,1,35110.35,0.2,Credit Card,Mangaluru,Karnataka,42.0,Female,28088.28,2025-08,2025
ORD004573,CUST0462,2024-08-25,Sunscreen,Beauty,1,3360.84,0.1,Credit Card,Coimbatore,Tamil Nadu,38.0,Female,3024.76,2024-08,2024
ORD002033,CUST0883,2024-08-18,Football,Sports,1,1428.59,0.1,Credit Card,Chennai,Tamil Nadu,24.0,Male,1285.73,2024-08,2024
ORD004741,CUST0236,2025-01-10,Dumbbells,Sports,1,3682.41,0.1,UPI,New Delhi,Delhi,43.0,Male,3314.17,2025-01,2025
ORD000814,CUST1139,2025-10-03,Wireless Headphones,Electronics,1,8801.44,0.1,UPI,Warangal,Telangana,29.0,Male,7921.3,2025-10,2025
ORD003811,CUST0554,2025-07-20,Perfume,Beauty,1,2658.56,0.0,Net Banking,Nagpur,Maharashtra,33.0,Male,2658.56,2025-07,2025
ORD004869,CUST0051,2025-10-16,Bluetooth Speaker,Electronics,1,51437.52,0.05,Cash on Delivery,Trichy,Tamil Nadu,35.0,Male,48865.64,2025-10,2025
ORD001805,CUST1167,2025-11-14,Perfume,Beauty,3,1053.66,0.05,Cash on Delivery,Kochi,Kerala,34.0,Female,3002.93,2025-11,2025
ORD004347,CUST1020,2025-03-08,Sneakers,Fashion,1,2830.79,0.2,Debit Card,Warangal,Telangana,30.0,Female,2264.63,2025-03,2025
ORD002462,CUST0608,2024-01-16,Sunscreen,Beauty,4,1446.56,0.0,Debit Card,Pune,Maharashtra,34.0,Male,5786.24,2024-01,2024
ORD000546,CUST1107,2025-12-02,Mixer Grinder,Home & Kitchen,1,13230.69,0.05,Net Banking,Kochi,Kerala,40.0,Female,12569.16,2025-12,2025
ORD003242,CUST0347,2024-11-02,Laptop Stand,Electronics,3,75448.32,0.05,Credit Card,New Delhi,Delhi,39.0,Male,215027.71,2024-11,2024
ORD000739,CUST1020,2025-12-09,T-Shirt,Fashion,1,5464.53,0.2,Net Banking,Nagpur,Maharashtra,48.0,Male,4371.62,2025-12,2025
ORD000311,CUST0485,2025-05-14,Laptop Stand,Electronics,3,72731.7,0.15,Credit Card,Kochi,Kerala,27.0,Female,185465.83,2025-05,2025
ORD003522,CUST0640,2024-06-11,Yoga Mat,Sports,1,8589.03,0.05,Debit Card,Mumbai,Maharashtra,40.0,Male,8159.58,2024-06,2024
ORD001132,CUST0846,2024-11-19,Table Lamp,Home & Kitchen,1,1268.11,0.15,Cash on Delivery,Madurai,Tamil Nadu,39.0,Other,1077.89,2024-11,2024
ORD005907,CUST0658,2024-09-27,Moisturizer,Beauty,1,2863.18,0.0,UPI,Kochi,Kerala,26.0,Female,2863.18,2024-09,2024
ORD004112,CUST0130,2025-04-29,Bedsheet,Home & Kitchen,2,4305.26,0.05,Credit Card,Mangaluru,Karnataka,19.0,Female,8179.99,2025-04,2025
ORD002770,CUST1094,2025-02-23,Smart Watch,Electronics,4,53251.27,0.05,Net Banking,Madurai,Tamil Nadu,32.0,Female,202354.83,2025-02,2025
ORD000921,CUST0992,2025-08-18,T-Shirt,Fashion,1,5707.89,0.05,Cash on Delivery,New Delhi,Delhi,29.0,Male,5422.5,2025-08,2025
ORD003588,CUST0655,2024-02-02,Jacket,Fashion,2,1233.17,0.05,Cash on Delivery,Salem,Tamil Nadu,47.0,Male,2343.02,2024-02,2024
ORD003960,CUST0568,2024-01-25,Bedsheet,Home & Kitchen,1,8832.39,0.05,UPI,New Delhi,Delhi,31.0,Male,8390.77,2024-01,2024
ORD000039,CUST0144,2025-05-20,Sneakers,Fashion,3,1035.4,,Net Banking,Hyderabad,Telangana,18.0,Female,2484.96,2025-05,2025
ORD004460,CUST0173,2025-03-21,Sunscreen,Beauty,1,1294.87,0.15,Cash on Delivery,Warangal,Telangana,32.0,Female,1100.64,2025-03,2025
ORD004279,CUST0864,2024-11-19,Jeans,Fashion,1,5409.66,0.1,UPI,Pune,Maharashtra,23.0,Male,4868.69,2024-11,2024
ORD002984,CUST1114,2025-06-11,Laptop Stand,Electronics,2,58787.72,0.1,Credit Card,Chennai,Tamil Nadu,53.0,Male,105817.9,2025-06,2025
ORD005986,CUST0988,2025-01-28,Smart Watch,Electronics,1,38550.56,0.1,Credit Card,New Delhi,Delhi,43.0,Female,34695.5,2025-01,2025
ORD002668,CUST1193,2024-03-16,Perfume,Beauty,1,2730.26,0.1,UPI,Hyderabad,Telangana,25.0,Male,2457.23,2024-03,2024
ORD003224,CUST0092,2025-12-14,Sneakers,Fashion,1,4664.93,0.1,Credit Card,Pune,Maharashtra,31.0,Female,4198.44,2025-12,2025
ORD001183,CUST0216,2024-08-02,SQL Guide,Books,1,1142.36,0.1,Net Banking,New Delhi,Delhi,45.0,Female,1028.12,2024-08,2024
ORD000615,CUST0808,2025-02-04,Coffee Maker,Home & Kitchen,1,8284.46,0.2,UPI,Warangal,Telangana,31.0,Male,6627.57,2025-02,2025
ORD005890,CUST0657,2025-12-28,Backpack,Fashion,2,639.03,0.0,UPI,New Delhi,Delhi,29.0,Female,1278.06,2025-12,2025
ORD001467,CUST0136,2025-06-07,Backpack,Fashion,1,2012.44,0.05,UPI,Bengaluru,Karnataka,38.0,Female,1911.82,2025-06,2025
ORD004498,CUST0444,2024-10-20,Sneakers,Fashion,2,1716.52,0.2,Debit Card,Trichy,Tamil Nadu,18.0,Female,2746.43,2024-10,2024
ORD003043,CUST0051,2024-12-03,Python Programming,Books,3,1023.37,0.15,UPI,Hyderabad,Telangana,18.0,Male,2609.59,2024-12,2024
ORD000935,CUST0183,2025-01-23,Bedsheet,Home & Kitchen,4,12366.84,0.2,UPI,Kochi,Kerala,35.0,Female,39573.89,2025-01,2025
ORD002420,CUST0377,2024-04-24,Laptop Stand,Electronics,2,68094.88,0.2,Debit Card,New Delhi,Delhi,21.0,Other,108951.81,2024-04,2024
ORD005412,CUST1073,2025-06-14,Football,Sports,1,715.54,0.05,UPI,Thiruvananthapuram,Kerala,24.0,Female,679.76,2025-06,2025
ORD004857,CUST1178,2025-07-14,Sneakers,Fashion,3,4836.19,0.15,Credit Card,Trichy,Tamil Nadu,33.0,Male,12332.28,2025-07,2025
ORD000827,CUST0742,2025-01-10,Wireless Headphones,Electronics,3,24417.03,0.1,Credit Card,Warangal,Telangana,27.0,Male,65925.98,2025-01,2025
ORD001522,CUST0330,2024-05-31,Sneakers,Fashion,1,4305.21,0.0,UPI,Mumbai,Maharashtra,33.0,Female,4305.21,2024-05,2024
ORD002931,CUST0591,2024-09-09,Jeans,Fashion,3,2513.21,0.0,Credit Card,Warangal,Telangana,21.0,Male,7539.63,2024-09,2024
ORD004233,CUST0835,2025-11-15,Dumbbells,Sports,3,5102.5,0.0,UPI,Hyderabad,Telangana,41.0,Female,15307.5,2025-11,2025
ORD000629,CUST0393,2025-08-19,Bluetooth Speaker,Electronics,1,913.12,0.05,Cash on Delivery,Salem,Tamil Nadu,35.0,Male,867.46,2025-08,2025
ORD004431,CUST0858,2024-09-13,T-Shirt,Fashion,1,1341.66,0.15,Cash on Delivery,Kochi,Kerala,26.0,Female,1140.41,2024-09,2024
ORD003854,CUST1128,2024-08-27,T-Shirt,Fashion,2,1959.68,0.15,UPI,New Delhi,Delhi,36.0,Male,3331.46,2024-08,2024
ORD000391,CUST0052,2024-03-26,Table Lamp,Home & Kitchen,2,4592.81,0.05,UPI,New Delhi,Delhi,24.0,Female,8726.34,2024-03,2024
ORD004346,CUST0293,2025-07-06,Bluetooth Speaker,Electronics,3,8540.95,0.15,Cash on Delivery,New Delhi,Delhi,36.0,Male,21779.42,2025-07,2025
ORD005851,CUST0769,2025-03-17,Bedsheet,Home & Kitchen,1,11598.32,0.1,Cash on Delivery,Thiruvananthapuram,Kerala,31.0,Female,10438.49,2025-03,2025
ORD003991,CUST0394,2025-05-05,Sneakers,Fashion,5,5184.35,0.15,Credit Card,Bengaluru,Karnataka,25.0,Male,22033.49,2025-05,2025
ORD000401,CUST0542,2025-05-03,Bluetooth Speaker,Electronics,2,26389.5,0.2,UPI,Mysuru,Karnataka,18.0,Male,42223.2,2025-05,2025
ORD003360,CUST0244,2024-08-16,Smart Watch,Electronics,1,79992.05,0.05,Cash on Delivery,Mumbai,Maharashtra,18.0,Female,75992.45,2024-08,2024
ORD000047,CUST0540,2025-11-28,Wireless Headphones,Electronics,2,48540.33,0.05,UPI,Warangal,Telangana,26.0,Male,92226.63,2025-11,2025
ORD005754,CUST0506,2025-04-25,Jacket,Fashion,3,5345.48,0.15,UPI,Trichy,Tamil Nadu,40.0,Male,13630.97,2025-04,2025
ORD005910,CUST0653,2025-12-24,Power Bank,Electronics,2,6091.9,0.1,UPI,Salem,Tamil Nadu,23.0,Female,10965.42,2025-12,2025
ORD003643,CUST0162,2024-09-23,Running Shoes,Sports,2,8125.09,0.15,Credit Card,New Delhi,Delhi,36.0,Female,13812.65,2024-09,2024
ORD003727,CUST1024,2024-11-05,Wireless Headphones,Electronics,4,61322.35,0.05,Credit Card,Pune,Maharashtra,31.0,Female,233024.93,2024-11,2024
ORD005825,CUST0359,2024-04-19,Wireless Headphones,Electronics,4,11868.07,0.0,UPI,Nagpur,Maharashtra,18.0,Female,47472.28,2024-04,2024
ORD002422,CUST0011,2024-11-09,Shampoo,Beauty,3,807.88,0.15,Credit Card,Madurai,Tamil Nadu,30.0,Female,2060.09,2024-11,2024
ORD001751,CUST0292,2024-02-01,Bedsheet,Home & Kitchen,1,8982.41,0.05,Credit Card,New Delhi,Delhi,26.0,Male,8533.29,2024-02,2024
ORD005799,CUST0080,2024-02-22,Mixer Grinder,Home & Kitchen,1,10212.81,0.05,Debit Card,Mangaluru,Karnataka,40.0,Female,9702.17,2024-02,2024
ORD004908,CUST1142,2024-03-20,Face Wash,Beauty,5,1331.55,0.2,Cash on Delivery,Thiruvananthapuram,Kerala,27.0,Female,5326.2,2024-03,2024
ORD004063,CUST0964,2024-03-26,Power Bank,Electronics,2,42229.8,0.05,Cash on Delivery,Hyderabad,Telangana,37.0,Male,80236.62,2024-03,2024
ORD000339,CUST0766,2024-10-13,Cookware Set,Home & Kitchen,1,5959.69,0.0,UPI,New Delhi,Delhi,37.0,Female,5959.69,2024-10,2024
ORD000216,CUST0881,2024-10-28,Bluetooth Speaker,Electronics,2,35532.25,0.0,Credit Card,Warangal,Telangana,30.0,Male,71064.5,2024-10,2024
ORD003664,CUST0250,2024-09-20,Jeans,Fashion,2,2752.37,0.2,Net Banking,Bengaluru,Karnataka,25.0,Male,4403.79,2024-09,2024
ORD001342,CUST0489,2024-02-13,Cookware Set,Home & Kitchen,3,7056.02,0.1,Net Banking,Kochi,Kerala,27.0,Male,19051.25,2024-02,2024
ORD005485,CUST0538,2024-02-05,Backpack,Fashion,1,2815.44,0.2,UPI,New Delhi,Delhi,22.0,Female,2252.35,2024-02,2024
ORD003895,CUST1128,2024-06-06,Power Bank,Electronics,1,11361.08,0.0,Net Banking,Nagpur,Maharashtra,34.0,Male,11361.08,2024-06,2024
ORD003641,CUST0518,2024-03-20,Backpack,Fashion,5,2521.92,0.05,UPI,Salem,Tamil Nadu,27.0,Female,11979.12,2024-03,2024
ORD000330,CUST0236,2025-08-06,Sneakers,Fashion,1,514.92,0.15,UPI,New Delhi,Delhi,30.0,Female,437.68,2025-08,2025
ORD003005,CUST0757,2024-09-11,Bluetooth Speaker,Electronics,2,3368.93,0.05,Debit Card,Thiruvananthapuram,Kerala,36.0,Male,6400.97,2024-09,2024
ORD005732,CUST1050,2024-09-30,Yoga Mat,Sports,3,4908.71,0.0,Credit Card,Mangaluru,Karnataka,18.0,Female,14726.13,2024-09,2024
ORD003116,CUST0124,2025-12-16,Smart Watch,Electronics,2,25827.99,0.05,Debit Card,Mysuru,Karnataka,36.0,Female,49073.18,2025-12,2025
ORD005802,CUST0829,2024-04-02,Data Analytics Book,Books,1,578.83,0.05,UPI,Kochi,Kerala,38.0,Male,549.89,2024-04,2024
ORD002323,CUST0637,2024-12-14,Bedsheet,Home & Kitchen,1,7446.83,0.2,Credit Card,Warangal,Telangana,29.0,Male,5957.46,2024-12,2024
ORD004198,CUST0301,2024-10-19,Jeans,Fashion,1,4974.35,0.1,Credit Card,Mangaluru,Karnataka,40.0,Male,4476.92,2024-10,2024
ORD003550,CUST0428,2025-01-11,Laptop Stand,Electronics,1,36927.31,0.0,Cash on Delivery,Mumbai,Maharashtra,27.0,Male,36927.31,2025-01,2025
ORD001459,CUST0995,2025-10-27,Python Programming,Books,2,2208.31,0.1,UPI,Trichy,Tamil Nadu,32.0,Male,3974.96,2025-10,2025
ORD000172,CUST0360,2025-10-09,Mixer Grinder,Home & Kitchen,2,11732.19,0.1,Credit Card,Mangaluru,Karnataka,32.0,Male,21117.94,2025-10,2025
ORD004204,CUST0420,2024-03-21,Bedsheet,Home & Kitchen,1,4133.14,0.0,UPI,Kochi,Kerala,32.0,Female,4133.14,2024-03,2024
ORD005021,CUST0046,2025-08-10,Yoga Mat,Sports,3,5416.02,0.1,Cash on Delivery,Warangal,Telangana,28.0,Male,14623.25,2025-08,2025
ORD003570,CUST0847,2025-08-03,Data Analytics Book,Books,1,857.12,0.0,UPI,Trichy,Tamil Nadu,35.0,Male,857.12,2025-08,2025
ORD004227,CUST1096,2024-12-11,Table Lamp,Home & Kitchen,1,2301.03,0.2,UPI,Thiruvananthapuram,Kerala,18.0,Female,1840.82,2024-12,2024
ORD004889,CUST0344,2025-10-17,Wireless Headphones,Electronics,1,31075.93,0.0,Net Banking,Mumbai,Maharashtra,20.0,Female,31075.93,2025-10,2025
ORD004937,CUST0932,2025-04-14,Wireless Headphones,Electronics,1,32413.94,0.2,UPI,Mangaluru,Karnataka,40.0,Male,25931.15,2025-04,2025
ORD000939,CUST1172,2025-11-24,Laptop Stand,Electronics,1,56590.35,0.05,UPI,Coimbatore,Tamil Nadu,22.0,Male,53760.83,2025-11,2025
ORD000061,CUST0025,2024-05-24,Shampoo,Beauty,2,2449.51,0.1,UPI,Salem,Tamil Nadu,54.0,Female,4409.12,2024-05,2024
ORD001241,CUST0722,2025-11-15,Shampoo,Beauty,2,263.55,0.05,Credit Card,Salem,Tamil Nadu,29.0,Female,500.74,2025-11,2025
ORD005010,CUST0093,2024-01-28,Laptop Stand,Electronics,2,23660.14,0.0,Credit Card,Nagpur,Maharashtra,39.0,Male,47320.28,2024-01,2024
ORD002121,CUST0155,2025-11-05,Running Shoes,Sports,1,6554.48,0.05,Cash on Delivery,Thiruvananthapuram,Kerala,18.0,Female,6226.76,2025-11,2025
ORD001525,CUST0607,2025-11-09,Mixer Grinder,Home & Kitchen,4,4879.71,0.1,Credit Card,Thiruvananthapuram,Kerala,23.0,Male,17566.96,2025-11,2025
ORD000154,CUST0287,2025-03-28,Moisturizer,Beauty,3,254.64,0.05,Net Banking,New Delhi,Delhi,19.0,Male,725.72,2025-03,2025
ORD000482,CUST0524,2024-12-18,Backpack,Fashion,1,5871.01,0.0,Credit Card,New Delhi,Delhi,44.0,Female,5871.01,2024-12,2024
ORD004461,CUST0338,2024-08-22,Jeans,Fashion,3,449.82,0.05,UPI,New Delhi,Delhi,45.0,Male,1281.99,2024-08,2024
ORD003921,CUST0942,2024-06-16,Football,Sports,2,9262.18,0.15,Credit Card,Pune,Maharashtra,34.0,Female,15745.71,2024-06,2024
ORD001763,CUST0347,2025-12-03,SQL Guide,Books,3,2328.65,0.1,UPI,Mangaluru,Karnataka,45.0,Male,6287.36,2025-12,2025
ORD000751,CUST1099,2024-12-19,Jeans,Fashion,3,3384.11,0.2,Net Banking,Bengaluru,Karnataka,20.0,Female,8121.86,2024-12,2024
ORD001786,CUST0171,2024-04-15,Smart Watch,Electronics,1,18568.3,0.2,UPI,New Delhi,Delhi,26.0,Male,14854.64,2024-04,2024
ORD004502,CUST1060,2024-12-23,Machine Learning Book,Books,1,1099.62,0.2,Net Banking,Warangal,Telangana,32.0,Male,879.7,2024-12,2024
ORD002712,CUST0371,2025-08-29,Sunscreen,Beauty,2,368.51,0.05,UPI,Bengaluru,Karnataka,34.0,Female,700.17,2025-08,2025
ORD004846,CUST0607,2025-10-09,Coffee Maker,Home & Kitchen,3,5683.57,0.05,Debit Card,New Delhi,Delhi,18.0,Other,16198.17,2025-10,2025
ORD004194,CUST0183,2024-05-25,Bluetooth Speaker,Electronics,2,56289.42,0.0,Credit Card,Hyderabad,Telangana,39.0,Male,112578.84,2024-05,2024
ORD001334,CUST0384,2025-04-28,Dumbbells,Sports,4,5217.93,0.1,Net Banking,New Delhi,Delhi,36.0,Male,18784.55,2025-04,2025
ORD005336,CUST0294,2024-05-13,Power Bank,Electronics,1,12082.86,0.1,Cash on Delivery,Mangaluru,Karnataka,32.0,Male,10874.57,2024-05,2024
ORD002855,CUST0714,2024-01-22,Mixer Grinder,Home & Kitchen,1,699.75,0.0,Debit Card,Thiruvananthapuram,Kerala,26.0,Male,699.75,2024-01,2024
ORD000187,CUST0757,2025-07-16,Bluetooth Speaker,Electronics,2,35266.29,0.2,Debit Card,New Delhi,Delhi,25.0,Male,56426.06,2025-07,2025
ORD001137,CUST0099,2025-09-13,Running Shoes,Sports,4,5165.15,0.1,UPI,Bengaluru,Karnataka,30.0,Male,18594.54,2025-09,2025
ORD002059,CUST0239,2025-07-09,Machine Learning Book,Books,3,1227.01,0.0,Net Banking,Pune,Maharashtra,35.0,Female,3681.03,2025-07,2025
ORD005023,CUST0318,2025-11-15,Wireless Headphones,Electronics,1,74022.03,0.05,Credit Card,New Delhi,Delhi,42.0,Other,70320.93,2025-11,2025
ORD000149,CUST0673,2024-04-17,Wireless Headphones,Electronics,2,19170.21,0.05,Credit Card,New Delhi,Delhi,31.0,Female,36423.4,2024-04,2024
ORD004125,CUST0396,2024-02-27,Bluetooth Speaker,Electronics,2,53488.81,0.0,Credit Card,Warangal,Telangana,22.0,Male,106977.62,2024-02,2024
ORD003364,CUST1179,2024-05-14,Data Analytics Book,Books,1,569.96,0.05,Cash on Delivery,Chennai,Tamil Nadu,22.0,Male,541.46,2024-05,2024
ORD002867,CUST1078,2025-01-23,Jeans,Fashion,2,5621.92,0.05,UPI,Bengaluru,Karnataka,37.0,Male,10681.65,2025-01,2025
ORD003777,CUST0438,2025-10-20,Cookware Set,Home & Kitchen,1,3475.14,0.15,Credit Card,Thiruvananthapuram,Kerala,21.0,Other,2953.87,2025-10,2025
ORD001387,CUST0291,2025-09-05,Smart Watch,Electronics,1,73724.78,0.05,Debit Card,New Delhi,Delhi,21.0,Female,70038.54,2025-09,2025
ORD005672,CUST0695,2025-08-22,Python Programming,Books,4,736.51,0.05,UPI,Hyderabad,Telangana,18.0,Male,2798.74,2025-08,2025
ORD004960,CUST0582,2025-05-20,Sunscreen,Beauty,1,833.53,0.05,UPI,Kochi,Kerala,37.0,Male,791.85,2025-05,2025
ORD003630,CUST1089,2025-04-21,Machine Learning Book,Books,4,2260.44,0.1,UPI,New Delhi,Delhi,26.0,Male,8137.58,2025-04,2025
ORD005397,CUST0199,2024-08-08,Yoga Mat,Sports,3,5108.21,0.15,Cash on Delivery,Kochi,Kerala,27.0,Male,13025.94,2024-08,2024
ORD003029,CUST0102,2024-06-13,Bedsheet,Home & Kitchen,3,14220.58,0.0,UPI,Warangal,Telangana,21.0,Male,42661.74,2024-06,2024
ORD002970,CUST0526,2024-06-06,Jeans,Fashion,2,4540.67,0.15,Credit Card,New Delhi,Delhi,28.0,Male,7719.14,2024-06,2024
ORD005208,CUST0118,2025-04-18,Backpack,Fashion,1,2501.75,0.0,Credit Card,Thiruvananthapuram,Kerala,42.0,Female,2501.75,2025-04,2025
ORD001709,CUST0565,2024-02-15,Python Programming,Books,5,510.63,0.0,UPI,Thiruvananthapuram,Kerala,33.0,Female,2553.15,2024-02,2024
ORD002954,CUST0299,2024-07-24,Power Bank,Electronics,1,44107.0,0.15,Net Banking,New Delhi,Delhi,30.0,Female,37490.95,2024-07,2024
ORD000455,CUST0444,2024-01-13,Smart Watch,Electronics,1,7182.0,0.0,UPI,Coimbatore,Tamil Nadu,32.0,Male,7182.0,2024-01,2024
ORD000610,CUST1177,2025-03-30,Face Wash,Beauty,2,1502.89,0.1,Credit Card,Pune,Maharashtra,30.0,Male,2705.2,2025-03,2025
ORD004264,CUST0674,2024-02-02,Table Lamp,Home & Kitchen,3,2599.81,0.05,UPI,Salem,Tamil Nadu,18.0,Female,7409.46,2024-02,2024
ORD005082,CUST0916,2025-03-11,Smart Watch,Electronics,1,13303.96,0.15,Cash on Delivery,Pune,Maharashtra,37.0,Female,11308.37,2025-03,2025
ORD002075,CUST0425,2024-12-09,Smart Watch,Electronics,1,59280.66,,UPI,Hyderabad,Telangana,33.0,Male,50388.56,2024-12,2024
ORD004053,CUST0724,2025-03-17,Backpack,Fashion,2,3304.82,0.0,Debit Card,New Delhi,Delhi,50.0,Female,6609.64,2025-03,2025
ORD004874,CUST0640,2024-11-10,Football,Sports,2,3591.7,0.15,Credit Card,Chennai,Tamil Nadu,31.0,Female,6105.89,2024-11,2024
ORD001623,CUST0280,2025-06-09,Cookware Set,Home & Kitchen,4,1270.73,0.1,UPI,Hyderabad,Telangana,36.0,Female,4574.63,2025-06,2025
ORD004684,CUST0484,2025-04-18,Cricket Bat,Sports,3,2875.66,0.05,Net Banking,Thiruvananthapuram,Kerala,29.0,Male,8195.63,2025-04,2025
ORD005253,CUST0309,2025-09-07,Backpack,Fashion,4,4665.52,0.1,UPI,Hyderabad,Telangana,30.0,Male,16795.87,2025-09,2025
ORD000041,CUST1198,2025-06-02,Moisturizer,Beauty,3,3551.35,0.0,Cash on Delivery,Madurai,Tamil Nadu,18.0,Female,10654.05,2025-06,2025
ORD002090,CUST0603,2024-08-03,Python Programming,Books,5,875.49,0.15,Credit Card,Thiruvananthapuram,Kerala,37.0,Female,3720.83,2024-08,2024
ORD003925,CUST0757,2025-07-08,Python Programming,Books,1,1205.85,0.0,UPI,Thiruvananthapuram,Kerala,22.0,Male,1205.85,2025-07,2025
ORD002176,CUST0794,2024-09-02,Sunscreen,Beauty,4,515.53,0.05,Debit Card,Mangaluru,Karnataka,48.0,Male,1959.01,2024-09,2024
ORD000075,CUST0815,2024-01-23,Sneakers,Fashion,1,5283.89,0.2,Credit Card,Warangal,Telangana,32.0,Female,4227.11,2024-01,2024
ORD005926,CUST0120,2025-05-18,Bedsheet,Home & Kitchen,2,1743.33,0.15,Net Banking,Thiruvananthapuram,Kerala,41.0,Male,2963.66,2025-05,2025
ORD005917,CUST0941,2025-04-26,Face Wash,Beauty,1,790.35,0.05,Debit Card,Mangaluru,Karnataka,32.0,Male,750.83,2025-04,2025
ORD002658,CUST0666,2024-01-30,Moisturizer,Beauty,1,2146.67,0.1,Cash on Delivery,Coimbatore,Tamil Nadu,41.0,Female,1932.0,2024-01,2024
ORD003181,CUST0424,2025-12-03,Moisturizer,Beauty,3,1964.17,0.05,Credit Card,Warangal,Telangana,23.0,Female,5597.88,2025-12,2025
ORD002077,CUST0778,2024-01-04,T-Shirt,Fashion,5,522.87,0.15,Net Banking,Hyderabad,Telangana,35.0,Male,2222.2,2024-01,2024
ORD000442,CUST0228,2025-03-14,Python Programming,Books,2,432.62,0.05,Debit Card,Mysuru,Karnataka,40.0,Male,821.98,2025-03,2025
ORD002052,CUST0180,2025-04-25,Data Analytics Book,Books,4,815.45,0.2,,Coimbatore,Tamil Nadu,30.0,Female,2609.44,2025-04,2025
ORD002542,CUST0929,2024-04-27,Sneakers,Fashion,4,1718.89,0.05,UPI,Salem,Tamil Nadu,36.0,Female,6531.78,2024-04,2024
ORD001302,CUST0936,2025-01-02,Shampoo,Beauty,2,3606.37,0.1,Debit Card,Mumbai,Maharashtra,39.0,Female,6491.47,2025-01,2025
ORD003431,CUST0721,2025-11-28,Machine Learning Book,Books,1,1891.55,0.0,UPI,New Delhi,Delhi,25.0,Male,1891.55,2025-11,2025
ORD001305,CUST0089,2025-05-01,Power Bank,Electronics,1,60907.6,0.0,UPI,Thiruvananthapuram,Kerala,32.0,Male,60907.6,2025-05,2025
ORD000237,CUST0194,2024-07-22,Sneakers,Fashion,3,5071.21,0.1,UPI,New Delhi,Delhi,26.0,Male,13692.27,2024-07,2024
ORD004996,CUST1044,2024-10-16,Laptop Stand,Electronics,4,46982.75,0.0,UPI,Bengaluru,Karnataka,32.0,Female,187931.0,2024-10,2024
ORD002600,CUST1097,2025-02-13,Smart Watch,Electronics,2,53490.29,0.05,Cash on Delivery,Kochi,Kerala,40.0,Female,101631.55,2025-02,2025
ORD004617,CUST0124,2024-03-17,Jacket,Fashion,1,3686.38,0.05,UPI,Mysuru,Karnataka,30.0,Male,3502.06,2024-03,2024
ORD002574,CUST1153,2024-06-21,Perfume,Beauty,1,2212.63,0.0,Net Banking,Thiruvananthapuram,Kerala,18.0,Male,2212.63,2024-06,2024
ORD003281,CUST0198,2025-01-28,Cookware Set,Home & Kitchen,3,9423.77,0.1,Credit Card,Warangal,Telangana,49.0,Male,25444.18,2025-01,2025
ORD003187,CUST0706,2025-01-20,Jacket,Fashion,3,3813.69,0.0,Cash on Delivery,Warangal,Telangana,26.0,Female,11441.07,2025-01,2025
ORD003954,CUST0498,2024-07-27,Backpack,Fashion,1,4844.98,0.15,Debit Card,New Delhi,Delhi,38.0,Female,4118.23,2024-07,2024
ORD002769,CUST0765,2024-09-01,Shampoo,Beauty,3,2417.04,0.15,Cash on Delivery,Thiruvananthapuram,Kerala,29.0,Male,6163.45,2024-09,2024
ORD004224,CUST0061,2024-11-04,Table Lamp,Home & Kitchen,3,7610.88,0.0,UPI,Kochi,Kerala,38.0,Male,22832.64,2024-11,2024
ORD002107,CUST0774,2025-01-22,Backpack,Fashion,3,2718.75,0.05,Cash on Delivery,New Delhi,Delhi,35.0,Female,7748.44,2025-01,2025
ORD002680,CUST0700,2025-11-17,Sunscreen,Beauty,2,755.69,0.1,UPI,Mumbai,Maharashtra,30.0,Female,1360.24,2025-11,2025
ORD002762,CUST0729,2024-09-30,Sunscreen,Beauty,2,315.66,0.05,UPI,Kochi,Kerala,18.0,Male,599.75,2024-09,2024
ORD004689,CUST0384,2025-02-12,Jeans,Fashion,3,3311.55,0.15,Credit Card,Bengaluru,Karnataka,48.0,Female,8444.45,2025-02,2025
ORD001388,CUST0859,2024-03-07,Coffee Maker,Home & Kitchen,2,14864.11,0.05,UPI,Salem,Tamil Nadu,28.0,Female,28241.81,2024-03,2024
ORD005632,CUST1039,2025-05-28,Mixer Grinder,Home & Kitchen,1,10286.6,0.1,UPI,Thiruvananthapuram,Kerala,38.0,Male,9257.94,2025-05,2025
ORD005427,CUST0809,2024-04-23,Bedsheet,Home & Kitchen,4,10151.37,0.1,UPI,Mangaluru,Karnataka,22.0,Female,36544.93,2024-04,2024
ORD001280,CUST1144,2024-01-10,Jacket,Fashion,4,648.33,0.05,Credit Card,Kochi,Kerala,22.0,Male,2463.65,2024-01,2024
ORD005880,CUST0496,2025-04-27,Bedsheet,Home & Kitchen,1,13579.05,0.15,Debit Card,Hyderabad,Telangana,30.0,Female,11542.19,2025-04,2025
ORD001556,CUST1071,2024-10-10,Smart Watch,Electronics,4,6407.64,0.05,UPI,Pune,Maharashtra,41.0,Male,24349.03,2024-10,2024
ORD005423,CUST0920,2024-04-21,Bluetooth Speaker,Electronics,3,75666.58,0.05,UPI,Mangaluru,Karnataka,21.0,Male,215649.75,2024-04,2024
ORD003191,CUST0379,2025-07-02,Cookware Set,Home & Kitchen,2,4784.68,0.15,Debit Card,Mangaluru,Karnataka,33.0,Female,8133.96,2025-07,2025
ORD004567,CUST0517,2025-06-22,Sunscreen,Beauty,1,3321.73,0.1,Net Banking,New Delhi,Delhi,22.0,Male,2989.56,2025-06,2025
ORD004803,CUST0928,2024-12-13,T-Shirt,Fashion,2,5404.21,0.15,Cash on Delivery,New Delhi,Delhi,33.0,Male,9187.16,2024-12,2024
ORD005627,CUST0792,2024-09-07,SQL Guide,Books,1,1116.63,0.1,Debit Card,Madurai,Tamil Nadu,27.0,Male,1004.97,2024-09,2024
ORD003595,CUST0983,2025-01-16,Jacket,Fashion,2,567.95,0.0,UPI,Mangaluru,Karnataka,34.0,Female,1135.9,2025-01,2025
ORD001921,CUST0676,2024-01-18,T-Shirt,Fashion,2,4611.64,0.05,UPI,Warangal,Telangana,18.0,Male,8762.12,2024-01,2024
ORD000514,CUST0049,2025-01-03,Moisturizer,Beauty,1,3498.19,0.05,UPI,Kochi,Kerala,23.0,Female,3323.28,2025-01,2025
ORD004178,CUST0701,2025-07-10,Mixer Grinder,Home & Kitchen,1,12972.69,0.1,Cash on Delivery,Madurai,Tamil Nadu,27.0,Female,11675.42,2025-07,2025
ORD001309,CUST0688,2024-10-19,Laptop Stand,Electronics,4,26095.22,0.1,UPI,Hyderabad,Telangana,40.0,Female,93942.79,2024-10,2024
ORD000915,CUST0174,2024-03-19,Jacket,Fashion,2,3221.13,0.1,Net Banking,Warangal,Telangana,40.0,Male,5798.03,2024-03,2024
ORD003453,CUST1165,2024-09-03,Business Analytics,Books,2,1744.31,0.0,Debit Card,New Delhi,Delhi,35.0,Female,3488.62,2024-09,2024
ORD003696,CUST1148,2025-01-29,Jacket,Fashion,2,4072.84,0.1,UPI,Nagpur,Maharashtra,34.0,Other,7331.11,2025-01,2025
ORD004243,CUST0637,2024-03-02,Dumbbells,Sports,1,5175.44,0.1,UPI,Hyderabad,Telangana,23.0,Male,4657.9,2024-03,2024
ORD003157,CUST0164,2025-03-14,Smart Watch,Electronics,3,42070.52,0.15,UPI,Nagpur,Maharashtra,34.0,Male,107279.83,2025-03,2025
ORD002199,CUST1197,2024-01-31,Bedsheet,Home & Kitchen,3,5755.22,0.15,Cash on Delivery,Warangal,Telangana,26.0,Female,14675.81,2024-01,2024
ORD000775,CUST0664,2025-03-12,Business Analytics,Books,2,1146.4,0.05,UPI,New Delhi,Delhi,28.0,Male,2178.16,2025-03,2025
ORD004426,CUST0876,2024-11-02,Backpack,Fashion,1,2825.69,0.0,UPI,Bengaluru,Karnataka,23.0,Female,2825.69,2024-11,2024
ORD000944,CUST0560,2025-08-17,Coffee Maker,Home & Kitchen,2,7135.66,0.1,UPI,Hyderabad,Telangana,18.0,Male,12844.19,2025-08,2025
ORD000823,CUST0537,2024-05-04,Laptop Stand,Electronics,1,73673.01,0.05,UPI,Bengaluru,Karnataka,32.0,Male,69989.36,2024-05,2024
ORD004278,CUST0100,2025-02-20,Table Lamp,Home & Kitchen,1,6668.57,0.05,UPI,Warangal,Telangana,20.0,Female,6335.14,2025-02,2025
ORD000165,CUST0386,2024-07-01,Power Bank,Electronics,1,49820.7,0.05,Cash on Delivery,New Delhi,Delhi,34.0,Female,47329.66,2024-07,2024
ORD004548,CUST0981,2024-12-25,Mixer Grinder,Home & Kitchen,2,4011.23,0.15,UPI,Nagpur,Maharashtra,,Female,6819.09,2024-12,2024
ORD003984,CUST0664,2025-09-16,Moisturizer,Beauty,3,2211.33,0.05,Credit Card,Thiruvananthapuram,Kerala,33.0,Female,6302.29,2025-09,2025
ORD002539,CUST0329,2024-02-21,Dumbbells,Sports,1,3375.93,0.1,Debit Card,Nagpur,Maharashtra,39.0,Male,3038.34,2024-02,2024
ORD005725,CUST0137,2025-03-03,Mixer Grinder,Home & Kitchen,2,6826.34,0.05,UPI,New Delhi,Delhi,18.0,Male,12970.05,2025-03,2025
ORD001312,CUST0600,2024-10-27,Coffee Maker,Home & Kitchen,1,5652.37,0.05,UPI,Warangal,Telangana,30.0,Female,5369.75,2024-10,2024
ORD005839,CUST1116,2025-05-23,Python Programming,Books,1,282.34,0.1,UPI,Mangaluru,Karnataka,31.0,Female,254.11,2025-05,2025
ORD004998,CUST0301,2025-07-31,Cricket Bat,Sports,1,6819.44,0.15,Credit Card,New Delhi,Delhi,32.0,Male,5796.52,2025-07,2025
ORD005569,CUST0587,2025-08-11,Coffee Maker,Home & Kitchen,1,2287.37,0.1,Credit Card,New Delhi,Delhi,35.0,Male,2058.63,2025-08,2025
ORD003301,CUST0886,2025-03-18,Mixer Grinder,Home & Kitchen,4,4651.59,0.05,Debit Card,Kochi,Kerala,33.0,Male,17676.04,2025-03,2025
ORD003311,CUST0576,2025-11-19,Table Lamp,Home & Kitchen,1,12771.46,0.1,Credit Card,Coimbatore,Tamil Nadu,40.0,Male,11494.31,2025-11,2025
ORD000328,CUST0607,2024-09-20,Football,Sports,1,6858.43,0.15,UPI,Hyderabad,Telangana,25.0,Male,5829.67,2024-09,2024
ORD002491,CUST0936,2024-07-05,Bluetooth Speaker,Electronics,3,36245.18,0.1,Debit Card,New Delhi,Delhi,35.0,Male,97861.99,2024-07,2024
ORD005621,CUST0917,2024-06-11,Power Bank,Electronics,1,23076.12,0.1,Debit Card,Mangaluru,Karnataka,22.0,Female,20768.51,2024-06,2024
ORD004409,CUST0388,2024-03-29,Power Bank,Electronics,3,5785.44,0.0,Cash on Delivery,Kochi,Kerala,37.0,Male,17356.32,2024-03,2024
ORD000833,CUST1194,2025-08-02,Mixer Grinder,Home & Kitchen,2,14334.36,0.15,Cash on Delivery,Mangaluru,Karnataka,25.0,Female,24368.41,2025-08,2025
ORD003080,CUST0809,2024-10-14,Moisturizer,Beauty,4,3056.13,0.2,UPI,Kochi,Kerala,36.0,Female,9779.62,2024-10,2024
ORD003463,CUST0862,2025-06-02,Smart Watch,Electronics,3,28171.29,0.0,Credit Card,Hyderabad,Telangana,31.0,Female,84513.87,2025-06,2025
ORD005254,CUST0968,2025-03-02,Mixer Grinder,Home & Kitchen,1,6068.98,0.0,Credit Card,Mumbai,Maharashtra,24.0,Male,6068.98,2025-03,2025
ORD000055,CUST0184,2024-05-17,Yoga Mat,Sports,1,6517.31,0.0,UPI,Warangal,Telangana,34.0,Female,6517.31,2024-05,2024
ORD004065,CUST1089,2025-05-13,Sneakers,Fashion,2,4232.61,0.05,UPI,Mumbai,Maharashtra,30.0,Female,8041.96,2025-05,2025
ORD003452,CUST0385,2025-01-02,Python Programming,Books,4,1050.61,0.05,Debit Card,Thiruvananthapuram,Kerala,18.0,Female,3992.32,2025-01,2025
ORD001902,CUST0315,2025-11-13,Bluetooth Speaker,Electronics,2,4353.5,0.1,Credit Card,New Delhi,Delhi,42.0,Female,7836.3,2025-11,2025
ORD001482,CUST0112,2024-08-26,Backpack,Fashion,3,3673.03,0.05,UPI,Madurai,Tamil Nadu,43.0,Male,10468.14,2024-08,2024
ORD004151,CUST0864,2025-10-17,Jacket,Fashion,1,3062.77,0.1,UPI,Mysuru,Karnataka,24.0,Male,2756.49,2025-10,2025
ORD003336,CUST0616,2024-04-09,Running Shoes,Sports,1,9482.52,0.05,UPI,Bengaluru,Karnataka,38.0,Male,9008.39,2024-04,2024
ORD000947,CUST0754,2024-03-05,Dumbbells,Sports,1,8585.55,0.05,Net Banking,Mumbai,Maharashtra,38.0,Female,8156.27,2024-03,2024
ORD003294,CUST0802,2025-09-25,Table Lamp,Home & Kitchen,2,12587.55,0.05,Debit Card,Chennai,Tamil Nadu,34.0,Male,23916.34,2025-09,2025
ORD002162,CUST0468,2024-05-06,Jacket,Fashion,4,835.6,0.0,Net Banking,Warangal,Telangana,27.0,Female,3342.4,2024-05,2024
ORD005077,CUST0285,2024-04-15,Jacket,Fashion,4,4188.85,0.1,UPI,Hyderabad,Telangana,41.0,Female,15079.86,2024-04,2024
ORD003058,CUST0041,2025-01-10,Cookware Set,Home & Kitchen,1,946.73,0.15,UPI,Chennai,Tamil Nadu,18.0,Male,804.72,2025-01,2025
ORD000769,CUST0652,2025-07-23,Laptop Stand,Electronics,3,5767.6,0.15,Credit Card,Nagpur,Maharashtra,45.0,Male,14707.38,2025-07,2025
ORD005641,CUST0124,2024-08-13,T-Shirt,Fashion,1,2236.73,0.15,Cash on Delivery,Chennai,Tamil Nadu,27.0,Male,1901.22,2024-08,2024
ORD003496,CUST1134,2024-02-06,Cricket Bat,Sports,1,4625.97,0.05,UPI,Warangal,Telangana,30.0,Male,4394.67,2024-02,2024
ORD000286,CUST0219,2025-03-14,Laptop Stand,Electronics,2,50192.98,0.1,UPI,Mumbai,Maharashtra,25.0,Male,90347.36,2025-03,2025
ORD005927,CUST0574,2024-12-16,Smart Watch,Electronics,1,34620.77,0.1,UPI,Warangal,Telangana,26.0,Male,31158.69,2024-12,2024
ORD004525,CUST0049,2024-08-16,Business Analytics,Books,1,252.26,0.1,Credit Card,New Delhi,Delhi,28.0,Male,227.03,2024-08,2024
ORD005333,CUST0643,2025-11-18,Sunscreen,Beauty,2,3410.46,0.05,UPI,Trichy,Tamil Nadu,36.0,Female,6479.87,2025-11,2025
ORD002333,CUST0591,2025-06-11,Cookware Set,Home & Kitchen,3,12616.33,0.15,Debit Card,Madurai,Tamil Nadu,20.0,Male,32171.64,2025-06,2025
ORD002718,CUST0946,2025-07-26,Bluetooth Speaker,Electronics,1,68968.27,0.1,Debit Card,Warangal,Telangana,18.0,Female,62071.44,2025-07,2025
ORD002080,CUST0583,2024-09-02,Machine Learning Book,Books,2,2245.22,0.0,Debit Card,New Delhi,Delhi,,Male,4490.44,2024-09,2024
ORD003390,CUST0944,2024-11-05,Jeans,Fashion,3,3438.04,0.2,Credit Card,Trichy,Tamil Nadu,30.0,Male,8251.3,2024-11,2024
ORD000723,CUST0434,2025-06-12,Sneakers,Fashion,1,2216.85,0.05,UPI,Salem,Tamil Nadu,31.0,Female,2106.01,2025-06,2025
ORD000952,CUST0155,2025-04-12,Python Programming,Books,1,1156.5,0.2,UPI,Bengaluru,Karnataka,18.0,Male,925.2,2025-04,2025
ORD005584,CUST0946,2025-06-30,Bedsheet,Home & Kitchen,3,14241.36,0.0,Cash on Delivery,New Delhi,Delhi,33.0,Male,42724.08,2025-06,2025
ORD002263,CUST0600,2025-10-24,Python Programming,Books,1,2309.77,0.0,UPI,New Delhi,Delhi,38.0,Female,2309.77,2025-10,2025
ORD000990,CUST0718,2024-09-01,Jacket,Fashion,1,790.64,0.05,Credit Card,Mumbai,Maharashtra,37.0,Female,751.11,2024-09,2024
ORD003213,CUST1133,2025-05-20,Business Analytics,Books,2,2269.42,0.1,Credit Card,Thiruvananthapuram,Kerala,40.0,Female,4084.96,2025-05,2025
ORD001760,CUST1079,2024-10-26,Coffee Maker,Home & Kitchen,5,14300.63,0.0,Debit Card,New Delhi,Delhi,43.0,Female,71503.15,2024-10,2024
ORD004920,CUST0371,2024-09-16,Bluetooth Speaker,Electronics,2,4125.48,0.15,Cash on Delivery,Thiruvananthapuram,Kerala,44.0,Male,7013.32,2024-09,2024
ORD004423,CUST0830,2024-04-18,Table Lamp,Home & Kitchen,2,1057.6,0.05,Cash on Delivery,Mysuru,Karnataka,32.0,Other,2009.44,2024-04,2024
ORD001725,CUST0579,2025-11-09,Business Analytics,Books,2,618.18,0.15,Cash on Delivery,Mysuru,Karnataka,31.0,Male,1050.91,2025-11,2025
ORD000342,CUST0661,2025-08-28,Wireless Headphones,Electronics,2,40501.03,0.0,UPI,Nagpur,Maharashtra,18.0,Female,81002.06,2025-08,2025
ORD003702,CUST0950,2024-04-30,Backpack,Fashion,1,3886.7,0.15,UPI,Thiruvananthapuram,Kerala,28.0,Female,3303.7,2024-04,2024
ORD004244,CUST0397,2024-05-22,Perfume,Beauty,1,352.82,0.1,Credit Card,Nagpur,Maharashtra,50.0,Female,317.54,2024-05,2024
ORD000689,CUST0023,2025-08-29,Table Lamp,Home & Kitchen,2,4185.14,0.15,Credit Card,Nagpur,Maharashtra,34.0,Male,7114.74,2025-08,2025
ORD003433,CUST0139,2024-07-20,Laptop Stand,Electronics,1,21699.49,0.1,Credit Card,Coimbatore,Tamil Nadu,26.0,Male,19529.54,2024-07,2024
ORD000967,CUST0598,2024-01-23,Wireless Headphones,Electronics,3,56065.53,0.0,,Hyderabad,Telangana,23.0,Female,168196.59,2024-01,2024
ORD005667,CUST0763,2024-02-23,Jeans,Fashion,3,1398.69,0.05,UPI,Chennai,Tamil Nadu,18.0,Male,3986.27,2024-02,2024
ORD002204,CUST0285,2025-12-17,Sneakers,Fashion,2,5440.77,0.0,Cash on Delivery,Nagpur,Maharashtra,41.0,Female,10881.54,2025-12,2025
ORD002714,CUST0715,2025-06-15,Bluetooth Speaker,Electronics,1,68423.11,0.1,UPI,Pune,Maharashtra,41.0,Male,61580.8,2025-06,2025
ORD004758,CUST1140,2024-07-25,Jacket,Fashion,1,1030.13,0.05,Credit Card,Warangal,Telangana,42.0,Female,978.62,2024-07,2024
ORD005733,CUST0355,2025-12-24,Football,Sports,1,1785.31,0.0,Credit Card,New Delhi,Delhi,27.0,Female,1785.31,2025-12,2025
ORD005943,CUST0551,2024-10-07,Power Bank,Electronics,1,18575.74,0.0,UPI,Hyderabad,Telangana,27.0,Male,18575.74,2024-10,2024
ORD003573,CUST0149,2025-01-04,Power Bank,Electronics,1,62233.29,0.1,UPI,Mangaluru,Karnataka,30.0,Male,56009.96,2025-01,2025
ORD004806,CUST1008,2025-03-28,Perfume,Beauty,2,1697.47,0.1,Cash on Delivery,Madurai,Tamil Nadu,35.0,Female,3055.45,2025-03,2025
ORD001991,CUST0523,2024-09-20,Bedsheet,Home & Kitchen,1,13822.09,0.0,Cash on Delivery,Mysuru,Karnataka,26.0,Male,13822.09,2024-09,2024
ORD004121,CUST0650,2025-12-28,Mixer Grinder,Home & Kitchen,2,14439.35,0.1,Debit Card,Bengaluru,Karnataka,27.0,Male,25990.83,2025-12,2025
ORD004760,CUST0233,2024-12-13,Power Bank,Electronics,5,60982.05,0.05,Debit Card,Pune,Maharashtra,33.0,Male,289664.74,2024-12,2024
ORD004915,CUST1083,2024-11-01,Jeans,Fashion,1,4689.91,0.0,UPI,Thiruvananthapuram,Kerala,30.0,Female,4689.91,2024-11,2024
ORD005554,CUST0412,2025-12-07,Backpack,Fashion,3,3002.05,0.0,UPI,Pune,Maharashtra,34.0,Female,9006.15,2025-12,2025
ORD005794,CUST0861,2025-12-09,Jacket,Fashion,1,3706.12,0.1,Debit Card,Salem,Tamil Nadu,22.0,Male,3335.51,2025-12,2025
ORD003601,CUST0086,2025-11-12,Laptop Stand,Electronics,1,41335.33,0.15,UPI,Warangal,Telangana,24.0,Female,35135.03,2025-11,2025
ORD005473,CUST0991,2024-10-16,Laptop Stand,Electronics,3,72435.18,0.0,UPI,Pune,Maharashtra,30.0,Male,217305.54,2024-10,2024
ORD005972,CUST0470,2024-05-20,T-Shirt,Fashion,1,3637.73,0.05,Cash on Delivery,Mumbai,Maharashtra,42.0,Female,3455.84,2024-05,2024
ORD004939,CUST0771,2024-07-31,Dumbbells,Sports,3,6520.47,0.0,Net Banking,Pune,Maharashtra,41.0,Male,19561.41,2024-07,2024
ORD000386,CUST0372,2024-04-18,Shampoo,Beauty,1,2920.51,0.05,UPI,New Delhi,Delhi,37.0,Male,2774.48,2024-04,2024
ORD005229,CUST1082,2025-03-17,Backpack,Fashion,2,3737.93,0.1,UPI,Nagpur,Maharashtra,37.0,Male,6728.27,2025-03,2025
ORD005475,CUST0184,2024-07-15,Football,Sports,5,7479.14,0.0,Debit Card,Bengaluru,Karnataka,18.0,Female,37395.7,2024-07,2024
ORD000537,CUST1098,2024-02-01,Machine Learning Book,Books,1,2302.47,0.1,Debit Card,Thiruvananthapuram,Kerala,23.0,Male,2072.22,2024-02,2024
ORD005622,CUST0126,2025-02-10,Coffee Maker,Home & Kitchen,2,14043.67,0.05,UPI,Mumbai,Maharashtra,40.0,Male,26682.97,2025-02,2025
ORD004213,CUST0787,2024-02-22,Data Analytics Book,Books,1,1635.89,0.0,UPI,Mangaluru,Karnataka,38.0,Male,1635.89,2024-02,2024
ORD003508,CUST0410,2024-12-20,Dumbbells,Sports,2,5093.78,0.1,Credit Card,Mumbai,Maharashtra,46.0,Male,9168.8,2024-12,2024
ORD000202,CUST0265,2025-04-21,Running Shoes,Sports,1,4976.1,0.15,Credit Card,New Delhi,Delhi,54.0,Female,4229.69,2025-04,2025
ORD001333,CUST1085,2024-03-01,Laptop Stand,Electronics,2,52694.41,0.05,UPI,Thiruvananthapuram,Kerala,28.0,Female,100119.38,2024-03,2024
ORD003503,CUST0122,2024-09-15,Coffee Maker,Home & Kitchen,1,7542.63,0.1,Debit Card,Coimbatore,Tamil Nadu,25.0,Male,6788.37,2024-09,2024
ORD002709,CUST0438,2024-06-28,T-Shirt,Fashion,1,3455.03,0.0,Credit Card,Pune,Maharashtra,21.0,Female,3455.03,2024-06,2024
ORD004663,CUST0539,2025-03-08,Face Wash,Beauty,2,2377.48,0.15,Debit Card,Warangal,Telangana,21.0,Female,4041.72,2025-03,2025
ORD004022,CUST0176,2024-10-20,Bluetooth Speaker,Electronics,2,49326.66,0.05,UPI,Bengaluru,Karnataka,,Male,93720.65,2024-10,2024
ORD001855,CUST0873,2024-10-22,Cookware Set,Home & Kitchen,3,14504.45,0.0,UPI,Kochi,Kerala,34.0,Male,43513.35,2024-10,2024
ORD005359,CUST0724,2024-09-28,SQL Guide,Books,2,1856.43,0.0,UPI,Bengaluru,Karnataka,40.0,Male,3712.86,2024-09,2024
ORD002873,CUST0584,2024-06-24,Machine Learning Book,Books,3,581.24,0.15,Debit Card,Mysuru,Karnataka,19.0,Female,1482.16,2024-06,2024
ORD003031,CUST0662,2025-09-25,Shampoo,Beauty,1,2093.54,0.0,Credit Card,Trichy,Tamil Nadu,18.0,Male,2093.54,2025-09,2025
ORD001206,CUST1084,2024-12-29,Laptop Stand,Electronics,1,12995.85,0.1,Net Banking,Kochi,Kerala,34.0,Male,11696.27,2024-12,2024
ORD001646,CUST0570,2024-10-22,Smart Watch,Electronics,3,72719.49,0.15,Net Banking,Kochi,Kerala,24.0,Female,185434.7,2024-10,2024
ORD003418,CUST0997,2025-02-28,Running Shoes,Sports,1,1413.19,0.15,Cash on Delivery,Bengaluru,Karnataka,18.0,Male,1201.21,2025-02,2025
ORD003477,CUST0933,2025-03-26,Smart Watch,Electronics,1,5507.46,0.1,Credit Card,Kochi,Kerala,34.0,Female,4956.71,2025-03,2025
ORD002862,CUST0646,2025-02-01,Power Bank,Electronics,1,52883.71,0.15,Debit Card,Mumbai,Maharashtra,34.0,Female,44951.15,2025-02,2025
ORD001793,CUST0721,2024-12-27,Cookware Set,Home & Kitchen,2,4021.03,0.05,Credit Card,Madurai,Tamil Nadu,43.0,Male,7639.96,2024-12,2024
ORD003798,CUST0093,2024-01-12,Python Programming,Books,3,1333.6,0.0,Cash on Delivery,Mysuru,Karnataka,35.0,Female,4000.8,2024-01,2024
ORD003369,CUST0037,2024-12-10,Backpack,Fashion,1,4086.86,0.05,Debit Card,Thiruvananthapuram,Kerala,44.0,Male,3882.52,2024-12,2024
ORD003368,CUST0505,2024-12-17,Jacket,Fashion,3,547.64,0.0,Debit Card,Warangal,Telangana,37.0,Female,1642.92,2024-12,2024
ORD003534,CUST0262,2025-08-08,Business Analytics,Books,4,1489.56,0.1,UPI,Nagpur,Maharashtra,44.0,Male,5362.42,2025-08,2025
ORD005260,CUST0433,2025-04-27,Sunscreen,Beauty,2,2693.2,0.15,UPI,Thiruvananthapuram,Kerala,24.0,Female,4578.44,2025-04,2025
ORD003450,CUST0878,2024-05-19,Business Analytics,Books,1,927.28,0.05,UPI,Mumbai,Maharashtra,32.0,Male,880.92,2024-05,2024
ORD000604,CUST0872,2024-12-22,Table Lamp,Home & Kitchen,2,645.68,0.0,Credit Card,Nagpur,Maharashtra,41.0,Male,1291.36,2024-12,2024
ORD003057,CUST0048,2025-07-25,Perfume,Beauty,2,3831.25,0.0,Credit Card,Warangal,Telangana,28.0,Male,7662.5,2025-07,2025
ORD005213,CUST0995,2024-05-05,Business Analytics,Books,1,1969.38,0.1,Credit Card,Mumbai,Maharashtra,38.0,Male,1772.44,2024-05,2024
ORD000127,CUST0662,2025-12-23,T-Shirt,Fashion,2,1540.04,0.15,UPI,Nagpur,Maharashtra,29.0,Male,2618.07,2025-12,2025
ORD003877,CUST0614,2024-06-05,Cookware Set,Home & Kitchen,4,9805.4,0.05,Debit Card,Hyderabad,Telangana,29.0,Female,37260.52,2024-06,2024
ORD002936,CUST0721,2024-11-28,Power Bank,Electronics,1,9501.08,0.05,UPI,Thiruvananthapuram,Kerala,32.0,Female,9026.03,2024-11,2024
ORD004452,CUST1185,2025-11-17,Coffee Maker,Home & Kitchen,1,5609.89,0.0,UPI,New Delhi,Delhi,33.0,Female,5609.89,2025-11,2025
ORD003532,CUST1183,2024-01-20,T-Shirt,Fashion,2,3694.46,0.15,Debit Card,New Delhi,Delhi,31.0,Male,6280.58,2024-01,2024
ORD002731,CUST0819,2025-06-12,Backpack,Fashion,3,2703.32,0.1,Net Banking,Kochi,Kerala,28.0,Male,7298.96,2025-06,2025
ORD000828,CUST0846,2024-07-18,Machine Learning Book,Books,1,296.15,0.05,Credit Card,Hyderabad,Telangana,20.0,Male,281.34,2024-07,2024
ORD001640,CUST0491,2025-11-20,Backpack,Fashion,1,1109.08,0.05,Debit Card,New Delhi,Delhi,21.0,Other,1053.63,2025-11,2025
ORD000985,CUST0270,2025-07-12,Dumbbells,Sports,1,2515.71,0.15,Net Banking,Nagpur,Maharashtra,32.0,Female,2138.35,2025-07,2025
ORD003282,CUST0515,2025-12-01,Sunscreen,Beauty,2,3499.47,0.05,Credit Card,Warangal,Telangana,39.0,Male,6648.99,2025-12,2025
ORD005963,CUST0731,2024-08-14,Cricket Bat,Sports,1,3639.46,0.1,UPI,Bengaluru,Karnataka,30.0,Female,3275.51,2024-08,2024
ORD002189,CUST0269,2025-10-31,Table Lamp,Home & Kitchen,5,7899.53,0.05,UPI,New Delhi,Delhi,44.0,Female,37522.77,2025-10,2025
ORD005524,CUST0642,2024-08-04,Face Wash,Beauty,5,3431.89,0.0,Credit Card,Kochi,Kerala,26.0,Male,17159.45,2024-08,2024
ORD002444,CUST0295,2024-07-31,Jacket,Fashion,4,1227.89,0.15,UPI,Salem,Tamil Nadu,43.0,Male,4174.83,2024-07,2024
ORD000363,CUST0159,2024-06-19,Machine Learning Book,Books,3,1445.41,0.1,Credit Card,Mangaluru,Karnataka,43.0,Male,3902.61,2024-06,2024
ORD002350,CUST0924,2024-12-07,T-Shirt,Fashion,1,1330.81,0.0,UPI,New Delhi,Delhi,34.0,Male,1330.81,2024-12,2024
ORD000346,CUST0871,2024-04-13,T-Shirt,Fashion,1,5149.41,0.2,Cash on Delivery,New Delhi,Delhi,29.0,Female,4119.53,2024-04,2024
ORD000815,CUST0334,2025-05-16,Running Shoes,Sports,1,6878.0,0.1,Cash on Delivery,Pune,Maharashtra,21.0,Female,6190.2,2025-05,2025
ORD004808,CUST0073,2025-05-27,Backpack,Fashion,5,4086.27,0.05,Cash on Delivery,Mangaluru,Karnataka,27.0,Male,19409.78,2025-05,2025
ORD003206,CUST0866,2024-06-19,Jacket,Fashion,3,5740.72,0.05,Credit Card,Kochi,Kerala,36.0,Male,16361.05,2024-06,2024
ORD005415,CUST0503,2025-11-19,Wireless Headphones,Electronics,3,6144.67,0.05,Debit Card,Bengaluru,Karnataka,35.0,Female,17512.31,2025-11,2025
ORD005750,CUST0863,2025-09-20,Backpack,Fashion,2,466.93,0.0,Debit Card,Hyderabad,Telangana,30.0,Male,933.86,2025-09,2025
ORD003326,CUST0345,2025-09-12,Laptop Stand,Electronics,1,18110.51,0.0,UPI,New Delhi,Delhi,29.0,Male,18110.51,2025-09,2025
ORD004107,CUST0206,2025-04-19,Wireless Headphones,Electronics,2,59903.86,0.0,Net Banking,Mangaluru,Karnataka,43.0,Female,119807.72,2025-04,2025
ORD002117,CUST0254,2025-12-30,Sneakers,Fashion,2,1373.29,0.0,Debit Card,New Delhi,Delhi,36.0,Other,2746.58,2025-12,2025
ORD001835,CUST0395,2024-09-12,Sneakers,Fashion,5,3584.06,0.15,Cash on Delivery,Nagpur,Maharashtra,21.0,Female,15232.26,2024-09,2024
ORD000794,CUST0149,2025-06-16,Table Lamp,Home & Kitchen,2,2706.53,0.0,UPI,Mumbai,Maharashtra,30.0,Male,5413.06,2025-06,2025
ORD005936,CUST0114,2024-02-10,Bluetooth Speaker,Electronics,1,76166.36,0.15,Cash on Delivery,Kochi,Kerala,29.0,Female,64741.41,2024-02,2024
ORD002675,CUST0144,2024-08-02,Smart Watch,Electronics,3,60280.14,0.15,Credit Card,Madurai,Tamil Nadu,50.0,Female,153714.36,2024-08,2024
ORD000095,CUST0172,2024-04-17,Python Programming,Books,3,1803.76,0.1,UPI,Hyderabad,Telangana,,Female,4870.15,2024-04,2024
ORD004226,CUST0946,2025-08-20,Moisturizer,Beauty,2,528.74,0.2,UPI,Warangal,Telangana,36.0,Female,845.98,2025-08,2025
ORD003757,CUST1013,2024-08-24,Shampoo,Beauty,2,754.64,0.15,UPI,Salem,Tamil Nadu,27.0,Female,1282.89,2024-08,2024
ORD002892,CUST0981,2024-07-07,Jeans,Fashion,2,4278.49,0.1,Credit Card,Mangaluru,Karnataka,39.0,Male,7701.28,2024-07,2024
ORD002372,CUST0872,2025-07-26,Jacket,Fashion,4,1315.72,0.15,Credit Card,Nagpur,Maharashtra,18.0,Female,4473.45,2025-07,2025
ORD004966,CUST0231,2025-11-14,Sneakers,Fashion,2,5577.61,0.1,Debit Card,Bengaluru,Karnataka,35.0,Male,10039.7,2025-11,2025
ORD005668,CUST0889,2024-04-16,Bedsheet,Home & Kitchen,2,10887.8,0.15,UPI,Mangaluru,Karnataka,29.0,Female,18509.26,2024-04,2024
ORD003229,CUST0151,2024-11-13,Table Lamp,Home & Kitchen,1,6967.56,0.0,UPI,New Delhi,Delhi,42.0,Male,6967.56,2024-11,2024
ORD005343,CUST0671,2024-09-10,Smart Watch,Electronics,2,50146.51,0.15,Debit Card,Nagpur,Maharashtra,27.0,Female,85249.07,2024-09,2024
ORD002854,CUST0667,2025-04-03,Cookware Set,Home & Kitchen,1,13385.51,0.0,Debit Card,Mumbai,Maharashtra,18.0,Male,13385.51,2025-04,2025
ORD002913,CUST0084,2025-10-14,Mixer Grinder,Home & Kitchen,1,2378.23,0.15,Credit Card,Hyderabad,Telangana,36.0,Female,2021.5,2025-10,2025
ORD001866,CUST0232,2024-08-21,Cricket Bat,Sports,2,5769.45,0.05,Credit Card,Kochi,Kerala,19.0,Male,10961.96,2024-08,2024
ORD004613,CUST0094,2024-10-22,Business Analytics,Books,1,1681.73,0.0,Cash on Delivery,Kochi,Kerala,24.0,Male,1681.73,2024-10,2024
ORD001858,CUST0025,2024-11-10,Face Wash,Beauty,1,2021.5,0.0,UPI,Kochi,Kerala,28.0,Female,2021.5,2024-11,2024
ORD002646,CUST1158,2025-11-04,Power Bank,Electronics,3,46250.44,0.0,Credit Card,Kochi,Kerala,42.0,Male,138751.32,2025-11,2025
ORD002244,CUST0266,2024-01-30,Table Lamp,Home & Kitchen,2,855.05,0.0,Net Banking,Mumbai,Maharashtra,22.0,Male,1710.1,2024-01,2024
ORD002337,CUST0545,2025-02-02,SQL Guide,Books,5,1042.86,0.1,UPI,Bengaluru,Karnataka,43.0,Male,4692.87,2025-02,2025
ORD000951,CUST0428,2025-03-19,Running Shoes,Sports,2,3522.66,0.05,Net Banking,Chennai,Tamil Nadu,34.0,Male,6693.05,2025-03,2025
ORD003069,CUST0307,2024-07-26,Python Programming,Books,4,1100.16,0.05,Credit Card,New Delhi,Delhi,37.0,Male,4180.61,2024-07,2024
ORD001121,CUST0813,2025-11-20,Sneakers,Fashion,1,3300.6,0.0,Credit Card,Mysuru,Karnataka,39.0,Male,3300.6,2025-11,2025
ORD002598,CUST0521,2024-12-23,Cricket Bat,Sports,1,2609.72,0.1,UPI,Madurai,Tamil Nadu,19.0,Female,2348.75,2024-12,2024
ORD002205,CUST0308,2025-11-05,Bluetooth Speaker,Electronics,1,32416.68,0.0,UPI,Kochi,Kerala,46.0,Male,32416.68,2025-11,2025
ORD000420,CUST0834,2025-10-15,Machine Learning Book,Books,2,1488.7,0.05,Credit Card,Mumbai,Maharashtra,32.0,Male,2828.53,2025-10,2025
ORD000923,CUST1185,2025-02-23,Smart Watch,Electronics,1,66059.25,0.1,UPI,Hyderabad,Telangana,42.0,Female,59453.32,2025-02,2025
ORD001255,CUST0681,2024-07-11,Bluetooth Speaker,Electronics,2,2259.99,0.0,UPI,Mumbai,Maharashtra,26.0,Male,4519.98,2024-07,2024
ORD000478,CUST0668,2024-04-17,Table Lamp,Home & Kitchen,1,6214.31,0.15,UPI,New Delhi,Delhi,27.0,Female,5282.16,2024-04,2024
ORD002036,CUST0453,2025-03-20,Cricket Bat,Sports,2,9115.99,0.1,Debit Card,Bengaluru,Karnataka,18.0,Male,16408.78,2025-03,2025
ORD001203,CUST0107,2024-01-31,Cookware Set,Home & Kitchen,1,5720.95,0.05,UPI,Mangaluru,Karnataka,26.0,Male,5434.9,2024-01,2024
ORD002627,CUST0602,2024-09-02,Cookware Set,Home & Kitchen,1,527.59,0.2,Cash on Delivery,Mumbai,Maharashtra,25.0,Male,422.07,2024-09,2024
ORD005774,CUST0583,2025-09-03,Perfume,Beauty,1,458.34,0.0,Cash on Delivery,Kochi,Kerala,18.0,Female,458.34,2025-09,2025
ORD001971,CUST1114,2025-08-02,Business Analytics,Books,3,1975.24,,Credit Card,Madurai,Tamil Nadu,43.0,Female,5925.72,2025-08,2025
ORD003111,CUST0367,2025-12-06,Jeans,Fashion,2,2943.48,0.0,Net Banking,Hyderabad,Telangana,29.0,Female,5886.96,2025-12,2025
ORD004019,CUST0555,2024-09-14,Machine Learning Book,Books,2,1713.11,0.2,UPI,Mumbai,Maharashtra,,Male,2740.98,2024-09,2024
ORD002152,CUST0865,2025-10-16,Smart Watch,Electronics,5,75763.27,0.0,UPI,Chennai,Tamil Nadu,35.0,Female,378816.35,2025-10,2025
ORD003688,CUST0687,2024-07-17,Jacket,Fashion,4,1241.77,0.15,Credit Card,Warangal,Telangana,29.0,Male,4222.02,2024-07,2024
ORD004917,CUST0495,2025-09-21,Backpack,Fashion,2,2764.21,0.1,Cash on Delivery,Chennai,Tamil Nadu,42.0,Male,4975.58,2025-09,2025
ORD001998,CUST0887,2025-10-03,Running Shoes,Sports,3,5151.73,0.15,UPI,Salem,Tamil Nadu,37.0,Male,13136.91,2025-10,2025
ORD004034,CUST0707,2025-09-10,Backpack,Fashion,3,5062.09,0.0,UPI,New Delhi,Delhi,23.0,Female,15186.27,2025-09,2025
ORD005884,CUST0771,2024-02-08,Wireless Headphones,Electronics,2,43576.91,0.0,UPI,Pune,Maharashtra,24.0,Male,87153.82,2024-02,2024
ORD003055,CUST0475,2025-01-07,Business Analytics,Books,2,962.64,0.0,Debit Card,New Delhi,Delhi,35.0,Male,1925.28,2025-01,2025
ORD001249,CUST0653,2024-11-13,T-Shirt,Fashion,1,4879.7,0.15,UPI,Hyderabad,Telangana,27.0,Male,4147.74,2024-11,2024
ORD002193,CUST0911,2025-07-10,Table Lamp,Home & Kitchen,2,2679.28,0.0,UPI,New Delhi,Delhi,34.0,Other,5358.56,2025-07,2025
ORD002713,CUST0125,2024-05-21,Sneakers,Fashion,1,589.47,0.1,Credit Card,Coimbatore,Tamil Nadu,42.0,Other,530.52,2024-05,2024
ORD000993,CUST0615,2025-12-06,Football,Sports,2,2074.62,0.2,UPI,Hyderabad,Telangana,23.0,Male,3319.39,2025-12,2025
ORD002191,CUST0861,2025-03-04,Backpack,Fashion,5,941.25,0.1,Credit Card,Hyderabad,Telangana,40.0,Male,4235.62,2025-03,2025
ORD004671,CUST0714,2024-10-08,Power Bank,Electronics,2,46333.23,0.1,Debit Card,Bengaluru,Karnataka,18.0,Female,83399.81,2024-10,2024
ORD003763,CUST0386,2024-07-31,Business Analytics,Books,1,934.64,0.0,UPI,New Delhi,Delhi,26.0,Male,934.64,2024-07,2024
ORD003598,CUST0896,2025-11-06,Jeans,Fashion,3,2310.34,0.0,Debit Card,Mangaluru,Karnataka,19.0,Male,6931.02,2025-11,2025
ORD004712,CUST0447,2024-01-24,Perfume,Beauty,2,1085.71,0.0,UPI,Chennai,Tamil Nadu,44.0,Male,2171.42,2024-01,2024
ORD001319,CUST0879,2025-02-01,Mixer Grinder,Home & Kitchen,2,7017.16,0.1,UPI,Chennai,Tamil Nadu,33.0,Female,12630.89,2025-02,2025
ORD001864,CUST0756,2024-07-15,Data Analytics Book,Books,3,435.97,0.1,UPI,New Delhi,Delhi,18.0,Female,1177.12,2024-07,2024
ORD002344,CUST0680,2025-09-18,Sneakers,Fashion,1,2327.74,0.1,Net Banking,New Delhi,Delhi,30.0,Female,2094.97,2025-09,2025
ORD002450,CUST1019,2024-04-19,Football,Sports,2,1993.69,0.1,Credit Card,Madurai,Tamil Nadu,35.0,Female,3588.64,2024-04,2024
ORD002137,CUST1009,2025-01-30,Power Bank,Electronics,2,61784.9,0.05,UPI,New Delhi,Delhi,,Female,117391.31,2025-01,2025
ORD001066,CUST1001,2025-11-03,Bedsheet,Home & Kitchen,1,11230.52,0.1,UPI,Mysuru,Karnataka,27.0,Female,10107.47,2025-11,2025
ORD005951,CUST0747,2024-05-19,Business Analytics,Books,5,1898.8,0.15,,Thiruvananthapuram,Kerala,26.0,Female,8069.9,2024-05,2024
ORD004228,CUST0555,2025-09-16,Running Shoes,Sports,3,1331.45,0.05,Credit Card,Mysuru,Karnataka,23.0,Female,3794.63,2025-09,2025
ORD002622,CUST0579,2025-06-20,Wireless Headphones,Electronics,1,72498.57,0.0,UPI,New Delhi,Delhi,18.0,Male,72498.57,2025-06,2025
ORD000078,CUST1161,2024-11-04,Wireless Headphones,Electronics,1,43361.73,0.15,UPI,Thiruvananthapuram,Kerala,27.0,Male,36857.47,2024-11,2024
ORD002899,CUST0961,2025-05-04,SQL Guide,Books,4,1741.76,0.2,Debit Card,Warangal,Telangana,36.0,Male,5573.63,2025-05,2025
ORD004821,CUST0721,2025-04-08,Python Programming,Books,1,1863.97,0.15,Cash on Delivery,Nagpur,Maharashtra,18.0,Female,1584.37,2025-04,2025
ORD001315,CUST0155,2024-10-13,T-Shirt,Fashion,1,4914.77,0.15,Cash on Delivery,Pune,Maharashtra,30.0,Female,4177.55,2024-10,2024
ORD005232,CUST0001,2025-10-08,Shampoo,Beauty,1,439.37,0.1,Credit Card,Hyderabad,Telangana,38.0,Male,395.43,2025-10,2025
ORD000873,CUST0986,2025-05-17,Bluetooth Speaker,Electronics,3,8263.84,0.1,UPI,Thiruvananthapuram,Kerala,26.0,Female,22312.37,2025-05,2025
ORD003851,CUST0495,2024-10-31,Jacket,Fashion,1,1334.53,0.15,Debit Card,Hyderabad,Telangana,35.0,Male,1134.35,2024-10,2024
ORD005843,CUST0347,2024-02-17,Shampoo,Beauty,1,1337.4,0.1,UPI,Salem,Tamil Nadu,18.0,Female,1203.66,2024-02,2024
ORD002966,CUST0804,2024-09-25,Face Wash,Beauty,3,1707.9,0.1,Debit Card,Mangaluru,Karnataka,39.0,Female,4611.33,2024-09,2024
ORD003392,CUST1068,2024-09-04,Table Lamp,Home & Kitchen,1,11966.81,0.05,Credit Card,Kochi,Kerala,40.0,Male,11368.47,2024-09,2024
ORD002561,CUST0365,2025-06-10,Power Bank,Electronics,2,2936.39,0.1,Credit Card,Thiruvananthapuram,Kerala,24.0,Female,5285.5,2025-06,2025
ORD005877,CUST1194,2024-05-07,Table Lamp,Home & Kitchen,3,14017.14,0.05,Net Banking,Thiruvananthapuram,Kerala,51.0,Female,39948.85,2024-05,2024
ORD002636,CUST0372,2024-04-13,Perfume,Beauty,2,3931.86,0.15,Credit Card,Thiruvananthapuram,Kerala,28.0,Female,6684.16,2024-04,2024
ORD003531,CUST0276,2025-09-02,Running Shoes,Sports,4,5794.19,0.0,Credit Card,Pune,Maharashtra,30.0,Female,23176.76,2025-09,2025
ORD000376,CUST0589,2024-10-26,Python Programming,Books,1,1963.77,0.1,Debit Card,Hyderabad,Telangana,31.0,Male,1767.39,2024-10,2024
ORD001909,CUST1083,2025-10-29,Backpack,Fashion,4,5715.26,0.2,Cash on Delivery,Warangal,Telangana,27.0,Female,18288.83,2025-10,2025
ORD004430,CUST0816,2024-06-08,Moisturizer,Beauty,2,1280.03,0.1,Cash on Delivery,Warangal,Telangana,35.0,Female,2304.05,2024-06,2024
ORD005183,CUST0403,2024-02-22,Machine Learning Book,Books,3,1883.1,0.0,Net Banking,Salem,Tamil Nadu,22.0,Female,5649.3,2024-02,2024
ORD005241,CUST0207,2024-07-20,Smart Watch,Electronics,1,11598.06,0.05,UPI,Pune,Maharashtra,34.0,Female,11018.16,2024-07,2024
ORD004028,CUST0749,2025-07-05,Cricket Bat,Sports,1,1348.51,0.0,Debit Card,Warangal,Telangana,18.0,Female,1348.51,2025-07,2025
ORD001605,CUST0228,2025-07-14,Moisturizer,Beauty,3,2648.28,0.05,UPI,Trichy,Tamil Nadu,41.0,Male,7547.6,2025-07,2025
ORD001119,CUST0025,2024-07-15,T-Shirt,Fashion,5,4864.54,0.05,Cash on Delivery,Warangal,Telangana,21.0,Male,23106.56,2024-07,2024
ORD003678,CUST0022,2025-04-27,Jeans,Fashion,1,2137.61,0.05,Debit Card,New Delhi,Delhi,19.0,Female,2030.73,2025-04,2025
ORD003491,CUST0293,2024-05-24,Moisturizer,Beauty,2,1272.46,0.15,Credit Card,New Delhi,Delhi,36.0,Male,2163.18,2024-05,2024
ORD005836,CUST0484,2025-01-26,Cookware Set,Home & Kitchen,1,14356.46,0.15,UPI,Thiruvananthapuram,Kerala,49.0,Female,12202.99,2025-01,2025
ORD002959,CUST0547,2025-04-07,Cookware Set,Home & Kitchen,3,6961.01,0.1,Credit Card,Trichy,Tamil Nadu,31.0,Other,18794.73,2025-04,2025
ORD001995,CUST0077,2024-08-09,Moisturizer,Beauty,2,2399.01,0.0,Net Banking,Mumbai,Maharashtra,31.0,Male,4798.02,2024-08,2024
ORD005946,CUST0966,2024-09-03,Data Analytics Book,Books,1,349.66,0.05,Credit Card,Warangal,Telangana,35.0,Female,332.18,2024-09,2024
ORD005207,CUST0937,2024-12-21,T-Shirt,Fashion,1,4430.37,0.0,UPI,Trichy,Tamil Nadu,34.0,Female,4430.37,2024-12,2024
ORD002377,CUST0883,2025-02-10,SQL Guide,Books,3,1448.58,0.05,Credit Card,New Delhi,Delhi,38.0,Male,4128.45,2025-02,2025
ORD001343,CUST0398,2024-10-30,Coffee Maker,Home & Kitchen,1,13833.6,0.1,UPI,Mumbai,Maharashtra,18.0,Female,12450.24,2024-10,2024
ORD000321,CUST0019,2025-01-17,Jeans,Fashion,1,2480.32,0.1,Debit Card,Kochi,Kerala,45.0,Female,2232.29,2025-01,2025
ORD001620,CUST0702,2024-08-28,Data Analytics Book,Books,1,1416.95,0.15,Credit Card,Coimbatore,Tamil Nadu,23.0,Female,1204.41,2024-08,2024
ORD003714,CUST0211,2024-08-01,Football,Sports,1,2617.8,0.1,Cash on Delivery,Kochi,Kerala,41.0,Male,2356.02,2024-08,2024
ORD002061,CUST0419,2025-08-07,T-Shirt,Fashion,3,5187.32,,UPI,Mysuru,Karnataka,34.0,Female,14783.86,2025-08,2025
ORD002220,CUST1084,2025-10-03,Python Programming,Books,1,423.97,0.05,Cash on Delivery,Nagpur,Maharashtra,38.0,Male,402.77,2025-10,2025
ORD001674,CUST0146,2024-05-25,Coffee Maker,Home & Kitchen,2,1735.6,0.0,Credit Card,Nagpur,Maharashtra,20.0,Male,3471.2,2024-05,2024
ORD000261,CUST0272,2025-11-11,Cookware Set,Home & Kitchen,4,3053.38,0.0,UPI,Pune,Maharashtra,18.0,Male,12213.52,2025-11,2025
ORD005292,CUST1115,2025-02-12,Power Bank,Electronics,1,52519.94,0.05,Debit Card,Mangaluru,Karnataka,30.0,Male,49893.94,2025-02,2025
ORD002040,CUST0954,2025-03-25,Yoga Mat,Sports,1,7333.08,0.05,Credit Card,Pune,Maharashtra,38.0,Male,6966.43,2025-03,2025
ORD004786,CUST0790,2024-02-26,Laptop Stand,Electronics,2,27842.23,0.05,Cash on Delivery,Thiruvananthapuram,Kerala,24.0,Male,52900.24,2024-02,2024
ORD000902,CUST0628,2025-01-07,Shampoo,Beauty,5,3781.13,0.15,Credit Card,Mumbai,Maharashtra,18.0,Female,16069.8,2025-01,2025
ORD003745,CUST0090,2025-09-17,Data Analytics Book,Books,1,780.58,0.15,UPI,Pune,Maharashtra,29.0,Female,663.49,2025-09,2025
ORD002027,CUST0767,2025-05-01,Jeans,Fashion,4,3613.74,0.0,Credit Card,Pune,Maharashtra,26.0,Female,14454.96,2025-05,2025
ORD004235,CUST0442,2025-11-08,Jeans,Fashion,2,3760.6,0.0,Debit Card,Salem,Tamil Nadu,38.0,Female,7521.2,2025-11,2025
ORD001918,CUST0406,2024-06-04,Moisturizer,Beauty,3,2333.01,0.05,Net Banking,Kochi,Kerala,43.0,Male,6649.08,2024-06,2024
ORD001829,CUST0472,2024-09-19,Jeans,Fashion,1,3887.05,0.0,Debit Card,New Delhi,Delhi,18.0,Female,3887.05,2024-09,2024
ORD001574,CUST0634,2025-07-05,Yoga Mat,Sports,1,2774.82,0.1,Debit Card,Hyderabad,Telangana,21.0,Female,2497.34,2025-07,2025
ORD004416,CUST0646,2025-06-23,Table Lamp,Home & Kitchen,2,14038.34,0.1,Cash on Delivery,Trichy,Tamil Nadu,39.0,Female,25269.01,2025-06,2025
ORD004750,CUST0749,2025-07-17,Yoga Mat,Sports,3,4140.26,0.1,Net Banking,Madurai,Tamil Nadu,39.0,Male,11178.7,2025-07,2025
ORD005261,CUST1045,2025-07-30,Laptop Stand,Electronics,3,52003.71,0.2,UPI,Mysuru,Karnataka,35.0,Female,124808.9,2025-07,2025
ORD004655,CUST0215,2024-01-21,Laptop Stand,Electronics,3,78497.59,0.1,Cash on Delivery,Mysuru,Karnataka,53.0,Female,211943.49,2024-01,2024
ORD004209,CUST0349,2025-03-29,Cricket Bat,Sports,1,5470.83,0.0,Credit Card,Mysuru,Karnataka,39.0,Male,5470.83,2025-03,2025
ORD004628,CUST0625,2024-10-22,Face Wash,Beauty,2,1367.48,0.05,Debit Card,Mumbai,Maharashtra,34.0,Female,2598.21,2024-10,2024
ORD000225,CUST0933,2025-10-29,Sunscreen,Beauty,1,275.16,0.05,Debit Card,Chennai,Tamil Nadu,29.0,Female,261.4,2025-10,2025
ORD000724,CUST1125,2025-04-11,Cricket Bat,Sports,2,3238.81,0.1,UPI,Kochi,Kerala,47.0,Female,5829.86,2025-04,2025
ORD005379,CUST0900,2025-06-27,SQL Guide,Books,1,1662.74,0.05,Debit Card,Hyderabad,Telangana,25.0,Female,1579.6,2025-06,2025
ORD001142,CUST0357,2024-08-07,Wireless Headphones,Electronics,1,44127.25,0.2,Credit Card,Mangaluru,Karnataka,32.0,Female,35301.8,2024-08,2024
ORD002763,CUST0733,2024-08-15,Wireless Headphones,Electronics,2,44715.98,0.2,Debit Card,Chennai,Tamil Nadu,24.0,Male,71545.57,2024-08,2024
ORD000847,CUST0365,2025-02-04,Dumbbells,Sports,1,897.31,0.1,Credit Card,Salem,Tamil Nadu,39.0,Female,807.58,2025-02,2025
ORD004290,CUST0198,2024-01-12,Table Lamp,Home & Kitchen,5,5006.9,0.1,UPI,Kochi,Kerala,26.0,Male,22531.05,2024-01,2024
ORD005043,CUST0432,2025-11-05,T-Shirt,Fashion,2,2946.78,0.15,UPI,New Delhi,Delhi,39.0,Female,5009.53,2025-11,2025
ORD002552,CUST1182,2025-09-18,SQL Guide,Books,1,1824.82,0.15,UPI,Warangal,Telangana,33.0,Male,1551.1,2025-09,2025
ORD002929,CUST1030,2024-03-23,Table Lamp,Home & Kitchen,1,503.6,0.0,Debit Card,Mangaluru,Karnataka,38.0,Male,503.6,2024-03,2024
ORD000118,CUST0520,2025-10-18,Running Shoes,Sports,1,809.0,,Credit Card,Hyderabad,Telangana,28.0,Female,687.65,2025-10,2025
ORD000646,CUST0826,2025-07-04,Bluetooth Speaker,Electronics,2,31112.15,0.15,UPI,Salem,Tamil Nadu,36.0,Male,52890.66,2025-07,2025
ORD000004,CUST0242,2024-01-14,Jeans,Fashion,2,1083.41,0.05,UPI,Thiruvananthapuram,Kerala,34.0,Female,2058.48,2024-01,2024
ORD004171,CUST1004,2024-08-23,Sneakers,Fashion,3,5381.36,0.15,Credit Card,Kochi,Kerala,30.0,Male,13722.47,2024-08,2024
ORD000468,CUST0631,2025-06-30,Python Programming,Books,1,368.86,0.1,UPI,Warangal,Telangana,25.0,Female,331.97,2025-06,2025
ORD000006,CUST0816,2024-09-26,Backpack,Fashion,1,5040.93,0.05,,Salem,Tamil Nadu,41.0,Male,4788.88,2024-09,2024
ORD000920,CUST1033,2024-06-12,Sneakers,Fashion,1,5795.51,0.15,Debit Card,Hyderabad,Telangana,39.0,Female,4926.18,2024-06,2024
ORD002596,CUST0158,2024-10-26,Sneakers,Fashion,1,3262.75,0.15,Debit Card,Pune,Maharashtra,24.0,Female,2773.34,2024-10,2024
ORD004325,CUST0639,2024-07-24,T-Shirt,Fashion,3,1412.75,0.0,UPI,Mumbai,Maharashtra,24.0,Female,4238.25,2024-07,2024
ORD001064,CUST0308,2024-08-13,Jacket,Fashion,2,5821.69,0.15,UPI,Hyderabad,Telangana,26.0,Female,9896.87,2024-08,2024
ORD002591,CUST0543,2024-10-27,Dumbbells,Sports,2,8533.7,0.2,UPI,Thiruvananthapuram,Kerala,28.0,Other,13653.92,2024-10,2024
ORD000243,CUST0776,2025-04-15,Jeans,Fashion,1,1458.62,0.15,Debit Card,Mysuru,Karnataka,22.0,Male,1239.83,2025-04,2025
ORD005214,CUST0154,2025-07-18,Machine Learning Book,Books,2,795.09,0.1,Cash on Delivery,Madurai,Tamil Nadu,18.0,Female,1431.16,2025-07,2025
ORD001161,CUST0523,2025-01-15,Sneakers,Fashion,1,4762.98,0.1,UPI,Mysuru,Karnataka,38.0,Female,4286.68,2025-01,2025
ORD002871,CUST0890,2025-10-12,Jeans,Fashion,5,2331.54,0.15,Cash on Delivery,Warangal,Telangana,,Male,9909.04,2025-10,2025
ORD003736,CUST1052,2025-01-18,Running Shoes,Sports,1,1322.03,0.0,,Hyderabad,Telangana,42.0,Male,1322.03,2025-01,2025
ORD002398,CUST0781,2025-07-18,Cookware Set,Home & Kitchen,2,12988.61,0.2,Cash on Delivery,Thiruvananthapuram,Kerala,18.0,Female,20781.78,2025-07,2025
ORD003518,CUST1033,2025-11-15,Cricket Bat,Sports,1,5329.5,0.05,Debit Card,Warangal,Telangana,32.0,Male,5063.02,2025-11,2025
ORD003422,CUST0134,2024-06-23,Machine Learning Book,Books,1,581.21,0.0,Credit Card,New Delhi,Delhi,36.0,Female,581.21,2024-06,2024
ORD002564,CUST1150,2024-04-07,Jacket,Fashion,1,1491.01,0.05,Cash on Delivery,Mangaluru,Karnataka,22.0,Male,1416.46,2024-04,2024
ORD001606,CUST0918,2024-07-07,Backpack,Fashion,1,3205.58,0.05,Debit Card,Hyderabad,Telangana,26.0,Female,3045.3,2024-07,2024
ORD005786,CUST1189,2024-10-05,Shampoo,Beauty,1,3307.53,0.05,Net Banking,Mangaluru,Karnataka,19.0,Male,3142.15,2024-10,2024
ORD002325,CUST0102,2025-02-27,Backpack,Fashion,4,3415.85,0.15,Debit Card,Salem,Tamil Nadu,48.0,Female,11613.89,2025-02,2025
ORD002710,CUST0365,2025-12-26,Data Analytics Book,Books,1,1648.94,0.15,Net Banking,Hyderabad,Telangana,42.0,Female,1401.6,2025-12,2025
ORD005266,CUST0919,2025-12-10,Perfume,Beauty,2,424.39,0.1,Debit Card,Nagpur,Maharashtra,20.0,Female,763.9,2025-12,2025
ORD001313,CUST0637,2025-11-21,Moisturizer,Beauty,2,3466.6,0.1,Credit Card,Pune,Maharashtra,20.0,Female,6239.88,2025-11,2025
ORD003449,CUST0868,2024-05-11,Jeans,Fashion,2,5594.37,0.1,Cash on Delivery,Mangaluru,Karnataka,37.0,Female,10069.87,2024-05,2024
ORD003813,CUST0219,2024-12-21,Coffee Maker,Home & Kitchen,1,3026.61,0.1,Debit Card,Warangal,Telangana,18.0,Female,2723.95,2024-12,2024
ORD005581,CUST0508,2025-03-12,Mixer Grinder,Home & Kitchen,1,1100.42,0.0,UPI,New Delhi,Delhi,33.0,Female,1100.42,2025-03,2025
ORD002363,CUST0187,2025-05-30,Shampoo,Beauty,3,2323.25,0.05,UPI,Kochi,Kerala,24.0,Female,6621.26,2025-05,2025
ORD001976,CUST0117,2024-10-06,Cookware Set,Home & Kitchen,1,8445.22,0.15,Debit Card,New Delhi,Delhi,49.0,Male,7178.44,2024-10,2024
ORD003515,CUST0851,2025-02-06,Bedsheet,Home & Kitchen,1,2398.15,0.15,Debit Card,Madurai,Tamil Nadu,18.0,Male,2038.43,2025-02,2025
ORD001762,CUST0582,2024-03-12,SQL Guide,Books,2,1069.38,0.1,Debit Card,Madurai,Tamil Nadu,35.0,Male,1924.88,2024-03,2024
ORD002740,CUST0021,2024-09-20,Power Bank,Electronics,2,72776.38,0.05,Debit Card,Hyderabad,Telangana,42.0,Other,138275.12,2024-09,2024
ORD005588,CUST0221,2025-07-19,Sneakers,Fashion,2,3375.1,0.0,Credit Card,Bengaluru,Karnataka,37.0,Female,6750.2,2025-07,2025
ORD002473,CUST0057,2024-09-05,Mixer Grinder,Home & Kitchen,2,5561.86,0.0,Debit Card,Kochi,Kerala,26.0,Male,11123.72,2024-09,2024
ORD004008,CUST0061,2024-01-07,Machine Learning Book,Books,1,1585.55,0.0,Cash on Delivery,Pune,Maharashtra,48.0,Female,1585.55,2024-01,2024
ORD004719,CUST0491,2024-04-10,Table Lamp,Home & Kitchen,1,5245.28,0.0,UPI,Coimbatore,Tamil Nadu,37.0,Female,5245.28,2024-04,2024
ORD001494,CUST1012,2024-03-08,Backpack,Fashion,2,1684.2,0.05,Cash on Delivery,Mysuru,Karnataka,35.0,Female,3199.98,2024-03,2024
ORD004207,CUST0492,2025-01-13,Coffee Maker,Home & Kitchen,1,1658.52,0.05,UPI,Mysuru,Karnataka,43.0,Male,1575.59,2025-01,2025
ORD002159,CUST0765,2024-12-13,Backpack,Fashion,1,1421.52,0.05,UPI,New Delhi,Delhi,21.0,Male,1350.44,2024-12,2024
ORD001170,CUST1067,2024-05-29,Moisturizer,Beauty,2,1675.03,0.15,Debit Card,Salem,Tamil Nadu,31.0,Female,2847.55,2024-05,2024
ORD005416,CUST0206,2024-12-30,Bedsheet,Home & Kitchen,1,3806.2,0.05,Debit Card,Mumbai,Maharashtra,34.0,Female,3615.89,2024-12,2024
ORD000233,CUST0246,2024-05-19,Bluetooth Speaker,Electronics,4,12584.64,0.05,Net Banking,Hyderabad,Telangana,25.0,Female,47821.63,2024-05,2024
ORD000067,CUST0321,2025-10-03,Wireless Headphones,Electronics,1,74418.71,0.15,Net Banking,Chennai,Tamil Nadu,24.0,Male,63255.9,2025-10,2025
ORD001604,CUST0081,2024-01-11,Smart Watch,Electronics,1,63760.11,0.2,Debit Card,Kochi,Kerala,19.0,Female,51008.09,2024-01,2024
ORD003284,CUST1063,2025-06-17,Sneakers,Fashion,4,1732.46,0.1,Credit Card,Warangal,Telangana,21.0,Female,6236.86,2025-06,2025
ORD003597,CUST0285,2025-11-04,SQL Guide,Books,4,2455.24,0.2,Debit Card,Warangal,Telangana,19.0,Male,7856.77,2025-11,2025
ORD004633,CUST0222,2024-08-08,Football,Sports,2,9099.57,0.0,Credit Card,Mumbai,Maharashtra,25.0,Male,18199.14,2024-08,2024
ORD000126,CUST1171,2024-05-01,Business Analytics,Books,2,348.24,0.0,UPI,Thiruvananthapuram,Kerala,32.0,Female,696.48,2024-05,2024
ORD001297,CUST0938,2025-10-26,Wireless Headphones,Electronics,4,2328.49,0.1,Credit Card,New Delhi,Delhi,25.0,Male,8382.56,2025-10,2025
ORD001977,CUST0553,2025-06-20,Backpack,Fashion,1,4573.23,0.1,Cash on Delivery,Pune,Maharashtra,31.0,Female,4115.91,2025-06,2025
ORD005417,CUST0043,2024-11-01,Cookware Set,Home & Kitchen,1,7272.93,0.05,Net Banking,Kochi,Kerala,38.0,Male,6909.28,2024-11,2024
ORD005374,CUST0525,2024-11-28,Power Bank,Electronics,2,19339.17,0.0,Debit Card,Coimbatore,Tamil Nadu,18.0,Male,38678.34,2024-11,2024
ORD002076,CUST0357,2025-01-25,Mixer Grinder,Home & Kitchen,2,6072.61,0.15,Debit Card,Nagpur,Maharashtra,39.0,Male,10323.44,2025-01,2025
ORD004581,CUST0301,2025-09-15,T-Shirt,Fashion,2,3807.23,0.0,UPI,Hyderabad,Telangana,35.0,Male,7614.46,2025-09,2025
ORD003087,CUST0321,2024-11-18,Shampoo,Beauty,2,1459.73,0.2,Credit Card,New Delhi,Delhi,50.0,Female,2335.57,2024-11,2024
ORD005197,CUST0370,2025-05-21,T-Shirt,Fashion,3,4138.19,0.05,UPI,Bengaluru,Karnataka,32.0,Female,11793.84,2025-05,2025
ORD003346,CUST0318,2025-08-13,Running Shoes,Sports,1,9494.02,0.05,UPI,Kochi,Kerala,31.0,Female,9019.32,2025-08,2025
ORD005819,CUST0883,2024-01-08,Cookware Set,Home & Kitchen,1,3109.51,0.1,Debit Card,Nagpur,Maharashtra,27.0,Female,2798.56,2024-01,2024
ORD002798,CUST1067,2025-06-21,Face Wash,Beauty,4,769.17,0.05,Debit Card,Mumbai,Maharashtra,36.0,Male,2922.85,2025-06,2025
ORD000919,CUST0592,2025-11-21,Backpack,Fashion,3,4206.98,0.15,UPI,Thiruvananthapuram,Kerala,39.0,Male,10727.8,2025-11,2025
ORD001647,CUST0493,2024-06-27,Cookware Set,Home & Kitchen,1,10313.11,0.05,UPI,New Delhi,Delhi,27.0,Female,9797.45,2024-06,2024
ORD005123,CUST0771,2025-08-01,T-Shirt,Fashion,4,4530.12,0.0,Credit Card,Warangal,Telangana,26.0,Female,18120.48,2025-08,2025
ORD005127,CUST0063,2024-01-13,Face Wash,Beauty,4,3937.1,0.1,Credit Card,Hyderabad,Telangana,18.0,Female,14173.56,2024-01,2024
ORD004979,CUST0269,2024-06-06,Table Lamp,Home & Kitchen,3,6757.64,0.15,Credit Card,New Delhi,Delhi,35.0,Male,17231.98,2024-06,2024
ORD004622,CUST0250,2025-11-05,Mixer Grinder,Home & Kitchen,2,13040.76,0.1,,Warangal,Telangana,18.0,Male,23473.37,2025-11,2025
ORD000365,CUST1170,2024-10-14,Jeans,Fashion,2,5039.53,0.1,Debit Card,Salem,Tamil Nadu,29.0,Female,9071.15,2024-10,2024
ORD003288,CUST0815,2025-10-08,Python Programming,Books,2,503.09,0.1,,Coimbatore,Tamil Nadu,35.0,Male,905.56,2025-10,2025
ORD002126,CUST0202,2024-01-05,Football,Sports,3,7677.92,0.0,Credit Card,Kochi,Kerala,38.0,Female,23033.76,2024-01,2024
ORD004124,CUST0038,2024-07-29,Bluetooth Speaker,Electronics,1,48129.95,0.1,UPI,Pune,Maharashtra,43.0,Female,43316.96,2024-07,2024
ORD004570,CUST0054,2024-06-16,Laptop Stand,Electronics,1,64458.14,0.05,Credit Card,New Delhi,Delhi,24.0,Female,61235.23,2024-06,2024
ORD000526,CUST0554,2025-01-23,Laptop Stand,Electronics,1,60931.73,0.1,UPI,Coimbatore,Tamil Nadu,36.0,Female,54838.56,2025-01,2025
ORD004822,CUST0932,2025-02-25,Coffee Maker,Home & Kitchen,2,14750.59,0.15,Cash on Delivery,Mumbai,Maharashtra,22.0,Female,25076.0,2025-02,2025
ORD000056,CUST0848,2025-10-24,Laptop Stand,Electronics,4,41606.7,0.2,Credit Card,Warangal,Telangana,30.0,Male,133141.44,2025-10,2025
ORD000639,CUST0145,2025-08-24,Shampoo,Beauty,2,519.65,0.15,Net Banking,Salem,Tamil Nadu,18.0,Female,883.4,2025-08,2025
ORD000303,CUST0946,2025-03-24,Jacket,Fashion,2,3175.94,0.2,Credit Card,New Delhi,Delhi,27.0,Female,5081.5,2025-03,2025
ORD002767,CUST0846,2024-08-01,Yoga Mat,Sports,2,3116.8,0.1,UPI,Coimbatore,Tamil Nadu,41.0,Male,5610.24,2024-08,2024
ORD001277,CUST0254,2024-12-21,Football,Sports,1,7666.44,0.0,UPI,Chennai,Tamil Nadu,24.0,Male,7666.44,2024-12,2024
ORD004721,CUST1077,2025-03-29,Laptop Stand,Electronics,1,3748.0,0.1,UPI,Bengaluru,Karnataka,18.0,Female,3373.2,2025-03,2025
ORD002056,CUST0690,2024-12-23,Bluetooth Speaker,Electronics,3,13961.64,0.0,UPI,New Delhi,Delhi,23.0,Female,41884.92,2024-12,2024
ORD005146,CUST0430,2025-09-04,Sunscreen,Beauty,1,827.37,0.05,Credit Card,Mysuru,Karnataka,32.0,Male,786.0,2025-09,2025
ORD004433,CUST0013,2025-11-28,Football,Sports,3,7478.89,0.15,Net Banking,Warangal,Telangana,38.0,Female,19071.17,2025-11,2025
ORD003645,CUST0207,2024-03-25,Face Wash,Beauty,4,2047.29,0.0,UPI,Mysuru,Karnataka,44.0,Male,8189.16,2024-03,2024
ORD004144,CUST1071,2025-08-07,Dumbbells,Sports,2,8460.44,0.15,Cash on Delivery,New Delhi,Delhi,47.0,Female,14382.75,2025-08,2025
ORD002879,CUST0918,2024-02-03,Sunscreen,Beauty,1,3300.22,0.1,Credit Card,Mysuru,Karnataka,26.0,Female,2970.2,2024-02,2024
ORD004203,CUST0092,2024-10-25,Jeans,Fashion,2,2670.7,0.0,UPI,Mangaluru,Karnataka,31.0,Male,5341.4,2024-10,2024
ORD002287,CUST0132,2024-06-04,Table Lamp,Home & Kitchen,1,7217.29,0.05,UPI,Bengaluru,Karnataka,29.0,Other,6856.43,2024-06,2024
ORD002262,CUST1145,2025-08-08,Moisturizer,Beauty,2,1640.13,0.15,Cash on Delivery,Trichy,Tamil Nadu,45.0,Female,2788.22,2025-08,2025
ORD002297,CUST0545,2025-01-11,Power Bank,Electronics,2,44616.36,0.05,UPI,New Delhi,Delhi,35.0,Female,84771.08,2025-01,2025
ORD001754,CUST0884,2024-05-15,Jeans,Fashion,1,2198.38,0.0,Credit Card,Warangal,Telangana,18.0,Female,2198.38,2024-05,2024
ORD001969,CUST0376,2025-12-28,Sneakers,Fashion,3,1943.61,0.05,Credit Card,Coimbatore,Tamil Nadu,21.0,Male,5539.29,2025-12,2025
ORD005203,CUST0129,2025-12-26,Dumbbells,Sports,1,4748.75,0.05,Debit Card,Salem,Tamil Nadu,25.0,Male,4511.31,2025-12,2025
ORD003118,CUST0147,2024-12-15,Mixer Grinder,Home & Kitchen,2,11420.8,0.1,Credit Card,Mysuru,Karnataka,38.0,Female,20557.44,2024-12,2024
ORD002394,CUST1042,2025-05-01,Python Programming,Books,5,1584.38,0.05,Credit Card,Salem,Tamil Nadu,18.0,Male,7525.8,2025-05,2025
ORD000524,CUST1108,2025-08-14,Power Bank,Electronics,1,10689.71,0.1,UPI,New Delhi,Delhi,41.0,Female,9620.74,2025-08,2025
ORD003901,CUST0289,2024-02-07,Wireless Headphones,Electronics,2,4748.63,0.15,Credit Card,Trichy,Tamil Nadu,26.0,Male,8072.67,2024-02,2024
ORD005712,CUST0032,2025-02-20,Mixer Grinder,Home & Kitchen,3,3301.35,0.05,Credit Card,New Delhi,Delhi,25.0,Male,9408.85,2025-02,2025
ORD004700,CUST0239,2024-02-19,Python Programming,Books,2,1628.11,0.15,UPI,Thiruvananthapuram,Kerala,20.0,Male,2767.79,2024-02,2024
ORD005490,CUST0771,2025-02-07,Cookware Set,Home & Kitchen,2,5689.29,0.15,UPI,Nagpur,Maharashtra,35.0,Female,9671.79,2025-02,2025
ORD003123,CUST0868,2024-09-07,T-Shirt,Fashion,1,1496.07,0.1,Credit Card,Hyderabad,Telangana,18.0,Male,1346.46,2024-09,2024
ORD004157,CUST0335,2025-05-29,Smart Watch,Electronics,4,24451.98,0.05,Debit Card,Madurai,Tamil Nadu,48.0,Female,92917.52,2025-05,2025
ORD001970,CUST0355,2024-10-14,Jeans,Fashion,3,659.15,0.0,UPI,New Delhi,Delhi,19.0,Male,1977.45,2024-10,2024
ORD000672,CUST1037,2025-08-13,Power Bank,Electronics,3,44074.13,0.1,UPI,Mysuru,Karnataka,35.0,Male,119000.15,2025-08,2025
ORD004189,CUST0876,2024-02-15,Dumbbells,Sports,1,1079.84,0.0,Credit Card,Warangal,Telangana,51.0,Female,1079.84,2024-02,2024
ORD000667,CUST1015,2025-08-26,Sneakers,Fashion,4,4979.96,0.05,Cash on Delivery,Thiruvananthapuram,Kerala,34.0,Male,18923.85,2025-08,2025
ORD005533,CUST0822,2024-02-20,Backpack,Fashion,1,1924.94,0.0,UPI,Chennai,Tamil Nadu,49.0,Female,1924.94,2024-02,2024
ORD001888,CUST0256,2024-01-03,Perfume,Beauty,1,1885.55,0.0,Credit Card,New Delhi,Delhi,18.0,Female,1885.55,2024-01,2024
ORD003267,CUST0849,2025-04-05,Laptop Stand,Electronics,2,21188.25,0.0,Credit Card,Salem,Tamil Nadu,36.0,Female,42376.5,2025-04,2025
ORD000281,CUST0883,2024-01-22,Bedsheet,Home & Kitchen,1,4948.26,0.05,Debit Card,Mangaluru,Karnataka,27.0,Female,4700.85,2024-01,2024
ORD001720,CUST0751,2025-10-24,Bedsheet,Home & Kitchen,2,6356.36,0.15,Credit Card,Nagpur,Maharashtra,18.0,Male,10805.81,2025-10,2025
ORD002948,CUST0682,2025-12-29,Backpack,Fashion,1,3052.89,0.0,Credit Card,New Delhi,Delhi,20.0,Male,3052.89,2025-12,2025
ORD004456,CUST0987,2025-07-09,T-Shirt,Fashion,1,3102.85,0.1,Net Banking,Hyderabad,Telangana,24.0,Male,2792.56,2025-07,2025
ORD000900,CUST0337,2025-08-29,Laptop Stand,Electronics,2,33483.46,0.05,UPI,Hyderabad,Telangana,47.0,Female,63618.57,2025-08,2025
ORD005815,CUST1151,2024-05-02,Jeans,Fashion,1,3152.7,0.1,UPI,Warangal,Telangana,34.0,Male,2837.43,2024-05,2024
ORD000761,CUST0892,2025-09-22,Data Analytics Book,Books,1,1015.99,0.2,Credit Card,Coimbatore,Tamil Nadu,27.0,Male,812.79,2025-09,2025
ORD001907,CUST0004,2025-11-18,Yoga Mat,Sports,1,8382.01,0.1,UPI,Salem,Tamil Nadu,45.0,Male,7543.81,2025-11,2025
ORD004043,CUST0323,2025-05-01,Wireless Headphones,Electronics,2,65673.42,0.1,UPI,Mumbai,Maharashtra,31.0,Female,118212.16,2025-05,2025
ORD003824,CUST1015,2024-07-20,Jacket,Fashion,1,5627.5,0.1,Net Banking,Thiruvananthapuram,Kerala,28.0,Male,5064.75,2024-07,2024
ORD004139,CUST0539,2024-11-12,Perfume,Beauty,1,3277.71,0.0,Debit Card,Pune,Maharashtra,18.0,Female,3277.71,2024-11,2024
ORD003819,CUST0804,2025-01-31,Moisturizer,Beauty,1,398.15,0.0,Credit Card,Thiruvananthapuram,Kerala,33.0,Female,398.15,2025-01,2025
ORD004301,CUST0518,2025-10-22,Bedsheet,Home & Kitchen,1,11984.06,0.05,Credit Card,Mysuru,Karnataka,34.0,Female,11384.86,2025-10,2025
ORD002594,CUST0472,2025-01-21,Power Bank,Electronics,1,63229.13,0.05,UPI,Hyderabad,Telangana,29.0,Female,60067.67,2025-01,2025
ORD004165,CUST0157,2024-08-08,Mixer Grinder,Home & Kitchen,2,7576.4,0.15,UPI,Warangal,Telangana,40.0,Female,12879.88,2024-08,2024
ORD003032,CUST0464,2024-06-09,Cookware Set,Home & Kitchen,1,10587.98,0.05,UPI,Chennai,Tamil Nadu,31.0,Female,10058.58,2024-06,2024
ORD003580,CUST0433,2024-01-17,SQL Guide,Books,1,988.2,0.1,UPI,Bengaluru,Karnataka,31.0,Female,889.38,2024-01,2024
ORD002833,CUST0960,2025-07-07,T-Shirt,Fashion,2,2233.63,0.15,Credit Card,Madurai,Tamil Nadu,31.0,Female,3797.17,2025-07,2025
ORD003473,CUST0406,2024-01-13,Table Lamp,Home & Kitchen,1,14489.91,0.15,Credit Card,Kochi,Kerala,27.0,Female,12316.42,2024-01,2024
ORD000138,CUST0744,2024-10-29,Shampoo,Beauty,1,2720.82,0.05,Debit Card,Trichy,Tamil Nadu,20.0,Female,2584.78,2024-10,2024
ORD004893,CUST1070,2024-09-29,Jacket,Fashion,1,641.0,0.1,Net Banking,Mangaluru,Karnataka,32.0,Female,576.9,2024-09,2024
ORD002181,CUST0200,2025-08-13,Jeans,Fashion,1,3375.66,0.1,UPI,Thiruvananthapuram,Kerala,37.0,Female,3038.09,2025-08,2025
ORD002129,CUST0127,2025-10-20,Smart Watch,Electronics,1,18485.17,0.05,UPI,Bengaluru,Karnataka,39.0,Male,17560.91,2025-10,2025
ORD003178,CUST0242,2024-04-14,Face Wash,Beauty,3,1208.02,0.1,Debit Card,Warangal,Telangana,36.0,Female,3261.65,2024-04,2024
ORD004855,CUST0922,2025-09-29,Power Bank,Electronics,2,56916.22,0.05,Credit Card,New Delhi,Delhi,18.0,Other,108140.82,2025-09,2025
ORD004638,CUST0429,2025-08-30,T-Shirt,Fashion,2,1020.29,0.05,Cash on Delivery,New Delhi,Delhi,40.0,Male,1938.55,2025-08,2025
ORD005116,CUST0396,2025-06-07,Bluetooth Speaker,Electronics,2,9033.63,0.0,Net Banking,Pune,Maharashtra,34.0,Female,18067.26,2025-06,2025
ORD005224,CUST0414,2025-06-03,Backpack,Fashion,2,5076.48,0.1,Credit Card,Nagpur,Maharashtra,24.0,Female,9137.66,2025-06,2025
ORD004262,CUST0744,2024-12-29,Power Bank,Electronics,2,58545.41,0.0,Cash on Delivery,Mysuru,Karnataka,30.0,Male,117090.82,2024-12,2024
ORD004345,CUST0925,2024-08-28,Data Analytics Book,Books,5,2235.8,0.0,Debit Card,Mumbai,Maharashtra,32.0,Male,11179.0,2024-08,2024
ORD001332,CUST1114,2024-10-27,Cricket Bat,Sports,2,6883.58,0.0,Credit Card,Mangaluru,Karnataka,18.0,Female,13767.16,2024-10,2024
ORD002018,CUST0593,2024-05-30,Laptop Stand,Electronics,2,52025.17,0.05,Credit Card,Warangal,Telangana,18.0,Male,98847.82,2024-05,2024
ORD004543,CUST0684,2025-07-02,Cookware Set,Home & Kitchen,2,6511.36,0.15,Debit Card,Mangaluru,Karnataka,37.0,Female,11069.31,2025-07,2025
ORD002483,CUST1113,2025-07-30,Jeans,Fashion,2,2227.14,0.1,,Mysuru,Karnataka,25.0,Female,4008.85,2025-07,2025
ORD001359,CUST0102,2025-08-07,T-Shirt,Fashion,1,2688.48,0.0,Credit Card,Chennai,Tamil Nadu,18.0,Male,2688.48,2025-08,2025
ORD001330,CUST0973,2025-07-05,Business Analytics,Books,4,1585.41,0.0,UPI,Thiruvananthapuram,Kerala,36.0,Male,6341.64,2025-07,2025
ORD005909,CUST0468,2025-10-06,Coffee Maker,Home & Kitchen,1,11996.94,0.05,Cash on Delivery,Chennai,Tamil Nadu,18.0,Female,11397.09,2025-10,2025
ORD002151,CUST0886,2025-10-20,Power Bank,Electronics,1,45211.62,0.1,Net Banking,New Delhi,Delhi,32.0,Female,40690.46,2025-10,2025
ORD004531,CUST1021,2025-03-11,Backpack,Fashion,2,2221.26,0.0,UPI,Mumbai,Maharashtra,18.0,Male,4442.52,2025-03,2025
ORD002123,CUST0106,2025-11-14,Cricket Bat,Sports,3,931.08,0.0,Cash on Delivery,Mumbai,Maharashtra,32.0,Female,2793.24,2025-11,2025
ORD004674,CUST0902,2024-04-29,Power Bank,Electronics,5,6179.09,0.15,Credit Card,Mangaluru,Karnataka,38.0,Male,26261.13,2024-04,2024
ORD003982,CUST0565,2025-04-14,Data Analytics Book,Books,2,1753.51,0.2,Net Banking,New Delhi,Delhi,40.0,Female,2805.62,2025-04,2025
ORD001253,CUST0503,2024-09-28,SQL Guide,Books,2,1686.06,0.15,Credit Card,Hyderabad,Telangana,23.0,Other,2866.3,2024-09,2024
ORD003279,CUST0655,2024-08-10,Jeans,Fashion,4,637.64,0.15,UPI,Madurai,Tamil Nadu,35.0,Male,2167.98,2024-08,2024
ORD003375,CUST0437,2024-01-01,Python Programming,Books,1,490.05,0.0,Credit Card,Mysuru,Karnataka,26.0,Male,490.05,2024-01,2024
ORD002815,CUST0336,2025-12-15,Yoga Mat,Sports,1,6403.05,0.05,Cash on Delivery,Pune,Maharashtra,37.0,Male,6082.9,2025-12,2025
ORD004720,CUST1161,2025-08-27,Table Lamp,Home & Kitchen,1,2729.01,0.2,Debit Card,Thiruvananthapuram,Kerala,34.0,Female,2183.21,2025-08,2025
ORD001849,CUST0863,2024-01-26,Jeans,Fashion,3,1472.09,0.15,UPI,Kochi,Kerala,18.0,Female,3753.83,2024-01,2024
ORD004859,CUST0446,2024-12-12,Backpack,Fashion,4,4011.47,0.05,Credit Card,Mangaluru,Karnataka,27.0,Female,15243.59,2024-12,2024
ORD003038,CUST1193,2024-06-14,Python Programming,Books,2,2371.96,0.15,Debit Card,Salem,Tamil Nadu,21.0,Male,4032.33,2024-06,2024
ORD000389,CUST0058,2024-07-11,Coffee Maker,Home & Kitchen,1,9669.75,0.0,Credit Card,Madurai,Tamil Nadu,41.0,Male,9669.75,2024-07,2024
ORD000236,CUST0443,2024-05-26,Power Bank,Electronics,3,55648.57,0.0,UPI,Mysuru,Karnataka,44.0,Female,166945.71,2024-05,2024
ORD001078,CUST0118,2024-02-01,Bedsheet,Home & Kitchen,1,5610.25,0.05,UPI,New Delhi,Delhi,23.0,Male,5329.74,2024-02,2024
ORD001985,CUST0345,2025-12-07,Sunscreen,Beauty,1,3435.29,0.0,Debit Card,Thiruvananthapuram,Kerala,41.0,Male,3435.29,2025-12,2025
ORD004364,CUST0863,2024-11-25,Shampoo,Beauty,1,631.05,0.15,UPI,Mumbai,Maharashtra,30.0,Female,536.39,2024-11,2024
ORD003963,CUST1025,2024-06-14,Bluetooth Speaker,Electronics,3,43171.45,0.1,UPI,Warangal,Telangana,18.0,Female,116562.92,2024-06,2024
ORD000771,CUST1043,2025-10-08,Jeans,Fashion,2,4793.4,0.0,Credit Card,Nagpur,Maharashtra,37.0,Male,9586.8,2025-10,2025
ORD002166,CUST1162,2024-11-10,Cricket Bat,Sports,3,7513.53,0.1,Net Banking,Coimbatore,Tamil Nadu,35.0,Male,20286.53,2024-11,2024
ORD004534,CUST0208,2024-03-20,Dumbbells,Sports,3,3373.85,0.1,UPI,Pune,Maharashtra,31.0,Female,9109.4,2024-03,2024
ORD000674,CUST0832,2025-12-18,Laptop Stand,Electronics,1,38824.54,0.1,UPI,Mangaluru,Karnataka,38.0,Female,34942.09,2025-12,2025
ORD000250,CUST1089,2025-03-13,Business Analytics,Books,3,2009.53,0.1,UPI,Nagpur,Maharashtra,22.0,Female,5425.73,2025-03,2025
ORD001575,CUST0361,2025-09-25,Bedsheet,Home & Kitchen,4,8129.65,0.0,Credit Card,Thiruvananthapuram,Kerala,32.0,Female,32518.6,2025-09,2025
ORD003420,CUST0476,2025-06-23,Football,Sports,1,3816.66,0.0,UPI,Chennai,Tamil Nadu,23.0,Male,3816.66,2025-06,2025
ORD002082,CUST0952,2025-08-24,Smart Watch,Electronics,2,70438.08,0.05,Debit Card,Kochi,Kerala,38.0,Female,133832.35,2025-08,2025
ORD001824,CUST1015,2024-05-04,Mixer Grinder,Home & Kitchen,1,7656.87,0.05,UPI,Thiruvananthapuram,Kerala,36.0,Female,7274.03,2024-05,2024
ORD005551,CUST0146,2024-09-28,Smart Watch,Electronics,4,37914.17,0.05,UPI,Kochi,Kerala,30.0,Male,144073.85,2024-09,2024
ORD005739,CUST1136,2024-02-01,SQL Guide,Books,4,1626.87,0.1,Cash on Delivery,New Delhi,Delhi,35.0,Male,5856.73,2024-02,2024
ORD004545,CUST1107,2024-10-15,Power Bank,Electronics,2,32569.2,0.1,Debit Card,Mysuru,Karnataka,29.0,Female,58624.56,2024-10,2024
ORD000717,CUST0782,2025-04-29,Perfume,Beauty,1,1475.08,0.05,UPI,Nagpur,Maharashtra,30.0,Male,1401.33,2025-04,2025
ORD005345,CUST0326,2025-05-12,Sneakers,Fashion,4,4338.91,0.0,Credit Card,Hyderabad,Telangana,33.0,Female,17355.64,2025-05,2025
ORD005600,CUST0007,2024-05-20,Football,Sports,1,5553.36,0.0,Debit Card,Hyderabad,Telangana,34.0,Male,5553.36,2024-05,2024
ORD002049,CUST0645,2024-10-20,Football,Sports,2,3048.04,0.05,UPI,Warangal,Telangana,37.0,Male,5791.28,2024-10,2024
ORD004179,CUST0464,2024-08-24,Python Programming,Books,3,890.9,0.05,Debit Card,Mangaluru,Karnataka,30.0,Female,2539.06,2024-08,2024
ORD004810,CUST0045,2024-01-10,Sneakers,Fashion,3,1192.28,0.1,Credit Card,Hyderabad,Telangana,18.0,Female,3219.16,2024-01,2024
ORD002725,CUST1136,2024-10-30,Bedsheet,Home & Kitchen,1,2855.01,0.1,Debit Card,Nagpur,Maharashtra,25.0,Female,2569.51,2024-10,2024
ORD005421,CUST0740,2025-08-12,Jeans,Fashion,4,4181.27,0.05,UPI,Thiruvananthapuram,Kerala,38.0,Female,15888.83,2025-08,2025
ORD001461,CUST0301,2025-05-15,Cookware Set,Home & Kitchen,4,4521.18,0.0,UPI,Hyderabad,Telangana,39.0,Male,18084.72,2025-05,2025
ORD001669,CUST0744,2024-06-28,Bluetooth Speaker,Electronics,4,69639.28,0.2,Credit Card,Thiruvananthapuram,Kerala,18.0,Male,222845.7,2024-06,2024
ORD002757,CUST0108,2024-04-28,Coffee Maker,Home & Kitchen,4,3145.63,0.05,UPI,Nagpur,Maharashtra,32.0,Male,11953.39,2024-04,2024
ORD002001,CUST0074,2025-12-30,Table Lamp,Home & Kitchen,5,3090.39,0.1,UPI,New Delhi,Delhi,47.0,Female,13906.76,2025-12,2025
ORD004572,CUST0433,2024-11-15,Cricket Bat,Sports,2,9718.03,0.15,Cash on Delivery,Bengaluru,Karnataka,36.0,Female,16520.65,2024-11,2024
ORD004614,CUST0849,2024-08-04,Mixer Grinder,Home & Kitchen,4,9745.91,0.15,Debit Card,Mangaluru,Karnataka,28.0,Female,33136.09,2024-08,2024
ORD000405,CUST1196,2024-01-22,Python Programming,Books,1,1326.25,0.0,Cash on Delivery,Chennai,Tamil Nadu,30.0,Male,1326.25,2024-01,2024
ORD000385,CUST0710,2025-12-18,Face Wash,Beauty,1,3368.19,0.15,Debit Card,Kochi,Kerala,18.0,Male,2862.96,2025-12,2025
ORD005386,CUST0156,2025-12-29,Mixer Grinder,Home & Kitchen,2,8439.17,0.05,Cash on Delivery,Salem,Tamil Nadu,39.0,Male,16034.42,2025-12,2025
ORD002153,CUST0882,2024-02-20,Cookware Set,Home & Kitchen,1,789.89,0.15,Credit Card,Coimbatore,Tamil Nadu,22.0,Female,671.41,2024-02,2024
ORD001634,CUST0698,2024-01-29,Table Lamp,Home & Kitchen,2,14552.19,0.0,Cash on Delivery,Thiruvananthapuram,Kerala,34.0,Male,29104.38,2024-01,2024
ORD005495,CUST0710,2025-06-29,Sunscreen,Beauty,2,460.71,0.1,Cash on Delivery,Coimbatore,Tamil Nadu,21.0,Male,829.28,2025-06,2025
ORD004785,CUST0993,2025-04-09,Wireless Headphones,Electronics,1,65633.61,0.0,UPI,Thiruvananthapuram,Kerala,24.0,Male,65633.61,2025-04,2025
ORD003926,CUST0974,2025-05-16,Power Bank,Electronics,3,47928.24,0.15,UPI,Warangal,Telangana,21.0,Male,122217.01,2025-05,2025
ORD004159,CUST0041,2024-03-18,Moisturizer,Beauty,4,1764.69,0.0,UPI,Thiruvananthapuram,Kerala,18.0,Female,7058.76,2024-03,2024
ORD004949,CUST0337,2025-05-18,Jeans,Fashion,1,778.93,0.1,Cash on Delivery,Thiruvananthapuram,Kerala,24.0,Male,701.04,2025-05,2025
ORD000224,CUST0195,2024-12-29,Yoga Mat,Sports,1,4233.26,0.1,Credit Card,Pune,Maharashtra,27.0,Male,3809.93,2024-12,2024
ORD002194,CUST1174,2025-07-17,Bluetooth Speaker,Electronics,1,45678.42,0.05,UPI,Mumbai,Maharashtra,32.0,Female,43394.5,2025-07,2025
ORD003137,CUST0954,2024-09-12,Backpack,Fashion,1,746.25,0.1,Debit Card,Warangal,Telangana,45.0,Male,671.62,2024-09,2024
ORD004470,CUST0946,2024-09-23,Smart Watch,Electronics,1,78001.87,0.0,Cash on Delivery,New Delhi,Delhi,22.0,Male,78001.87,2024-09,2024
ORD001825,CUST0874,2025-08-18,Laptop Stand,Electronics,1,40375.5,0.1,Debit Card,Nagpur,Maharashtra,28.0,Male,36337.95,2025-08,2025
ORD005510,CUST1010,2025-12-07,Power Bank,Electronics,1,3247.76,0.05,Debit Card,Nagpur,Maharashtra,43.0,Female,3085.37,2025-12,2025
ORD005125,CUST1050,2024-02-27,Mixer Grinder,Home & Kitchen,1,610.41,0.0,Credit Card,New Delhi,Delhi,25.0,Male,610.41,2024-02,2024
ORD004973,CUST0511,2024-08-04,Jeans,Fashion,5,3861.92,0.15,Cash on Delivery,Bengaluru,Karnataka,34.0,Female,16413.16,2024-08,2024
ORD000798,CUST0514,2024-09-11,Jeans,Fashion,1,2329.23,0.0,UPI,Thiruvananthapuram,Kerala,31.0,Female,2329.23,2024-09,2024
ORD002872,CUST0213,2025-08-13,Smart Watch,Electronics,1,31365.83,0.0,UPI,Nagpur,Maharashtra,18.0,Female,31365.83,2025-08,2025
ORD000010,CUST1021,2025-07-17,Table Lamp,Home & Kitchen,1,1616.21,0.05,UPI,Kochi,Kerala,22.0,Female,1535.4,2025-07,2025
ORD001945,CUST1047,2025-07-14,Dumbbells,Sports,1,8518.75,0.0,UPI,Pune,Maharashtra,18.0,Female,8518.75,2025-07,2025
ORD001839,CUST0420,2024-03-06,Jeans,Fashion,2,5579.3,0.0,Cash on Delivery,Kochi,Kerala,25.0,Male,11158.6,2024-03,2024
ORD004805,CUST0571,2024-08-04,Laptop Stand,Electronics,5,15133.55,0.0,Credit Card,Bengaluru,Karnataka,40.0,Male,75667.75,2024-08,2024
ORD000256,CUST0608,2025-09-22,Shampoo,Beauty,1,984.37,0.0,Debit Card,Warangal,Telangana,36.0,Male,984.37,2025-09,2025
ORD004486,CUST0868,2025-11-07,Wireless Headphones,Electronics,3,6114.59,0.0,UPI,Bengaluru,Karnataka,22.0,Male,18343.77,2025-11,2025
ORD005403,CUST1026,2024-08-13,Table Lamp,Home & Kitchen,1,2160.19,0.0,Debit Card,New Delhi,Delhi,23.0,Male,2160.19,2024-08,2024
ORD001582,CUST0134,2025-10-30,Business Analytics,Books,1,980.3,0.05,Cash on Delivery,New Delhi,Delhi,46.0,Female,931.28,2025-10,2025
ORD002957,CUST1048,2025-01-06,Bluetooth Speaker,Electronics,2,45603.85,,Debit Card,Thiruvananthapuram,Kerala,29.0,Female,91207.7,2025-01,2025
ORD000925,CUST0794,2024-02-16,Backpack,Fashion,1,3693.28,0.1,Credit Card,Hyderabad,Telangana,38.0,Female,3323.95,2024-02,2024
ORD005548,CUST0913,2024-07-16,Jeans,Fashion,4,4773.71,0.0,UPI,Chennai,Tamil Nadu,34.0,Male,19094.84,2024-07,2024
ORD002509,CUST0338,2025-03-23,Sunscreen,Beauty,2,2768.22,0.05,UPI,Chennai,Tamil Nadu,23.0,Female,5259.62,2025-03,2025
ORD005025,CUST0265,2025-01-08,Backpack,Fashion,2,2004.14,0.05,Debit Card,Nagpur,Maharashtra,38.0,Male,3807.87,2025-01,2025
ORD003776,CUST0298,2024-10-30,Jacket,Fashion,3,3159.89,0.05,Debit Card,Warangal,Telangana,29.0,Male,9005.69,2024-10,2024
ORD004836,CUST0224,2024-01-13,Cookware Set,Home & Kitchen,2,11587.87,0.1,UPI,Mysuru,Karnataka,18.0,Male,20858.17,2024-01,2024
ORD004137,CUST0563,2024-08-03,Bluetooth Speaker,Electronics,1,62063.27,0.05,UPI,Kochi,Kerala,24.0,Female,58960.11,2024-08,2024
ORD004965,CUST0679,2025-01-10,Cookware Set,Home & Kitchen,2,1040.48,0.05,Credit Card,Thiruvananthapuram,Kerala,20.0,Female,1976.91,2025-01,2025
ORD002780,CUST0632,2025-09-04,Coffee Maker,Home & Kitchen,1,11055.66,0.15,UPI,Pune,Maharashtra,23.0,Female,9397.31,2025-09,2025
ORD000540,CUST0927,2025-08-03,Jeans,Fashion,1,4969.35,0.05,UPI,Coimbatore,Tamil Nadu,24.0,Male,4720.88,2025-08,2025
ORD002746,CUST0349,2024-03-15,Face Wash,Beauty,2,2778.72,0.1,UPI,Bengaluru,Karnataka,22.0,Female,5001.7,2024-03,2024
ORD005392,CUST0264,2025-10-19,Cookware Set,Home & Kitchen,2,13062.85,0.1,Credit Card,Thiruvananthapuram,Kerala,39.0,Male,23513.13,2025-10,2025
ORD005477,CUST0904,2024-07-30,T-Shirt,Fashion,2,4325.69,0.2,Debit Card,Hyderabad,Telangana,40.0,Male,6921.1,2024-07,2024
ORD001146,CUST0563,2024-03-05,Data Analytics Book,Books,1,1600.28,0.0,Credit Card,Bengaluru,Karnataka,33.0,Female,1600.28,2024-03,2024
ORD005128,CUST0135,2025-12-03,Backpack,Fashion,1,4581.91,0.15,Credit Card,New Delhi,Delhi,18.0,Female,3894.62,2025-12,2025
ORD004469,CUST0823,2024-06-12,Smart Watch,Electronics,1,6642.1,0.1,Credit Card,Mysuru,Karnataka,26.0,Female,5977.89,2024-06,2024
ORD000668,CUST0538,2024-05-01,Python Programming,Books,1,1171.51,0.15,Debit Card,Warangal,Telangana,26.0,Female,995.78,2024-05,2024
ORD003020,CUST0924,2025-09-27,Dumbbells,Sports,2,5975.02,0.05,Credit Card,Thiruvananthapuram,Kerala,28.0,Male,11352.54,2025-09,2025
ORD000358,CUST0590,2025-05-10,SQL Guide,Books,1,1547.06,0.15,Debit Card,New Delhi,Delhi,28.0,Male,1315.0,2025-05,2025
ORD005064,CUST0135,2025-04-13,Table Lamp,Home & Kitchen,2,3124.6,0.15,Debit Card,New Delhi,Delhi,45.0,Female,5311.82,2025-04,2025
ORD002832,CUST0615,2024-02-25,Jacket,Fashion,3,649.84,0.05,Credit Card,Pune,Maharashtra,25.0,Male,1852.04,2024-02,2024
ORD002784,CUST0985,2024-03-24,Python Programming,Books,2,608.1,0.0,UPI,Thiruvananthapuram,Kerala,50.0,Female,1216.2,2024-03,2024
ORD001354,CUST1174,2025-12-13,Backpack,Fashion,1,3292.47,0.05,Credit Card,Kochi,Kerala,40.0,Male,3127.85,2025-12,2025
ORD005132,CUST0586,2024-12-29,Sneakers,Fashion,2,1221.73,0.05,Net Banking,Hyderabad,Telangana,41.0,Female,2321.29,2024-12,2024
ORD000471,CUST0253,2025-04-04,Moisturizer,Beauty,4,2133.89,0.05,Debit Card,Thiruvananthapuram,Kerala,18.0,Female,8108.78,2025-04,2025
ORD002704,CUST0119,2024-01-27,Shampoo,Beauty,2,426.24,0.05,UPI,New Delhi,Delhi,18.0,Male,809.86,2024-01,2024
ORD003331,CUST1092,2025-05-04,Laptop Stand,Electronics,2,30431.63,0.0,UPI,Mumbai,Maharashtra,32.0,Female,60863.26,2025-05,2025
ORD003638,CUST0317,2025-01-20,Moisturizer,Beauty,2,1423.21,0.1,Debit Card,Thiruvananthapuram,Kerala,23.0,Female,2561.78,2025-01,2025
ORD001397,CUST0420,2025-04-15,Bedsheet,Home & Kitchen,1,13863.22,0.05,Cash on Delivery,New Delhi,Delhi,30.0,Male,13170.06,2025-04,2025
ORD003585,CUST0893,2025-07-26,Perfume,Beauty,2,1600.68,0.0,Cash on Delivery,Bengaluru,Karnataka,42.0,Female,3201.36,2025-07,2025
ORD005380,CUST1126,2025-07-28,Moisturizer,Beauty,3,3994.62,0.15,Credit Card,Mumbai,Maharashtra,34.0,Female,10186.28,2025-07,2025
ORD005263,CUST0664,2024-03-02,Wireless Headphones,Electronics,1,8773.38,0.15,Net Banking,Coimbatore,Tamil Nadu,37.0,Female,7457.37,2024-03,2024
ORD003377,CUST0702,2025-02-27,Moisturizer,Beauty,1,1463.86,0.15,Debit Card,Nagpur,Maharashtra,31.0,Male,1244.28,2025-02,2025
ORD001257,CUST0021,2025-11-19,Wireless Headphones,Electronics,3,54160.57,0.1,UPI,Coimbatore,Tamil Nadu,33.0,Female,146233.54,2025-11,2025
ORD003513,CUST0489,2025-08-27,Yoga Mat,Sports,4,2549.27,0.05,UPI,Warangal,Telangana,29.0,Female,9687.23,2025-08,2025
ORD001251,CUST0451,2024-02-15,Jacket,Fashion,1,1457.92,0.15,UPI,Trichy,Tamil Nadu,25.0,Female,1239.23,2024-02,2024
ORD005763,CUST1067,2025-04-09,Sneakers,Fashion,2,4207.35,0.15,Debit Card,Coimbatore,Tamil Nadu,40.0,Female,7152.5,2025-04,2025
ORD004299,CUST0187,2024-11-26,Data Analytics Book,Books,1,1235.29,0.05,UPI,Mumbai,Maharashtra,27.0,Male,1173.53,2024-11,2024
ORD003285,CUST0208,2024-11-28,Bedsheet,Home & Kitchen,5,11571.69,0.15,Credit Card,Hyderabad,Telangana,22.0,Male,49179.68,2024-11,2024
ORD002934,CUST0326,2024-10-05,Jeans,Fashion,3,5463.13,0.1,Credit Card,Warangal,Telangana,36.0,Female,14750.45,2024-10,2024
ORD004176,CUST0888,2024-01-08,Face Wash,Beauty,2,1813.89,0.15,Credit Card,New Delhi,Delhi,35.0,Female,3083.61,2024-01,2024
ORD005269,CUST0335,2025-11-02,Running Shoes,Sports,2,7877.62,0.0,UPI,Kochi,Kerala,42.0,Male,15755.24,2025-11,2025
ORD004911,CUST1133,2025-01-30,Smart Watch,Electronics,1,27112.49,0.05,Credit Card,Mysuru,Karnataka,18.0,Male,25756.87,2025-01,2025
ORD001853,CUST0392,2024-07-08,Bluetooth Speaker,Electronics,1,60652.08,0.1,UPI,Nagpur,Maharashtra,18.0,Female,54586.87,2024-07,2024
ORD005613,CUST0642,2024-09-11,Python Programming,Books,1,1169.74,0.15,UPI,Mysuru,Karnataka,22.0,Male,994.28,2024-09,2024
ORD005842,CUST0723,2025-03-05,Cricket Bat,Sports,2,2338.79,0.0,Credit Card,Warangal,Telangana,19.0,Male,4677.58,2025-03,2025
ORD002106,CUST0154,2024-03-10,Machine Learning Book,Books,3,989.2,0.0,UPI,Warangal,Telangana,28.0,Female,2967.6,2024-03,2024
ORD000134,CUST0165,2024-07-22,Football,Sports,1,1563.24,0.05,UPI,Hyderabad,Telangana,32.0,Female,1485.08,2024-07,2024
ORD005237,CUST0217,2025-02-16,Shampoo,Beauty,1,2091.75,0.15,Credit Card,Thiruvananthapuram,Kerala,31.0,Other,1777.99,2025-02,2025
ORD005030,CUST1022,2024-04-17,T-Shirt,Fashion,1,4498.88,0.15,Credit Card,Coimbatore,Tamil Nadu,28.0,Male,3824.05,2024-04,2024
ORD000929,CUST0419,2024-04-30,Jeans,Fashion,1,1386.46,0.1,Credit Card,Thiruvananthapuram,Kerala,18.0,Male,1247.81,2024-04,2024
ORD000824,CUST0088,2024-09-21,Table Lamp,Home & Kitchen,2,7833.26,0.15,Cash on Delivery,Nagpur,Maharashtra,35.0,Female,13316.54,2024-09,2024
ORD005447,CUST0850,2025-05-15,Cookware Set,Home & Kitchen,1,1277.08,0.05,Net Banking,Thiruvananthapuram,Kerala,37.0,Male,1213.23,2025-05,2025
ORD001532,CUST0737,2024-10-20,Data Analytics Book,Books,3,621.13,0.1,UPI,Madurai,Tamil Nadu,29.0,Male,1677.05,2024-10,2024
ORD001215,CUST0015,2024-02-21,Bluetooth Speaker,Electronics,1,45281.3,0.1,Credit Card,Bengaluru,Karnataka,27.0,Male,40753.17,2024-02,2024
ORD000505,CUST0990,2025-04-07,Face Wash,Beauty,1,2788.27,0.0,Credit Card,Hyderabad,Telangana,41.0,Female,2788.27,2025-04,2025
ORD004286,CUST0526,2025-06-25,Jeans,Fashion,3,4042.38,0.15,Net Banking,Pune,Maharashtra,40.0,Male,10308.07,2025-06,2025
ORD001997,CUST0012,2024-09-24,Smart Watch,Electronics,3,78467.81,0.2,Debit Card,New Delhi,Delhi,48.0,Female,188322.74,2024-09,2024
ORD003073,CUST0100,2025-04-05,Sneakers,Fashion,5,1598.89,0.1,Net Banking,Mysuru,Karnataka,21.0,Male,7195.01,2025-04,2025
ORD001959,CUST0410,2025-06-26,Bluetooth Speaker,Electronics,1,74743.45,0.05,UPI,Mangaluru,Karnataka,31.0,Male,71006.28,2025-06,2025
ORD001385,CUST0909,2025-12-30,Dumbbells,Sports,2,5352.69,0.1,Cash on Delivery,New Delhi,Delhi,27.0,Male,9634.84,2025-12,2025
ORD000895,CUST0787,2024-06-11,Coffee Maker,Home & Kitchen,1,12111.74,0.15,Credit Card,Mumbai,Maharashtra,20.0,Female,10294.98,2024-06,2024
ORD004925,CUST0751,2024-08-04,Face Wash,Beauty,1,3018.61,0.15,Debit Card,Thiruvananthapuram,Kerala,41.0,Male,2565.82,2024-08,2024
ORD000456,CUST0728,2025-10-18,Python Programming,Books,1,2333.63,0.0,Net Banking,Trichy,Tamil Nadu,25.0,Male,2333.63,2025-10,2025
ORD005559,CUST0005,2025-09-21,Machine Learning Book,Books,1,656.73,0.1,UPI,Mysuru,Karnataka,20.0,Male,591.06,2025-09,2025
ORD003710,CUST0826,2024-03-20,Machine Learning Book,Books,1,1759.0,0.0,Debit Card,Chennai,Tamil Nadu,36.0,Male,1759.0,2024-03,2024
ORD005534,CUST0072,2024-03-30,Sunscreen,Beauty,1,3822.37,0.0,Debit Card,New Delhi,Delhi,29.0,Male,3822.37,2024-03,2024
ORD004850,CUST0409,2025-01-05,Laptop Stand,Electronics,3,4756.28,0.2,Debit Card,Madurai,Tamil Nadu,54.0,Male,11415.07,2025-01,2025
ORD004749,CUST0665,2024-01-27,Coffee Maker,Home & Kitchen,2,4280.54,0.1,Credit Card,Thiruvananthapuram,Kerala,32.0,Male,7704.97,2024-01,2024
ORD004269,CUST0429,2024-12-13,Cookware Set,Home & Kitchen,5,5633.67,0.05,UPI,Madurai,Tamil Nadu,44.0,Male,26759.93,2024-12,2024
ORD003523,CUST0343,2025-02-18,Bluetooth Speaker,Electronics,4,33540.66,0.0,UPI,Trichy,Tamil Nadu,21.0,Male,134162.64,2025-02,2025
ORD004135,CUST0703,2024-11-05,Wireless Headphones,Electronics,3,43578.05,0.15,UPI,Bengaluru,Karnataka,29.0,Female,111124.03,2024-11,2024
ORD003603,CUST1174,2025-06-27,Data Analytics Book,Books,2,1272.14,0.0,Debit Card,Thiruvananthapuram,Kerala,18.0,Female,2544.28,2025-06,2025
ORD000714,CUST1005,2024-10-14,Sneakers,Fashion,2,2032.89,0.05,Cash on Delivery,Mysuru,Karnataka,20.0,Female,3862.49,2024-10,2024
ORD004187,CUST1112,2025-04-02,Data Analytics Book,Books,4,1465.11,0.0,Credit Card,New Delhi,Delhi,28.0,Female,5860.44,2025-04,2025
ORD002215,CUST0963,2025-10-04,Coffee Maker,Home & Kitchen,2,5798.17,0.05,Credit Card,Thiruvananthapuram,Kerala,42.0,Female,11016.52,2025-10,2025
ORD005302,CUST0438,2025-11-30,Sunscreen,Beauty,4,2385.61,0.1,Credit Card,Kochi,Kerala,41.0,Female,8588.2,2025-11,2025
ORD002924,CUST0823,2024-01-28,Bluetooth Speaker,Electronics,4,30806.24,0.05,Credit Card,Mangaluru,Karnataka,18.0,Female,117063.71,2024-01,2024
ORD001811,CUST0046,2025-06-19,Bedsheet,Home & Kitchen,1,2881.2,0.0,UPI,Warangal,Telangana,44.0,Female,2881.2,2025-06,2025
ORD003487,CUST1135,2025-04-30,Table Lamp,Home & Kitchen,3,11081.12,0.0,Debit Card,Bengaluru,Karnataka,29.0,Female,33243.36,2025-04,2025
ORD003142,CUST0878,2025-03-17,Mixer Grinder,Home & Kitchen,1,10170.62,0.0,Net Banking,Mangaluru,Karnataka,41.0,Female,10170.62,2025-03,2025
ORD001828,CUST0693,2024-07-12,Shampoo,Beauty,1,2095.31,0.05,UPI,Mysuru,Karnataka,31.0,Male,1990.54,2024-07,2024
ORD001156,CUST1004,2025-07-18,Perfume,Beauty,4,1093.14,0.05,UPI,Kochi,Kerala,36.0,Female,4153.93,2025-07,2025
ORD001325,CUST0404,2025-08-12,SQL Guide,Books,2,2151.9,0.1,Debit Card,Mumbai,Maharashtra,38.0,Female,3873.42,2025-08,2025
ORD004313,CUST0201,2024-01-15,Laptop Stand,Electronics,3,944.17,0.05,UPI,Hyderabad,Telangana,30.0,Female,2690.88,2024-01,2024
ORD000511,CUST0493,2025-11-23,Mixer Grinder,Home & Kitchen,2,5339.76,0.1,Cash on Delivery,Chennai,Tamil Nadu,34.0,Male,9611.57,2025-11,2025
ORD001681,CUST1117,2025-04-08,Perfume,Beauty,3,3901.18,0.05,Debit Card,Hyderabad,Telangana,30.0,Male,11118.36,2025-04,2025
ORD000500,CUST0795,2025-12-26,Backpack,Fashion,3,1721.58,0.0,UPI,Hyderabad,Telangana,20.0,Male,5164.74,2025-12,2025
ORD005438,CUST1131,2024-09-05,Backpack,Fashion,2,1577.56,0.15,Debit Card,Chennai,Tamil Nadu,40.0,Male,2681.85,2024-09,2024
ORD001857,CUST0701,2024-07-11,Bedsheet,Home & Kitchen,2,2895.95,0.05,Debit Card,Mysuru,Karnataka,48.0,Female,5502.3,2024-07,2024
ORD001389,CUST1048,2025-09-23,Bedsheet,Home & Kitchen,1,11710.51,0.0,Cash on Delivery,Chennai,Tamil Nadu,20.0,Female,11710.51,2025-09,2025
ORD003720,CUST0621,2024-05-23,Business Analytics,Books,4,785.81,0.1,Credit Card,Kochi,Kerala,27.0,Female,2828.92,2024-05,2024
ORD002387,CUST0836,2025-12-01,Shampoo,Beauty,3,336.76,0.1,UPI,Chennai,Tamil Nadu,31.0,Female,909.25,2025-12,2025
ORD003237,CUST0772,2025-03-13,Bluetooth Speaker,Electronics,1,20971.64,0.15,UPI,Mysuru,Karnataka,30.0,Male,17825.89,2025-03,2025
ORD001541,CUST0081,2024-01-14,Shampoo,Beauty,5,2945.57,0.0,Credit Card,New Delhi,Delhi,34.0,Female,14727.85,2024-01,2024
ORD001218,CUST0684,2025-03-23,Yoga Mat,Sports,1,7554.71,0.05,Credit Card,Trichy,Tamil Nadu,31.0,Female,7176.97,2025-03,2025
ORD002682,CUST0499,2024-09-22,Jacket,Fashion,1,4329.85,0.1,UPI,Hyderabad,Telangana,18.0,Male,3896.86,2024-09,2024
ORD002994,CUST0898,2024-10-27,Shampoo,Beauty,1,2223.64,0.05,Cash on Delivery,Pune,Maharashtra,28.0,Male,2112.46,2024-10,2024
ORD001192,CUST0120,2024-07-20,Machine Learning Book,Books,3,2252.74,0.1,Net Banking,Madurai,Tamil Nadu,29.0,Female,6082.4,2024-07,2024
ORD005294,CUST0555,2024-10-08,Dumbbells,Sports,3,5081.43,0.15,Net Banking,Trichy,Tamil Nadu,37.0,Male,12957.65,2024-10,2024
ORD001543,CUST1176,2025-01-11,Coffee Maker,Home & Kitchen,1,9324.27,0.1,UPI,Thiruvananthapuram,Kerala,29.0,Female,8391.84,2025-01,2025
ORD003302,CUST0799,2025-03-20,Bedsheet,Home & Kitchen,1,9496.25,0.0,Credit Card,Hyderabad,Telangana,27.0,Male,9496.25,2025-03,2025
ORD003325,CUST0168,2024-02-18,Jacket,Fashion,1,3441.88,0.1,Net Banking,Madurai,Tamil Nadu,45.0,Male,3097.69,2024-02,2024
ORD002540,CUST0369,2024-04-24,Smart Watch,Electronics,3,77766.7,0.1,Cash on Delivery,Kochi,Kerala,27.0,Male,209970.09,2024-04,2024
ORD000954,CUST0396,2024-04-14,Backpack,Fashion,3,3181.91,0.0,Credit Card,Pune,Maharashtra,41.0,Female,9545.73,2024-04,2024
ORD004847,CUST0780,2025-01-03,T-Shirt,Fashion,4,4938.1,0.1,UPI,Hyderabad,Telangana,22.0,Female,17777.16,2025-01,2025
ORD004331,CUST0241,2024-02-22,Bedsheet,Home & Kitchen,2,537.16,0.0,Credit Card,Pune,Maharashtra,39.0,Female,1074.32,2024-02,2024
ORD000733,CUST0041,2025-10-08,T-Shirt,Fashion,2,650.7,0.0,Credit Card,Mangaluru,Karnataka,49.0,Male,1301.4,2025-10,2025
ORD005992,CUST0008,2024-11-19,Machine Learning Book,Books,1,882.41,0.15,UPI,Warangal,Telangana,18.0,Male,750.05,2024-11,2024
ORD001157,CUST0371,2025-03-10,Data Analytics Book,Books,1,1295.17,0.15,UPI,Mumbai,Maharashtra,33.0,Female,1100.89,2025-03,2025
ORD005558,CUST0359,2024-05-01,Smart Watch,Electronics,2,62595.99,0.0,Credit Card,Madurai,Tamil Nadu,40.0,Female,125191.98,2024-05,2024
ORD003295,CUST1020,2024-04-02,Jeans,Fashion,1,3344.17,0.0,Credit Card,Trichy,Tamil Nadu,32.0,Male,3344.17,2024-04,2024
ORD002983,CUST0748,2025-07-20,Smart Watch,Electronics,1,54260.27,0.05,Credit Card,Warangal,Telangana,31.0,Female,51547.26,2025-07,2025
ORD005306,CUST0018,2025-02-03,Backpack,Fashion,1,5250.29,0.15,Credit Card,Bengaluru,Karnataka,43.0,Male,4462.75,2025-02,2025
ORD005162,CUST0111,2024-12-28,Laptop Stand,Electronics,2,68521.4,0.1,Debit Card,Hyderabad,Telangana,27.0,Female,123338.52,2024-12,2024
ORD002157,CUST0699,2025-04-27,Shampoo,Beauty,2,3884.76,0.2,Credit Card,Hyderabad,Telangana,45.0,Female,6215.62,2025-04,2025
ORD001063,CUST0810,2025-12-17,Power Bank,Electronics,1,44965.28,0.1,UPI,Trichy,Tamil Nadu,39.0,Female,40468.75,2025-12,2025
ORD002617,CUST0697,2024-04-06,Football,Sports,2,7227.15,0.1,Debit Card,Warangal,Telangana,31.0,Female,13008.87,2024-04,2024
ORD001168,CUST0223,2024-10-25,Dumbbells,Sports,2,7757.97,,UPI,Chennai,Tamil Nadu,26.0,Male,12412.75,2024-10,2024
ORD003223,CUST0181,2024-04-09,Bedsheet,Home & Kitchen,1,536.09,0.0,Debit Card,Warangal,Telangana,30.0,Male,536.09,2024-04,2024
ORD003637,CUST0800,2024-05-02,Backpack,Fashion,2,3762.1,0.1,Debit Card,Mangaluru,Karnataka,18.0,Male,6771.78,2024-05,2024
ORD002939,CUST0276,2025-06-15,Laptop Stand,Electronics,1,49133.39,0.0,Debit Card,Mangaluru,Karnataka,34.0,Female,49133.39,2025-06,2025
ORD004492,CUST0175,2025-06-20,Bluetooth Speaker,Electronics,1,11870.37,0.0,UPI,Mumbai,Maharashtra,44.0,Male,11870.37,2025-06,2025
ORD003141,CUST0494,2024-11-08,T-Shirt,Fashion,2,5569.83,0.1,Net Banking,Chennai,Tamil Nadu,42.0,Female,10025.69,2024-11,2024
ORD004981,CUST1092,2025-06-03,Running Shoes,Sports,3,7689.62,0.15,Credit Card,Hyderabad,Telangana,28.0,Female,19608.53,2025-06,2025
ORD000144,CUST0324,2024-02-20,SQL Guide,Books,1,890.96,0.05,Cash on Delivery,Mysuru,Karnataka,31.0,Male,846.41,2024-02,2024
ORD003578,CUST1178,2024-09-04,SQL Guide,Books,2,2348.53,0.1,UPI,Kochi,Kerala,23.0,Male,4227.35,2024-09,2024
ORD004947,CUST0538,2024-01-23,Face Wash,Beauty,1,3076.9,0.1,UPI,Coimbatore,Tamil Nadu,18.0,Female,2769.21,2024-01,2024
ORD002783,CUST0350,2025-02-03,Cookware Set,Home & Kitchen,4,14826.67,0.15,Credit Card,Warangal,Telangana,30.0,Female,50410.68,2025-02,2025
ORD000718,CUST0165,2025-09-15,Smart Watch,Electronics,1,33064.68,0.0,UPI,Bengaluru,Karnataka,29.0,Female,33064.68,2025-09,2025
ORD001820,CUST0821,2025-10-10,Moisturizer,Beauty,1,3383.26,0.1,Credit Card,Hyderabad,Telangana,28.0,Male,3044.93,2025-10,2025
ORD002503,CUST0031,2024-03-07,Moisturizer,Beauty,1,1697.24,0.1,UPI,New Delhi,Delhi,26.0,Female,1527.52,2024-03,2024
ORD004361,CUST0475,2024-12-03,Perfume,Beauty,2,317.87,0.15,UPI,Kochi,Kerala,35.0,Male,540.38,2024-12,2024
ORD004172,CUST0850,2025-12-17,Wireless Headphones,Electronics,1,3447.89,0.05,UPI,Mumbai,Maharashtra,30.0,Male,3275.5,2025-12,2025
ORD000396,CUST0865,2024-02-23,Bedsheet,Home & Kitchen,1,2155.03,0.2,Cash on Delivery,New Delhi,Delhi,18.0,Female,1724.02,2024-02,2024
ORD005798,CUST1108,2024-01-27,Wireless Headphones,Electronics,3,66491.3,0.1,Debit Card,Pune,Maharashtra,36.0,Female,179526.51,2024-01,2024
ORD004493,CUST0990,2024-09-28,Sneakers,Fashion,1,5625.22,0.05,UPI,Warangal,Telangana,23.0,Male,5343.96,2024-09,2024
ORD001366,CUST0077,2024-11-10,SQL Guide,Books,1,1117.48,0.2,Cash on Delivery,Kochi,Kerala,40.0,Male,893.98,2024-11,2024
ORD005901,CUST0937,2025-07-01,Cookware Set,Home & Kitchen,4,10126.33,0.0,UPI,New Delhi,Delhi,44.0,Male,40505.32,2025-07,2025
ORD000596,CUST1010,2024-04-28,T-Shirt,Fashion,1,2880.53,0.1,Cash on Delivery,Hyderabad,Telangana,43.0,Female,2592.48,2024-04,2024
ORD003953,CUST0592,2025-10-29,Bluetooth Speaker,Electronics,1,66347.69,0.1,UPI,Kochi,Kerala,28.0,Male,59712.92,2025-10,2025
ORD005393,CUST0553,2024-08-05,Sunscreen,Beauty,2,1115.13,0.05,Credit Card,Thiruvananthapuram,Kerala,34.0,Male,2118.75,2024-08,2024
ORD004969,CUST0762,2024-03-23,Power Bank,Electronics,1,60915.42,0.05,Net Banking,Warangal,Telangana,26.0,Male,57869.65,2024-03,2024
ORD002915,CUST0699,2024-01-10,Laptop Stand,Electronics,1,35973.04,0.05,Credit Card,Bengaluru,Karnataka,40.0,Female,34174.39,2024-01,2024
ORD002327,CUST0498,2025-08-15,Machine Learning Book,Books,2,541.89,0.0,UPI,Mumbai,Maharashtra,37.0,Female,1083.78,2025-08,2025
ORD003767,CUST0564,2025-10-04,Laptop Stand,Electronics,1,65835.27,0.1,Credit Card,Kochi,Kerala,34.0,Female,59251.74,2025-10,2025
ORD003441,CUST1092,2025-02-01,Jeans,Fashion,1,497.88,0.05,Net Banking,Warangal,Telangana,27.0,Female,472.99,2025-02,2025
ORD003852,CUST1080,2024-07-17,T-Shirt,Fashion,1,3322.88,0.0,Net Banking,Kochi,Kerala,26.0,Female,3322.88,2024-07,2024
ORD004133,CUST0973,2024-07-09,Wireless Headphones,Electronics,1,21583.55,0.0,Net Banking,Kochi,Kerala,18.0,Male,21583.55,2024-07,2024
ORD005500,CUST0789,2024-04-02,Yoga Mat,Sports,3,1586.9,0.05,Credit Card,New Delhi,Delhi,26.0,Female,4522.67,2024-04,2024
ORD002144,CUST1098,2025-10-19,Shampoo,Beauty,4,1121.14,0.1,UPI,Bengaluru,Karnataka,27.0,Male,4036.1,2025-10,2025
ORD005823,CUST0648,2024-08-22,Smart Watch,Electronics,4,53708.15,0.05,UPI,New Delhi,Delhi,42.0,Male,204090.97,2024-08,2024
ORD005074,CUST0138,2025-12-24,Shampoo,Beauty,2,1037.47,0.0,Debit Card,Nagpur,Maharashtra,31.0,Male,2074.94,2025-12,2025
ORD001572,CUST0459,2024-11-03,SQL Guide,Books,2,1666.33,0.1,UPI,Chennai,Tamil Nadu,39.0,Female,2999.39,2024-11,2024
ORD004080,CUST0116,2024-09-04,Wireless Headphones,Electronics,3,28683.95,0.05,Cash on Delivery,Kochi,Kerala,37.0,Male,81749.26,2024-09,2024
ORD001123,CUST0833,2024-10-27,Coffee Maker,Home & Kitchen,2,9903.22,0.0,UPI,Thiruvananthapuram,Kerala,31.0,Male,19806.44,2024-10,2024
ORD002787,CUST0417,2024-12-30,Power Bank,Electronics,4,72391.18,0.15,Credit Card,New Delhi,Delhi,35.0,Male,246130.01,2024-12,2024
ORD002968,CUST0059,2024-02-27,Wireless Headphones,Electronics,3,3590.6,0.05,Debit Card,Hyderabad,Telangana,27.0,Female,10233.21,2024-02,2024
ORD002505,CUST0342,2025-03-28,Jeans,Fashion,1,5750.84,0.1,Debit Card,New Delhi,Delhi,23.0,Male,5175.76,2025-03,2025
ORD003466,CUST0492,2025-07-28,Bedsheet,Home & Kitchen,2,7483.92,0.0,Cash on Delivery,Mangaluru,Karnataka,31.0,Female,14967.84,2025-07,2025
ORD000676,CUST0459,2024-05-18,Power Bank,Electronics,1,15965.98,0.05,Credit Card,New Delhi,Delhi,36.0,Female,15167.68,2024-05,2024
ORD002809,CUST0148,2025-03-04,Mixer Grinder,Home & Kitchen,1,11947.71,0.05,UPI,Kochi,Kerala,18.0,Female,11350.32,2025-03,2025
ORD003349,CUST0716,2025-12-15,Smart Watch,Electronics,5,12509.58,0.15,UPI,New Delhi,Delhi,21.0,Male,53165.72,2025-12,2025
ORD000729,CUST0160,2024-01-25,Laptop Stand,Electronics,1,69632.65,0.1,Credit Card,New Delhi,Delhi,51.0,Female,62669.38,2024-01,2024
ORD000413,CUST0495,2025-08-10,T-Shirt,Fashion,1,2694.17,0.2,UPI,Nagpur,Maharashtra,31.0,Male,2155.34,2025-08,2025
ORD003147,CUST0098,2024-01-26,Laptop Stand,Electronics,2,40669.42,0.15,Credit Card,Pune,Maharashtra,33.0,Male,69138.01,2024-01,2024
ORD001517,CUST0244,2024-06-22,Sneakers,Fashion,1,4051.28,0.1,Debit Card,Mumbai,Maharashtra,30.0,Female,3646.15,2024-06,2024
ORD000826,CUST0239,2025-12-15,Jacket,Fashion,2,591.38,0.05,Cash on Delivery,New Delhi,Delhi,43.0,Female,1123.62,2025-12,2025
ORD003268,CUST1089,2025-07-26,Laptop Stand,Electronics,1,9305.62,0.1,Cash on Delivery,Warangal,Telangana,43.0,Female,8375.06,2025-07,2025
ORD003975,CUST1158,2024-09-04,Coffee Maker,Home & Kitchen,3,6514.48,0.15,UPI,Chennai,Tamil Nadu,35.0,Female,16611.92,2024-09,2024
ORD000617,CUST0176,2024-02-20,Bedsheet,Home & Kitchen,2,8560.13,0.1,Credit Card,Bengaluru,Karnataka,27.0,Female,15408.23,2024-02,2024
ORD000115,CUST0947,2024-03-19,Jeans,Fashion,3,3351.33,0.15,UPI,Mysuru,Karnataka,37.0,Male,8545.89,2024-03,2024
ORD000418,CUST0340,2025-03-07,Shampoo,Beauty,3,3006.34,0.1,Credit Card,Salem,Tamil Nadu,21.0,Female,8117.12,2025-03,2025
ORD003070,CUST1018,2024-03-12,Coffee Maker,Home & Kitchen,4,12122.66,0.0,Cash on Delivery,New Delhi,Delhi,18.0,Male,48490.64,2024-03,2024
ORD001626,CUST0261,2025-08-07,Football,Sports,3,8232.57,0.15,UPI,Warangal,Telangana,48.0,Male,20993.05,2025-08,2025
ORD005940,CUST0749,2024-08-25,Mixer Grinder,Home & Kitchen,2,10033.06,0.2,Cash on Delivery,Kochi,Kerala,42.0,Male,16052.9,2024-08,2024
ORD004186,CUST0415,2025-10-30,Backpack,Fashion,4,5718.23,0.2,Cash on Delivery,Hyderabad,Telangana,28.0,Male,18298.34,2025-10,2025
ORD002897,CUST1154,2024-12-23,Face Wash,Beauty,1,3404.76,0.05,UPI,Coimbatore,Tamil Nadu,23.0,Male,3234.52,2024-12,2024
ORD005603,CUST0128,2024-04-03,Machine Learning Book,Books,2,1561.26,0.0,Credit Card,New Delhi,Delhi,30.0,Female,3122.52,2024-04,2024
ORD002083,CUST0220,2025-04-07,Running Shoes,Sports,1,1967.37,0.0,UPI,Mumbai,Maharashtra,41.0,Male,1967.37,2025-04,2025
ORD000754,CUST0747,2024-11-27,Running Shoes,Sports,3,7818.91,0.05,UPI,Mumbai,Maharashtra,32.0,Female,22283.89,2024-11,2024
ORD002547,CUST1147,2025-08-21,Bedsheet,Home & Kitchen,3,3910.56,0.15,UPI,Thiruvananthapuram,Kerala,48.0,Female,9971.93,2025-08,2025
ORD003970,CUST0547,2024-06-06,Bluetooth Speaker,Electronics,1,50712.52,0.0,UPI,New Delhi,Delhi,28.0,Male,50712.52,2024-06,2024
ORD003374,CUST0244,2025-11-05,Machine Learning Book,Books,3,1737.11,0.2,Cash on Delivery,Coimbatore,Tamil Nadu,21.0,Female,4169.06,2025-11,2025
ORD004108,CUST0692,2024-01-22,T-Shirt,Fashion,3,3810.53,0.1,Net Banking,Mysuru,Karnataka,41.0,Male,10288.43,2024-01,2024
ORD002445,CUST0832,2025-04-19,Dumbbells,Sports,5,6561.98,0.0,UPI,Mumbai,Maharashtra,42.0,Female,32809.9,2025-04,2025
ORD004381,CUST0575,2024-05-07,Perfume,Beauty,1,1310.92,0.1,Credit Card,Mangaluru,Karnataka,48.0,Female,1179.83,2024-05,2024
ORD001067,CUST0285,2025-11-06,Face Wash,Beauty,1,3393.77,0.1,Debit Card,Mangaluru,Karnataka,32.0,Female,3054.39,2025-11,2025
ORD003914,CUST1117,2025-10-15,Cookware Set,Home & Kitchen,1,6114.91,0.1,Credit Card,Nagpur,Maharashtra,25.0,Male,5503.42,2025-10,2025
ORD005288,CUST0185,2024-06-08,Jeans,Fashion,1,2314.2,0.15,Cash on Delivery,Thiruvananthapuram,Kerala,30.0,Female,1967.07,2024-06,2024
ORD005388,CUST0222,2025-09-09,Jacket,Fashion,3,1920.33,0.0,UPI,Nagpur,Maharashtra,48.0,Female,5760.99,2025-09,2025
ORD003499,CUST0772,2024-04-23,Machine Learning Book,Books,2,281.68,,Credit Card,Thiruvananthapuram,Kerala,45.0,Male,563.36,2024-04,2024
ORD002739,CUST0514,2025-10-09,Coffee Maker,Home & Kitchen,1,6264.31,0.1,UPI,New Delhi,Delhi,20.0,Female,5637.88,2025-10,2025
ORD005053,CUST1047,2025-07-29,T-Shirt,Fashion,1,4102.31,0.1,Credit Card,Hyderabad,Telangana,26.0,Female,3692.08,2025-07,2025
ORD004001,CUST0453,2025-06-10,Mixer Grinder,Home & Kitchen,1,8835.94,0.05,Credit Card,Mumbai,Maharashtra,33.0,Male,8394.14,2025-06,2025
ORD001569,CUST0767,2025-08-11,SQL Guide,Books,1,1656.3,0.15,UPI,Pune,Maharashtra,28.0,Male,1407.86,2025-08,2025
ORD002428,CUST0546,2024-05-15,Laptop Stand,Electronics,4,74490.44,0.05,Debit Card,Nagpur,Maharashtra,31.0,Male,283063.67,2024-05,2024
ORD003747,CUST0505,2024-08-22,Sneakers,Fashion,1,4711.06,0.0,Credit Card,Kochi,Kerala,25.0,Male,4711.06,2024-08,2024
ORD005562,CUST0628,2025-10-24,Sunscreen,Beauty,3,1825.06,0.1,Credit Card,Mumbai,Maharashtra,26.0,Female,4927.66,2025-10,2025
ORD001688,CUST1057,2025-04-21,Jacket,Fashion,2,1104.46,0.2,Cash on Delivery,Thiruvananthapuram,Kerala,20.0,Male,1767.14,2025-04,2025
ORD000852,CUST0217,2024-09-17,Sunscreen,Beauty,4,1500.67,0.0,Credit Card,Bengaluru,Karnataka,59.0,Male,6002.68,2024-09,2024
ORD003547,CUST0909,2024-01-11,Shampoo,Beauty,4,1152.8,0.05,UPI,Kochi,Kerala,21.0,Female,4380.64,2024-01,2024
ORD000896,CUST0280,2024-06-26,Smart Watch,Electronics,2,62765.75,0.1,Credit Card,Mangaluru,Karnataka,40.0,Male,112978.35,2024-06,2024
ORD004593,CUST0931,2024-10-15,Laptop Stand,Electronics,5,56028.44,0.0,UPI,Salem,Tamil Nadu,41.0,Female,280142.2,2024-10,2024
ORD000336,CUST0979,2025-01-24,Perfume,Beauty,1,2322.48,0.05,Debit Card,Mysuru,Karnataka,24.0,Female,2206.36,2025-01,2025
ORD002840,CUST0976,2024-06-15,Running Shoes,Sports,4,2050.09,0.1,Credit Card,Hyderabad,Telangana,19.0,Female,7380.32,2024-06,2024
ORD003088,CUST0388,2025-02-27,Bluetooth Speaker,Electronics,2,1786.71,0.05,Net Banking,Mangaluru,Karnataka,29.0,Female,3394.75,2025-02,2025
ORD004612,CUST0882,2024-04-15,Wireless Headphones,Electronics,1,79732.52,0.05,UPI,Mysuru,Karnataka,32.0,Female,75745.89,2024-04,2024
ORD001349,CUST0375,2025-04-02,Bedsheet,Home & Kitchen,1,4883.74,0.15,UPI,Warangal,Telangana,29.0,Male,4151.18,2025-04,2025
ORD001016,CUST0348,2024-08-22,T-Shirt,Fashion,4,5584.15,0.0,Credit Card,Warangal,Telangana,30.0,Male,22336.6,2024-08,2024
ORD002817,CUST0538,2024-02-03,SQL Guide,Books,3,1545.89,0.2,UPI,New Delhi,Delhi,36.0,Female,3710.14,2024-02,2024
ORD001632,CUST0876,2025-11-08,Smart Watch,Electronics,5,79238.43,0.1,UPI,Nagpur,Maharashtra,23.0,Male,356572.94,2025-11,2025
ORD002490,CUST0823,2025-04-25,Backpack,Fashion,1,1882.67,0.1,Cash on Delivery,Kochi,Kerala,31.0,Male,1694.4,2025-04,2025
ORD003731,CUST0938,2025-07-20,Table Lamp,Home & Kitchen,1,8152.98,0.0,Net Banking,Mumbai,Maharashtra,28.0,Male,8152.98,2025-07,2025
ORD003252,CUST0228,2025-05-01,Smart Watch,Electronics,1,69722.49,0.1,UPI,Thiruvananthapuram,Kerala,21.0,Male,62750.24,2025-05,2025
ORD005556,CUST0836,2024-04-18,Python Programming,Books,2,333.45,0.1,Net Banking,Nagpur,Maharashtra,24.0,Female,600.21,2024-04,2024
ORD002071,CUST0815,2024-04-22,Laptop Stand,Electronics,1,12404.84,0.0,UPI,Pune,Maharashtra,25.0,Male,12404.84,2024-04,2024
ORD004453,CUST0158,2024-05-15,Bluetooth Speaker,Electronics,2,1516.89,0.0,UPI,New Delhi,Delhi,22.0,Male,3033.78,2024-05,2024
ORD005859,CUST0690,2024-01-26,Dumbbells,Sports,2,7084.68,0.1,Debit Card,Coimbatore,Tamil Nadu,18.0,Male,12752.42,2024-01,2024
ORD005409,CUST0096,2025-05-24,Business Analytics,Books,1,800.11,0.05,Debit Card,Trichy,Tamil Nadu,18.0,Male,760.1,2025-05,2025
ORD001636,CUST0012,2024-08-19,Cookware Set,Home & Kitchen,2,14599.3,0.1,UPI,Mysuru,Karnataka,37.0,Female,26278.74,2024-08,2024
ORD004647,CUST1048,2025-08-13,Bluetooth Speaker,Electronics,3,45452.33,0.05,Debit Card,New Delhi,Delhi,18.0,Female,129539.14,2025-08,2025
ORD002480,CUST1090,2024-04-15,Jeans,Fashion,1,1685.41,0.0,UPI,Chennai,Tamil Nadu,47.0,Female,1685.41,2024-04,2024
ORD002266,CUST0210,2025-03-31,Mixer Grinder,Home & Kitchen,5,5641.51,0.2,Net Banking,Warangal,Telangana,40.0,Female,22566.04,2025-03,2025
ORD002960,CUST1155,2024-09-19,Perfume,Beauty,1,2808.08,0.1,Debit Card,Nagpur,Maharashtra,31.0,Female,2527.27,2024-09,2024
ORD005324,CUST0943,2025-08-15,Mixer Grinder,Home & Kitchen,1,3094.27,0.05,Cash on Delivery,New Delhi,Delhi,22.0,Male,2939.56,2025-08,2025
ORD005673,CUST0879,2025-05-28,Jacket,Fashion,2,5068.86,0.15,UPI,New Delhi,Delhi,36.0,Female,8617.06,2025-05,2025
ORD003060,CUST0668,2024-03-14,Smart Watch,Electronics,2,73327.44,0.2,Debit Card,Nagpur,Maharashtra,42.0,Female,117323.9,2024-03,2024
ORD005054,CUST1001,2024-09-02,Face Wash,Beauty,3,588.71,0.1,Credit Card,New Delhi,Delhi,32.0,Female,1589.52,2024-09,2024
ORD002142,CUST0456,2024-06-11,Mixer Grinder,Home & Kitchen,3,5036.8,0.1,UPI,Mumbai,Maharashtra,23.0,Female,13599.36,2024-06,2024
ORD005105,CUST1031,2025-01-19,Smart Watch,Electronics,4,46355.82,0.1,Cash on Delivery,Mysuru,Karnataka,32.0,Female,166880.95,2025-01,2025
ORD003119,CUST0039,2024-05-15,Bluetooth Speaker,Electronics,1,3694.67,0.1,UPI,New Delhi,Delhi,18.0,Female,3325.2,2024-05,2024
ORD005189,CUST0142,2025-12-04,Coffee Maker,Home & Kitchen,5,9536.73,0.0,UPI,Bengaluru,Karnataka,21.0,Male,47683.65,2025-12,2025
ORD005665,CUST0914,2025-03-20,Business Analytics,Books,2,1202.8,0.0,Net Banking,Hyderabad,Telangana,23.0,Female,2405.6,2025-03,2025
ORD004046,CUST0928,2024-12-06,Data Analytics Book,Books,1,2406.26,0.15,Credit Card,Chennai,Tamil Nadu,34.0,Other,2045.32,2024-12,2024
ORD003357,CUST1138,2025-12-07,Table Lamp,Home & Kitchen,1,9852.29,0.15,Credit Card,Kochi,Kerala,31.0,Male,8374.45,2025-12,2025
ORD002745,CUST0443,2024-08-09,T-Shirt,Fashion,1,1994.78,0.1,Cash on Delivery,Coimbatore,Tamil Nadu,34.0,Female,1795.3,2024-08,2024
ORD005093,CUST0383,2024-05-04,Backpack,Fashion,1,649.51,0.1,Debit Card,Hyderabad,Telangana,34.0,Female,584.56,2024-05,2024
ORD003507,CUST0182,2024-03-12,Smart Watch,Electronics,1,41991.7,0.0,Credit Card,Coimbatore,Tamil Nadu,18.0,Male,41991.7,2024-03,2024
ORD001680,CUST0746,2024-03-10,Sneakers,Fashion,4,732.88,0.05,Net Banking,New Delhi,Delhi,18.0,Female,2784.94,2024-03,2024
ORD004250,CUST0947,2025-06-30,Jacket,Fashion,1,4544.46,0.1,Net Banking,Salem,Tamil Nadu,25.0,Female,4090.01,2025-06,2025
ORD003148,CUST1151,2024-08-31,Moisturizer,Beauty,3,2250.25,0.1,Debit Card,Thiruvananthapuram,Kerala,23.0,Female,6075.68,2024-08,2024
ORD002295,CUST0763,2025-10-08,Python Programming,Books,2,1042.91,0.15,UPI,Chennai,Tamil Nadu,30.0,Male,1772.95,2025-10,2025
ORD000581,CUST0053,2025-04-06,Laptop Stand,Electronics,1,40492.09,0.05,Net Banking,Mysuru,Karnataka,31.0,Female,38467.49,2025-04,2025
ORD001471,CUST0535,2025-11-15,Table Lamp,Home & Kitchen,2,8478.83,0.05,UPI,Hyderabad,Telangana,27.0,Male,16109.78,2025-11,2025
ORD004800,CUST0929,2024-06-28,Table Lamp,Home & Kitchen,4,8625.46,0.0,Debit Card,Thiruvananthapuram,Kerala,23.0,Female,34501.84,2024-06,2024
ORD004071,CUST0742,2025-04-20,Jeans,Fashion,1,2241.69,0.15,Cash on Delivery,Kochi,Kerala,26.0,Male,1905.44,2025-04,2025
ORD005309,CUST0592,2025-12-07,Face Wash,Beauty,1,2996.41,0.1,Net Banking,Hyderabad,Telangana,25.0,Male,2696.77,2025-12,2025
ORD003344,CUST0825,2025-12-17,Mixer Grinder,Home & Kitchen,2,6220.59,0.1,UPI,Madurai,Tamil Nadu,34.0,Male,11197.06,2025-12,2025
ORD004993,CUST0716,2024-07-03,Sneakers,Fashion,4,3857.3,0.2,UPI,Warangal,Telangana,22.0,Female,12343.36,2024-07,2024
ORD004584,CUST0082,2024-04-03,T-Shirt,Fashion,1,4750.64,0.2,Credit Card,Salem,Tamil Nadu,39.0,Male,3800.51,2024-04,2024
ORD003673,CUST1122,2025-01-02,Wireless Headphones,Electronics,1,69706.93,0.05,UPI,Bengaluru,Karnataka,25.0,Female,66221.58,2025-01,2025
ORD000560,CUST0332,2025-01-05,Moisturizer,Beauty,1,697.93,0.1,Net Banking,New Delhi,Delhi,45.0,Male,628.14,2025-01,2025
ORD005238,CUST0070,2025-12-23,Smart Watch,Electronics,1,18231.38,0.15,Net Banking,Kochi,Kerala,40.0,Female,15496.67,2025-12,2025
ORD005216,CUST0447,2025-12-19,Cricket Bat,Sports,3,9588.5,0.05,Debit Card,Warangal,Telangana,28.0,Male,27327.22,2025-12,2025
ORD002850,CUST0514,2025-12-31,Sneakers,Fashion,1,3277.86,0.0,Net Banking,New Delhi,Delhi,36.0,Female,3277.86,2025-12,2025
ORD000513,CUST0396,2025-04-08,Wireless Headphones,Electronics,1,72059.65,0.1,Credit Card,Kochi,Kerala,26.0,Female,64853.68,2025-04,2025
ORD004730,CUST0321,2025-06-28,T-Shirt,Fashion,3,5446.73,0.0,Cash on Delivery,New Delhi,Delhi,30.0,Female,16340.19,2025-06,2025
ORD001082,CUST0378,2024-12-23,Face Wash,Beauty,1,2390.29,0.15,Cash on Delivery,New Delhi,Delhi,40.0,Female,2031.75,2024-12,2024
ORD001665,CUST1099,2024-08-03,SQL Guide,Books,1,807.14,0.05,Net Banking,Kochi,Kerala,36.0,Male,766.78,2024-08,2024
ORD001013,CUST0522,2024-12-03,Mixer Grinder,Home & Kitchen,1,7474.77,0.05,UPI,Warangal,Telangana,35.0,Female,7101.03,2024-12,2024
ORD001932,CUST0506,2025-07-02,Sneakers,Fashion,1,2808.84,0.15,UPI,Thiruvananthapuram,Kerala,40.0,Male,2387.51,2025-07,2025
ORD001151,CUST0016,2024-07-27,Laptop Stand,Electronics,3,37858.92,0.1,Debit Card,Trichy,Tamil Nadu,30.0,Male,102219.08,2024-07,2024
ORD002839,CUST0201,2025-11-30,Shampoo,Beauty,1,3770.25,0.0,UPI,New Delhi,Delhi,31.0,Female,3770.25,2025-11,2025
ORD000117,CUST0570,2024-03-24,Python Programming,Books,3,1314.72,0.2,UPI,Kochi,Kerala,31.0,Male,3155.33,2024-03,2024
ORD000741,CUST0711,2024-07-08,Cookware Set,Home & Kitchen,1,6594.86,0.15,Net Banking,Warangal,Telangana,27.0,Male,5605.63,2024-07,2024
ORD005762,CUST0156,2024-07-13,Dumbbells,Sports,4,1134.82,0.15,Cash on Delivery,Bengaluru,Karnataka,34.0,Male,3858.39,2024-07,2024
ORD005178,CUST0983,2025-08-17,Sneakers,Fashion,3,2798.38,0.05,Debit Card,Bengaluru,Karnataka,25.0,Male,7975.38,2025-08,2025
ORD003676,CUST0301,2024-01-16,Cricket Bat,Sports,1,1203.27,0.1,Credit Card,Bengaluru,Karnataka,18.0,Female,1082.94,2024-01,2024
ORD000831,CUST0575,2024-04-12,Smart Watch,Electronics,5,9871.99,0.05,Cash on Delivery,New Delhi,Delhi,21.0,Female,46891.95,2024-04,2024
ORD000120,CUST0584,2024-12-09,Jacket,Fashion,1,3087.66,0.1,UPI,Salem,Tamil Nadu,,Male,2778.89,2024-12,2024
ORD004753,CUST0491,2024-01-26,Yoga Mat,Sports,2,9054.99,0.0,UPI,Nagpur,Maharashtra,26.0,Female,18109.98,2024-01,2024
ORD005729,CUST0790,2024-04-05,Laptop Stand,Electronics,1,930.16,0.0,Debit Card,Bengaluru,Karnataka,21.0,Female,930.16,2024-04,2024
ORD005682,CUST0453,2025-11-29,Bedsheet,Home & Kitchen,1,1636.39,0.15,Credit Card,Mumbai,Maharashtra,30.0,Male,1390.93,2025-11,2025
ORD005929,CUST0102,2025-11-27,Smart Watch,Electronics,2,32503.33,0.0,Debit Card,New Delhi,Delhi,38.0,Male,65006.66,2025-11,2025
ORD000636,CUST0862,2024-02-12,Moisturizer,Beauty,1,2785.35,0.05,Net Banking,Mysuru,Karnataka,31.0,Male,2646.08,2024-02,2024
ORD004466,CUST0878,2025-10-08,Football,Sports,1,5113.84,0.15,Debit Card,Thiruvananthapuram,Kerala,39.0,Male,4346.76,2025-10,2025
ORD004365,CUST0438,2024-08-01,Jacket,Fashion,5,5934.36,0.15,Credit Card,Kochi,Kerala,40.0,Male,25221.03,2024-08,2024
ORD004143,CUST1008,2024-10-07,Mixer Grinder,Home & Kitchen,3,10123.4,0.05,Credit Card,Coimbatore,Tamil Nadu,25.0,Female,28851.69,2024-10,2024
ORD000992,CUST0753,2024-12-07,Jeans,Fashion,3,2127.97,0.2,UPI,New Delhi,Delhi,,Male,5107.13,2024-12,2024
ORD000877,CUST0722,2025-01-23,SQL Guide,Books,3,767.11,,Debit Card,Chennai,Tamil Nadu,21.0,Male,2301.33,2025-01,2025
ORD004870,CUST1043,2025-09-27,Dumbbells,Sports,1,4847.51,0.15,UPI,Salem,Tamil Nadu,18.0,Male,4120.38,2025-09,2025
ORD005316,CUST0183,2024-03-11,Smart Watch,Electronics,2,75431.15,0.15,Cash on Delivery,Pune,Maharashtra,18.0,Female,128232.95,2024-03,2024
ORD005223,CUST0006,2025-01-26,Dumbbells,Sports,3,799.89,0.15,Cash on Delivery,Mangaluru,Karnataka,33.0,Female,2039.72,2025-01,2025
ORD000005,CUST1105,2024-07-24,Backpack,Fashion,5,4740.74,0.2,Cash on Delivery,Mysuru,Karnataka,56.0,Male,18962.96,2024-07,2024
ORD003052,CUST0488,2024-12-20,Jeans,Fashion,1,5566.57,0.1,Credit Card,Coimbatore,Tamil Nadu,28.0,Female,5009.91,2024-12,2024
ORD003125,CUST0461,2024-10-09,Jeans,Fashion,1,1164.61,0.05,Credit Card,Warangal,Telangana,24.0,Other,1106.38,2024-10,2024
ORD002661,CUST0878,2024-08-18,Cricket Bat,Sports,2,7518.2,0.1,Debit Card,Bengaluru,Karnataka,30.0,Female,13532.76,2024-08,2024
ORD002492,CUST0987,2024-07-18,Cricket Bat,Sports,1,1513.82,0.0,Debit Card,Salem,Tamil Nadu,44.0,Male,1513.82,2024-07,2024
ORD005174,CUST1021,2025-12-01,Shampoo,Beauty,2,3664.42,0.05,Cash on Delivery,Coimbatore,Tamil Nadu,41.0,Male,6962.4,2025-12,2025
ORD003855,CUST1197,2024-12-31,Yoga Mat,Sports,1,9164.38,0.15,UPI,Hyderabad,Telangana,37.0,Female,7789.72,2024-12,2024
ORD004934,CUST0577,2024-04-21,Bluetooth Speaker,Electronics,1,17021.11,0.05,Credit Card,Mysuru,Karnataka,32.0,Female,16170.05,2024-04,2024
ORD004778,CUST0578,2024-06-24,T-Shirt,Fashion,3,2973.97,0.1,UPI,Hyderabad,Telangana,45.0,Female,8029.72,2024-06,2024
ORD001716,CUST0104,2025-09-12,Cricket Bat,Sports,2,794.32,0.05,Credit Card,Salem,Tamil Nadu,38.0,Female,1509.21,2025-09,2025
ORD001149,CUST0109,2024-02-26,Machine Learning Book,Books,1,1703.31,0.2,UPI,Pune,Maharashtra,29.0,Female,1362.65,2024-02,2024
ORD003262,CUST0991,2025-04-21,Wireless Headphones,Electronics,2,61759.98,0.1,Cash on Delivery,Warangal,Telangana,23.0,Male,111167.96,2025-04,2025
ORD000575,CUST1165,2024-05-30,Football,Sports,2,3374.92,0.05,UPI,New Delhi,Delhi,18.0,Female,6412.35,2024-05,2024
ORD003770,CUST0762,2025-02-09,Cricket Bat,Sports,4,9454.99,0.1,UPI,Pune,Maharashtra,18.0,Female,34037.96,2025-02,2025
ORD003737,CUST0023,2025-04-30,Football,Sports,1,9859.64,0.15,Debit Card,Mumbai,Maharashtra,36.0,Female,8380.69,2025-04,2025
ORD004147,CUST1164,2025-11-28,Bedsheet,Home & Kitchen,3,10196.68,0.05,UPI,Hyderabad,Telangana,30.0,Male,29060.54,2025-11,2025
ORD000854,CUST0432,2024-11-02,Bedsheet,Home & Kitchen,1,10304.06,0.1,Debit Card,Chennai,Tamil Nadu,18.0,Male,9273.65,2024-11,2024
ORD001983,CUST0555,2024-08-18,Football,Sports,2,3354.23,0.15,UPI,Mangaluru,Karnataka,32.0,Female,5702.19,2024-08,2024
ORD002775,CUST0501,2024-08-30,Sneakers,Fashion,2,4321.18,0.15,Credit Card,Kochi,Kerala,35.0,Male,7346.01,2024-08,2024
ORD004930,CUST0554,2024-08-31,Table Lamp,Home & Kitchen,1,10430.82,0.05,UPI,Warangal,Telangana,33.0,Female,9909.28,2024-08,2024
ORD005212,CUST0500,2024-06-12,Wireless Headphones,Electronics,2,19083.84,0.05,UPI,Bengaluru,Karnataka,19.0,Female,36259.3,2024-06,2024
ORD001167,CUST1014,2025-03-19,Football,Sports,1,3559.31,0.1,UPI,Pune,Maharashtra,53.0,Male,3203.38,2025-03,2025
ORD000972,CUST0840,2024-03-13,SQL Guide,Books,2,2169.28,0.15,UPI,Coimbatore,Tamil Nadu,22.0,Female,3687.78,2024-03,2024
ORD002702,CUST1095,2025-08-28,Mixer Grinder,Home & Kitchen,1,7075.35,0.15,Credit Card,Nagpur,Maharashtra,22.0,Male,6014.05,2025-08,2025
ORD004496,CUST0936,2025-08-04,Wireless Headphones,Electronics,3,44660.52,0.1,Net Banking,Trichy,Tamil Nadu,18.0,Male,120583.4,2025-08,2025
ORD003848,CUST0372,2024-01-02,Perfume,Beauty,1,3951.16,0.05,Debit Card,Mangaluru,Karnataka,37.0,Male,3753.6,2024-01,2024
ORD002369,CUST0624,2025-08-23,Sneakers,Fashion,1,4646.82,0.0,Debit Card,Mangaluru,Karnataka,30.0,Female,4646.82,2025-08,2025
ORD004116,CUST1193,2025-03-08,Wireless Headphones,Electronics,2,45223.61,0.0,UPI,Bengaluru,Karnataka,31.0,Male,90447.22,2025-03,2025
ORD004781,CUST1048,2025-11-11,Mixer Grinder,Home & Kitchen,2,13948.15,0.15,UPI,Mysuru,Karnataka,37.0,Other,23711.86,2025-11,2025
ORD004132,CUST0910,2024-03-21,Bedsheet,Home & Kitchen,4,11812.94,0.1,Net Banking,New Delhi,Delhi,,Female,42526.58,2024-03,2024
ORD002951,CUST1096,2025-07-09,Business Analytics,Books,1,1577.02,0.05,UPI,Hyderabad,Telangana,22.0,Male,1498.17,2025-07,2025
ORD000525,CUST0014,2024-06-07,Data Analytics Book,Books,3,1657.71,0.1,Debit Card,Chennai,Tamil Nadu,18.0,Male,4475.82,2024-06,2024
ORD002456,CUST0282,2024-12-26,Sneakers,Fashion,1,3462.88,0.0,UPI,Thiruvananthapuram,Kerala,44.0,Male,3462.88,2024-12,2024
ORD005017,CUST0403,2024-08-05,Laptop Stand,Electronics,1,49028.26,0.1,Credit Card,Madurai,Tamil Nadu,48.0,Male,44125.43,2024-08,2024
ORD001842,CUST0083,2024-01-12,Bluetooth Speaker,Electronics,1,7583.51,0.15,UPI,Mumbai,Maharashtra,53.0,Female,6445.98,2024-01,2024
ORD000538,CUST0390,2024-05-22,Sunscreen,Beauty,1,3336.26,0.0,Debit Card,Thiruvananthapuram,Kerala,38.0,Female,3336.26,2024-05,2024
ORD002807,CUST0398,2024-10-08,Wireless Headphones,Electronics,4,39039.81,0.0,UPI,New Delhi,Delhi,51.0,Male,156159.24,2024-10,2024
ORD005597,CUST1140,2025-10-20,Wireless Headphones,Electronics,3,14339.69,0.05,UPI,New Delhi,Delhi,32.0,Male,40868.12,2025-10,2025
ORD004342,CUST0029,2025-05-12,Backpack,Fashion,3,4984.04,0.0,Credit Card,Coimbatore,Tamil Nadu,32.0,Female,14952.12,2025-05,2025
ORD003176,CUST1169,2025-07-08,Cookware Set,Home & Kitchen,1,3189.04,0.1,UPI,Salem,Tamil Nadu,43.0,Female,2870.14,2025-07,2025
ORD000785,CUST0540,2024-02-01,Sneakers,Fashion,3,697.06,0.1,UPI,Warangal,Telangana,39.0,Male,1882.06,2024-02,2024
ORD004058,CUST0329,2025-01-21,Table Lamp,Home & Kitchen,1,14323.13,0.1,Net Banking,Kochi,Kerala,25.0,Female,12890.82,2025-01,2025
ORD001410,CUST0174,2024-06-29,SQL Guide,Books,2,1755.14,0.15,Credit Card,Pune,Maharashtra,25.0,Female,2983.74,2024-06,2024
ORD002538,CUST0966,2024-02-18,Python Programming,Books,4,2375.71,0.1,Debit Card,Kochi,Kerala,39.0,Other,8552.56,2024-02,2024
ORD000155,CUST0237,2025-05-29,Bluetooth Speaker,Electronics,2,7858.66,0.15,UPI,New Delhi,Delhi,41.0,Female,13359.72,2025-05,2025
ORD003010,CUST0630,2024-02-05,Shampoo,Beauty,1,3540.76,0.05,Debit Card,Trichy,Tamil Nadu,28.0,Male,3363.72,2024-02,2024
ORD001687,CUST0988,2024-01-09,Wireless Headphones,Electronics,2,34847.44,0.1,Credit Card,Nagpur,Maharashtra,39.0,Female,62725.39,2024-01,2024
ORD002902,CUST0508,2024-01-28,Moisturizer,Beauty,2,3442.93,0.0,UPI,New Delhi,Delhi,31.0,Male,6885.86,2024-01,2024
ORD005939,CUST1028,2024-04-10,Running Shoes,Sports,1,8410.01,0.0,Cash on Delivery,Madurai,Tamil Nadu,32.0,Female,8410.01,2024-04,2024
ORD004722,CUST0536,2024-06-04,Bluetooth Speaker,Electronics,4,49109.99,0.1,Cash on Delivery,New Delhi,Delhi,38.0,Female,176795.96,2024-06,2024
ORD003864,CUST0268,2025-08-21,Sneakers,Fashion,4,2011.1,0.05,Credit Card,Warangal,Telangana,37.0,Female,7642.18,2025-08,2025
ORD002734,CUST0137,2025-09-16,Dumbbells,Sports,3,9590.25,0.15,UPI,Hyderabad,Telangana,18.0,Male,24455.14,2025-09,2025
ORD001896,CUST0325,2025-12-12,Football,Sports,3,3521.06,0.05,Debit Card,Hyderabad,Telangana,26.0,Male,10035.02,2025-12,2025
ORD005443,CUST0314,2024-01-28,Bedsheet,Home & Kitchen,1,9217.26,0.05,,Mysuru,Karnataka,38.0,Male,8756.4,2024-01,2024
ORD000570,CUST0288,2024-07-05,Smart Watch,Electronics,2,3813.49,0.1,Credit Card,Thiruvananthapuram,Kerala,18.0,Female,6864.28,2024-07,2024
ORD001817,CUST0247,2024-02-03,T-Shirt,Fashion,2,2599.45,0.2,Credit Card,Pune,Maharashtra,28.0,Female,4159.12,2024-02,2024
ORD002066,CUST0680,2024-01-26,Jacket,Fashion,1,4648.84,0.0,Cash on Delivery,New Delhi,Delhi,26.0,Female,4648.84,2024-01,2024
ORD000128,CUST0159,2025-12-25,Backpack,Fashion,3,3227.13,0.1,Credit Card,Thiruvananthapuram,Kerala,24.0,Female,8713.25,2025-12,2025
ORD003395,CUST1193,2024-08-14,Laptop Stand,Electronics,1,51732.76,0.05,UPI,Hyderabad,Telangana,41.0,Male,49146.12,2024-08,2024
ORD003328,CUST0272,2025-05-04,Cookware Set,Home & Kitchen,2,1161.37,0.05,Cash on Delivery,Coimbatore,Tamil Nadu,25.0,Male,2206.6,2025-05,2025
ORD005978,CUST1131,2024-08-19,Backpack,Fashion,2,5377.95,0.15,UPI,Nagpur,Maharashtra,38.0,Female,9142.52,2024-08,2024
ORD002976,CUST0124,2024-07-27,Data Analytics Book,Books,2,1825.76,0.0,Credit Card,Nagpur,Maharashtra,27.0,Male,3651.52,2024-07,2024
ORD000981,CUST0041,2025-03-04,Face Wash,Beauty,2,969.97,0.0,UPI,Thiruvananthapuram,Kerala,,Male,1939.94,2025-03,2025
ORD002301,CUST0633,2025-05-01,Football,Sports,1,6151.93,0.0,Credit Card,Bengaluru,Karnataka,45.0,Female,6151.93,2025-05,2025
ORD000191,CUST1172,2024-07-21,Power Bank,Electronics,5,21117.18,0.1,UPI,Mysuru,Karnataka,18.0,Female,95027.31,2024-07,2024
ORD001140,CUST1092,2024-08-11,Sneakers,Fashion,2,5919.55,0.15,Net Banking,Mysuru,Karnataka,18.0,Male,10063.24,2024-08,2024
ORD005089,CUST1069,2025-09-05,Perfume,Beauty,2,2333.42,0.1,UPI,New Delhi,Delhi,40.0,Female,4200.16,2025-09,2025
ORD000700,CUST0106,2024-04-24,Mixer Grinder,Home & Kitchen,3,4473.6,0.15,Credit Card,New Delhi,Delhi,22.0,Female,11407.68,2024-04,2024
ORD005730,CUST0096,2025-11-18,Machine Learning Book,Books,2,368.54,0.2,UPI,New Delhi,Delhi,40.0,Male,589.66,2025-11,2025
ORD000607,CUST0229,2025-08-17,Wireless Headphones,Electronics,3,58391.29,0.2,UPI,Warangal,Telangana,31.0,Male,140139.1,2025-08,2025
ORD004277,CUST1043,2024-10-16,Backpack,Fashion,2,1873.63,0.05,UPI,Warangal,Telangana,47.0,Male,3559.9,2024-10,2024
ORD000302,CUST0758,2025-07-12,Backpack,Fashion,3,5280.22,0.1,Credit Card,Mumbai,Maharashtra,23.0,Male,14256.59,2025-07,2025
ORD003421,CUST0651,2025-04-05,Backpack,Fashion,2,686.91,0.15,Net Banking,Hyderabad,Telangana,26.0,Female,1167.75,2025-04,2025
ORD005776,CUST1174,2025-12-26,Yoga Mat,Sports,1,4085.84,0.1,UPI,Warangal,Telangana,30.0,Female,3677.26,2025-12,2025
ORD001061,CUST0393,2025-07-04,Backpack,Fashion,1,854.65,0.1,UPI,Warangal,Telangana,36.0,Female,769.18,2025-07,2025
ORD002566,CUST0903,2024-06-02,Football,Sports,1,4488.92,0.0,UPI,Nagpur,Maharashtra,44.0,Female,4488.92,2024-06,2024
ORD005989,CUST0634,2025-12-15,Coffee Maker,Home & Kitchen,2,6229.76,0.05,UPI,Hyderabad,Telangana,22.0,Female,11836.54,2025-12,2025
ORD001070,CUST0423,2024-07-01,Football,Sports,2,2616.11,0.05,Credit Card,New Delhi,Delhi,27.0,Female,4970.61,2024-07,2024
ORD002525,CUST0404,2024-06-20,Jacket,Fashion,5,5653.28,0.15,Cash on Delivery,Coimbatore,Tamil Nadu,34.0,Male,24026.44,2024-06,2024
ORD002206,CUST0704,2025-08-16,Running Shoes,Sports,2,8197.05,0.15,UPI,New Delhi,Delhi,45.0,Male,13934.98,2025-08,2025
ORD001244,CUST1180,2024-04-26,Moisturizer,Beauty,1,2562.67,0.0,Debit Card,Pune,Maharashtra,18.0,Female,2562.67,2024-04,2024
ORD000017,CUST0929,2025-05-03,Jeans,Fashion,4,1844.47,0.1,Cash on Delivery,Coimbatore,Tamil Nadu,23.0,Female,6640.09,2025-05,2025
ORD003121,CUST0137,2025-05-19,Football,Sports,1,5220.12,0.1,Debit Card,Hyderabad,Telangana,,Male,4698.11,2025-05,2025
ORD005980,CUST0121,2024-12-17,Data Analytics Book,Books,2,263.65,0.1,UPI,Chennai,Tamil Nadu,36.0,Male,474.57,2024-12,2024
ORD004643,CUST1057,2025-09-06,Backpack,Fashion,4,1805.7,0.15,UPI,Warangal,Telangana,18.0,Male,6139.38,2025-09,2025
ORD004755,CUST0575,2025-10-29,Moisturizer,Beauty,3,1758.73,0.0,UPI,Nagpur,Maharashtra,49.0,Male,5276.19,2025-10,2025
ORD000816,CUST0662,2024-08-22,Power Bank,Electronics,1,20973.86,0.05,Credit Card,Kochi,Kerala,25.0,Male,19925.17,2024-08,2024
ORD003068,CUST0785,2024-09-24,Laptop Stand,Electronics,2,15584.58,0.0,UPI,Mysuru,Karnataka,52.0,Male,31169.16,2024-09,2024
ORD005994,CUST0529,2024-05-17,Data Analytics Book,Books,4,1718.39,0.1,Credit Card,Mysuru,Karnataka,24.0,Female,6186.2,2024-05,2024
ORD005601,CUST0450,2024-11-08,Yoga Mat,Sports,1,8393.34,0.05,Cash on Delivery,Salem,Tamil Nadu,25.0,Female,7973.67,2024-11,2024
ORD000960,CUST0620,2024-04-20,Running Shoes,Sports,1,8658.73,0.0,Credit Card,New Delhi,Delhi,18.0,Male,8658.73,2024-04,2024
ORD004894,CUST0021,2025-03-18,Bluetooth Speaker,Electronics,3,10659.0,0.1,Debit Card,Salem,Tamil Nadu,38.0,Male,28779.3,2025-03,2025
ORD000226,CUST0817,2025-01-29,Power Bank,Electronics,2,11931.8,0.05,UPI,Mysuru,Karnataka,34.0,Male,22670.42,2025-01,2025
ORD003355,CUST0494,2025-02-17,Laptop Stand,Electronics,1,54488.33,0.0,Cash on Delivery,Warangal,Telangana,18.0,Male,54488.33,2025-02,2025
ORD002486,CUST0285,2025-12-03,Backpack,Fashion,4,5236.03,0.05,Credit Card,Mysuru,Karnataka,28.0,Male,19896.91,2025-12,2025
ORD000563,CUST0978,2024-06-17,Laptop Stand,Electronics,3,60902.36,0.0,Credit Card,Bengaluru,Karnataka,29.0,Male,182707.08,2024-06,2024
ORD003437,CUST0419,2025-10-24,Business Analytics,Books,1,469.28,0.05,Debit Card,Salem,Tamil Nadu,26.0,Female,445.82,2025-10,2025
ORD001694,CUST0084,2024-10-26,Sunscreen,Beauty,2,1706.53,0.2,Debit Card,Hyderabad,Telangana,25.0,Male,2730.45,2024-10,2024
ORD001046,CUST0564,2024-02-19,Sunscreen,Beauty,3,408.76,0.0,Credit Card,Thiruvananthapuram,Kerala,23.0,Female,1226.28,2024-02,2024
ORD003447,CUST0039,2024-09-07,Coffee Maker,Home & Kitchen,1,14119.34,0.05,UPI,Pune,Maharashtra,34.0,Male,13413.37,2024-09,2024
ORD004566,CUST0901,2025-10-18,Football,Sports,1,2260.34,0.05,Debit Card,Chennai,Tamil Nadu,59.0,Female,2147.32,2025-10,2025
ORD000955,CUST0502,2024-10-31,Jeans,Fashion,5,4394.03,0.0,Net Banking,Mangaluru,Karnataka,45.0,Female,21970.15,2024-10,2024
ORD005977,CUST0030,2025-11-29,Sneakers,Fashion,2,717.7,0.0,Credit Card,Warangal,Telangana,26.0,Female,1435.4,2025-11,2025
ORD002736,CUST0644,2025-03-16,Backpack,Fashion,3,2449.95,0.1,Cash on Delivery,Mumbai,Maharashtra,41.0,Male,6614.86,2025-03,2025
ORD005885,CUST0276,2024-12-17,Cookware Set,Home & Kitchen,1,3607.48,0.05,UPI,Nagpur,Maharashtra,24.0,Male,3427.11,2024-12,2024
ORD004736,CUST0052,2024-02-21,Jeans,Fashion,1,3939.26,0.0,UPI,Kochi,Kerala,31.0,Male,3939.26,2024-02,2024
ORD005779,CUST1105,2025-09-12,Sneakers,Fashion,4,5093.7,0.15,Debit Card,Warangal,Telangana,56.0,Female,17318.58,2025-09,2025
ORD001219,CUST0769,2024-06-14,Bedsheet,Home & Kitchen,2,2968.38,0.0,Cash on Delivery,Warangal,Telangana,29.0,Female,5936.76,2024-06,2024
ORD005255,CUST0501,2025-05-15,Yoga Mat,Sports,2,8880.45,0.0,UPI,New Delhi,Delhi,42.0,Female,17760.9,2025-05,2025
ORD005512,CUST0180,2025-05-20,Dumbbells,Sports,3,4368.56,0.1,Credit Card,Chennai,Tamil Nadu,28.0,Female,11795.11,2025-05,2025
ORD001528,CUST1136,2024-01-14,Business Analytics,Books,1,1171.02,0.1,Debit Card,Kochi,Kerala,25.0,Male,1053.92,2024-01,2024
ORD003988,CUST0791,2025-03-31,Table Lamp,Home & Kitchen,4,8202.71,0.2,Debit Card,Mumbai,Maharashtra,18.0,Male,26248.67,2025-03,2025
ORD005920,CUST0197,2025-06-15,Sneakers,Fashion,5,5673.14,0.1,UPI,Warangal,Telangana,24.0,Female,25529.13,2025-06,2025
ORD001301,CUST0222,2025-12-23,Perfume,Beauty,2,3837.25,0.05,Credit Card,Warangal,Telangana,23.0,Male,7290.78,2025-12,2025
ORD005870,CUST1005,2025-04-24,Shampoo,Beauty,1,3784.53,0.05,UPI,New Delhi,Delhi,19.0,Female,3595.3,2025-04,2025
ORD000161,CUST0846,2025-06-26,Dumbbells,Sports,2,1944.24,0.0,Debit Card,Hyderabad,Telangana,20.0,Female,3888.48,2025-06,2025
ORD004068,CUST0050,2024-04-29,Mixer Grinder,Home & Kitchen,2,6178.79,0.15,UPI,Mysuru,Karnataka,45.0,Female,10503.94,2024-04,2024
ORD000957,CUST0271,2025-02-09,SQL Guide,Books,4,946.33,0.2,UPI,New Delhi,Delhi,35.0,Male,3028.26,2025-02,2025
ORD003792,CUST0060,2025-06-29,Machine Learning Book,Books,2,665.43,0.1,UPI,Thiruvananthapuram,Kerala,18.0,Male,1197.77,2025-06,2025
ORD003235,CUST0271,2024-04-28,T-Shirt,Fashion,2,5849.45,0.0,UPI,Mangaluru,Karnataka,32.0,Male,11698.9,2024-04,2024
ORD002870,CUST0403,2025-07-11,Bluetooth Speaker,Electronics,2,55455.11,0.0,Debit Card,Warangal,Telangana,24.0,Male,110910.22,2025-07,2025
ORD003778,CUST0712,2024-09-19,Mixer Grinder,Home & Kitchen,1,4738.96,0.0,Debit Card,Pune,Maharashtra,21.0,Female,4738.96,2024-09,2024
ORD004434,CUST0454,2025-09-14,SQL Guide,Books,2,809.1,0.1,Credit Card,Mumbai,Maharashtra,27.0,Male,1456.38,2025-09,2025
ORD004974,CUST0858,2025-08-29,Laptop Stand,Electronics,2,60416.08,0.1,UPI,Warangal,Telangana,46.0,Male,108748.94,2025-08,2025
ORD002962,CUST0753,2024-03-12,Smart Watch,Electronics,4,73104.23,0.0,UPI,Nagpur,Maharashtra,18.0,Female,292416.92,2024-03,2024
ORD002201,CUST0302,2025-07-15,Machine Learning Book,Books,1,938.02,0.1,UPI,Kochi,Kerala,36.0,Male,844.22,2025-07,2025
ORD000099,CUST0131,2024-04-07,Moisturizer,Beauty,1,2597.09,0.15,Credit Card,Hyderabad,Telangana,34.0,Female,2207.53,2024-04,2024
ORD005835,CUST1002,2025-02-23,Wireless Headphones,Electronics,1,49990.39,0.15,Credit Card,Mumbai,Maharashtra,45.0,Female,42491.83,2025-02,2025
ORD002558,CUST0089,2024-03-07,Jeans,Fashion,1,3999.38,0.0,UPI,Warangal,Telangana,26.0,Male,3999.38,2024-03,2024
ORD003184,CUST0636,2025-07-07,Jeans,Fashion,3,4255.18,0.15,UPI,New Delhi,Delhi,25.0,Male,10850.71,2025-07,2025
ORD000254,CUST0555,2025-12-20,Sunscreen,Beauty,2,3361.61,0.1,UPI,Hyderabad,Telangana,24.0,Female,6050.9,2025-12,2025
ORD003924,CUST0515,2024-01-09,Python Programming,Books,2,960.1,0.15,Cash on Delivery,Pune,Maharashtra,25.0,Female,1632.17,2024-01,2024
ORD004200,CUST1062,2024-05-24,Cricket Bat,Sports,1,9039.81,0.05,Cash on Delivery,Thiruvananthapuram,Kerala,34.0,Male,8587.82,2024-05,2024
ORD001446,CUST0810,2025-12-23,Backpack,Fashion,2,3427.45,0.1,Credit Card,Hyderabad,Telangana,18.0,Male,6169.41,2025-12,2025
ORD005540,CUST0372,2024-03-20,Smart Watch,Electronics,2,28425.82,0.1,Debit Card,Hyderabad,Telangana,35.0,Female,51166.48,2024-03,2024
ORD001649,CUST0336,2025-02-25,Wireless Headphones,Electronics,1,38145.68,0.05,UPI,Thiruvananthapuram,Kerala,30.0,Other,36238.4,2025-02,2025
ORD004683,CUST1170,2025-08-06,Face Wash,Beauty,5,2372.42,0.05,UPI,Coimbatore,Tamil Nadu,26.0,Female,11269.0,2025-08,2025
ORD004724,CUST1164,2025-12-02,Smart Watch,Electronics,4,11588.62,0.0,Credit Card,New Delhi,Delhi,51.0,Female,46354.48,2025-12,2025
ORD003992,CUST1067,2025-08-07,Wireless Headphones,Electronics,5,47669.61,0.05,UPI,Hyderabad,Telangana,22.0,Female,226430.65,2025-08,2025
ORD001697,CUST1037,2024-03-03,Power Bank,Electronics,2,3941.5,0.0,Debit Card,Salem,Tamil Nadu,30.0,Female,7883.0,2024-03,2024
ORD003192,CUST0245,2025-06-02,Business Analytics,Books,1,1723.54,0.0,UPI,Mangaluru,Karnataka,38.0,Female,1723.54,2025-06,2025
ORD004500,CUST0104,2025-04-10,Cookware Set,Home & Kitchen,4,4319.38,0.05,Credit Card,Mangaluru,Karnataka,40.0,Female,16413.64,2025-04,2025
ORD001155,CUST0739,2025-07-31,Dumbbells,Sports,1,1204.64,0.2,Debit Card,Thiruvananthapuram,Kerala,25.0,Male,963.71,2025-07,2025
ORD002256,CUST0456,2025-09-26,Python Programming,Books,2,1989.61,0.0,Cash on Delivery,Nagpur,Maharashtra,38.0,Male,3979.22,2025-09,2025
ORD001683,CUST0588,2025-09-08,Wireless Headphones,Electronics,2,55337.08,0.05,Credit Card,Thiruvananthapuram,Kerala,23.0,Male,105140.45,2025-09,2025
ORD003171,CUST0228,2024-04-28,Wireless Headphones,Electronics,1,36028.66,0.05,UPI,New Delhi,Delhi,21.0,Female,34227.23,2024-04,2024
ORD002057,CUST0877,2025-04-12,Running Shoes,Sports,2,8300.85,0.15,UPI,Madurai,Tamil Nadu,39.0,Male,14111.44,2025-04,2025
ORD004091,CUST1154,2025-12-29,SQL Guide,Books,2,2308.54,0.0,Credit Card,Trichy,Tamil Nadu,35.0,Female,4617.08,2025-12,2025
ORD005854,CUST0558,2025-09-10,Sunscreen,Beauty,4,3306.19,0.0,Credit Card,New Delhi,Delhi,32.0,Male,13224.76,2025-09,2025
ORD003109,CUST0388,2025-01-05,Face Wash,Beauty,2,394.3,0.2,Net Banking,Bengaluru,Karnataka,27.0,Male,630.88,2025-01,2025
ORD004549,CUST0937,2025-05-17,Mixer Grinder,Home & Kitchen,1,3708.25,0.05,Credit Card,Madurai,Tamil Nadu,18.0,Male,3522.84,2025-05,2025
ORD003724,CUST1173,2024-09-10,T-Shirt,Fashion,2,5960.15,0.15,UPI,Mumbai,Maharashtra,24.0,Male,10132.25,2024-09,2024
ORD005424,CUST0693,2024-08-13,Jacket,Fashion,2,2724.64,0.0,UPI,Salem,Tamil Nadu,36.0,Female,5449.28,2024-08,2024
ORD002050,CUST0135,2024-04-18,Smart Watch,Electronics,1,25165.67,0.05,Credit Card,Trichy,Tamil Nadu,33.0,Male,23907.39,2024-04,2024
ORD004977,CUST1119,2025-10-16,Sneakers,Fashion,2,3871.79,0.0,Debit Card,New Delhi,Delhi,21.0,Female,7743.58,2025-10,2025
ORD003644,CUST0326,2024-12-02,Yoga Mat,Sports,1,9429.98,0.1,UPI,Pune,Maharashtra,39.0,Female,8486.98,2024-12,2024
ORD005915,CUST0990,2024-09-06,Moisturizer,Beauty,1,1026.11,0.15,Debit Card,New Delhi,Delhi,48.0,Male,872.19,2024-09,2024
ORD000624,CUST0634,2024-02-25,T-Shirt,Fashion,1,1672.36,0.05,Cash on Delivery,New Delhi,Delhi,36.0,Male,1588.74,2024-02,2024
ORD000263,CUST0008,2024-12-27,Football,Sports,2,7830.46,0.05,UPI,New Delhi,Delhi,43.0,Male,14877.87,2024-12,2024
ORD005731,CUST0827,2025-05-14,Laptop Stand,Electronics,1,30727.37,0.0,Credit Card,New Delhi,Delhi,29.0,Male,30727.37,2025-05,2025
ORD003370,CUST1019,2024-02-01,Jacket,Fashion,2,2091.1,0.1,UPI,Mysuru,Karnataka,36.0,Male,3763.98,2024-02,2024
ORD004062,CUST0117,2025-12-14,Business Analytics,Books,3,1416.38,0.0,,Coimbatore,Tamil Nadu,34.0,Female,4249.14,2025-12,2025
ORD005535,CUST0249,2024-10-01,Moisturizer,Beauty,2,872.2,0.0,Cash on Delivery,Warangal,Telangana,31.0,Female,1744.4,2024-10,2024
ORD001803,CUST1146,2024-09-06,Running Shoes,Sports,1,3446.45,0.05,UPI,New Delhi,Delhi,43.0,Male,3274.13,2024-09,2024
ORD004737,CUST0708,2024-05-09,Cookware Set,Home & Kitchen,2,733.33,0.15,Cash on Delivery,Hyderabad,Telangana,47.0,Female,1246.66,2024-05,2024
ORD005987,CUST0763,2025-08-26,Running Shoes,Sports,1,7048.95,0.15,UPI,Mangaluru,Karnataka,36.0,Female,5991.61,2025-08,2025
ORD002386,CUST0980,2025-01-22,T-Shirt,Fashion,1,2467.31,0.15,UPI,New Delhi,Delhi,20.0,Male,2097.21,2025-01,2025
ORD001960,CUST0790,2024-02-10,Bedsheet,Home & Kitchen,3,10978.43,0.0,UPI,New Delhi,Delhi,19.0,Female,32935.29,2024-02,2024
ORD002977,CUST0501,2024-09-21,Cookware Set,Home & Kitchen,3,4383.54,0.0,UPI,Mumbai,Maharashtra,30.0,Male,13150.62,2024-09,2024
ORD000489,CUST0960,2025-03-27,Backpack,Fashion,2,1022.44,0.0,Debit Card,Pune,Maharashtra,38.0,Other,2044.88,2025-03,2025
ORD001844,CUST0727,2024-08-06,Smart Watch,Electronics,4,54983.79,0.0,Credit Card,Pune,Maharashtra,31.0,Female,219935.16,2024-08,2024
ORD001735,CUST0315,2024-05-24,Jacket,Fashion,3,4905.46,0.15,Credit Card,Hyderabad,Telangana,40.0,Male,12508.92,2024-05,2024
ORD002912,CUST0917,2025-07-05,Smart Watch,Electronics,2,75965.33,0.1,Debit Card,Mumbai,Maharashtra,39.0,Female,136737.59,2025-07,2025
ORD003220,CUST0031,2024-03-22,Perfume,Beauty,2,1684.94,0.0,Net Banking,Mysuru,Karnataka,19.0,Male,3369.88,2024-03,2024
ORD000147,CUST0726,2024-04-27,Mixer Grinder,Home & Kitchen,3,8571.24,0.05,UPI,Madurai,Tamil Nadu,26.0,Female,24428.03,2024-04,2024
ORD005631,CUST1110,2024-10-12,Perfume,Beauty,2,767.68,0.2,Debit Card,Coimbatore,Tamil Nadu,39.0,Female,1228.29,2024-10,2024
ORD001987,CUST0785,2025-11-22,Power Bank,Electronics,2,4979.75,0.1,UPI,New Delhi,Delhi,36.0,Female,8963.55,2025-11,2025
ORD001370,CUST1145,2024-06-04,Power Bank,Electronics,1,38991.53,0.05,Cash on Delivery,New Delhi,Delhi,18.0,Female,37041.95,2024-06,2024
ORD002812,CUST0718,2025-07-20,Running Shoes,Sports,1,4008.63,0.0,UPI,New Delhi,Delhi,35.0,Female,4008.63,2025-07,2025
ORD000660,CUST0011,2025-08-22,Mixer Grinder,Home & Kitchen,4,10494.55,0.0,UPI,Coimbatore,Tamil Nadu,31.0,Male,41978.2,2025-08,2025
ORD001795,CUST0009,2024-12-07,Wireless Headphones,Electronics,2,36996.4,0.0,Credit Card,Warangal,Telangana,40.0,Male,73992.8,2024-12,2024
ORD002512,CUST0819,2025-04-17,Perfume,Beauty,2,873.18,0.2,UPI,Nagpur,Maharashtra,28.0,Male,1397.09,2025-04,2025
ORD003398,CUST0009,2025-01-21,Backpack,Fashion,1,3432.66,0.0,Net Banking,Bengaluru,Karnataka,20.0,Male,3432.66,2025-01,2025
ORD004283,CUST0906,2024-12-29,Table Lamp,Home & Kitchen,1,13308.12,0.0,Credit Card,Kochi,Kerala,25.0,Male,13308.12,2024-12,2024
ORD001148,CUST0943,2024-12-04,Backpack,Fashion,1,3609.52,0.15,UPI,Bengaluru,Karnataka,32.0,Male,3068.09,2024-12,2024
ORD003273,CUST0487,2025-10-29,Backpack,Fashion,1,5659.15,0.0,Debit Card,Hyderabad,Telangana,33.0,Male,5659.15,2025-10,2025
ORD000609,CUST0715,2024-10-23,Machine Learning Book,Books,2,2433.75,0.1,UPI,Mangaluru,Karnataka,24.0,Female,4380.75,2024-10,2024
ORD003583,CUST0965,2025-04-15,Perfume,Beauty,1,911.25,0.1,UPI,Mangaluru,Karnataka,23.0,Male,820.12,2025-04,2025
ORD001931,CUST0196,2025-06-29,Wireless Headphones,Electronics,1,34662.82,0.0,Cash on Delivery,Pune,Maharashtra,36.0,Male,34662.82,2025-06,2025
ORD000198,CUST0485,2024-06-12,Coffee Maker,Home & Kitchen,1,10590.54,0.15,,New Delhi,Delhi,25.0,Female,9001.96,2024-06,2024
ORD002932,CUST0840,2024-03-13,Perfume,Beauty,1,3499.54,0.05,,Bengaluru,Karnataka,36.0,Other,3324.56,2024-03,2024
ORD002328,CUST0603,2024-08-14,Backpack,Fashion,3,3102.85,0.05,Credit Card,Mangaluru,Karnataka,42.0,Male,8843.12,2024-08,2024
ORD004390,CUST0773,2024-08-03,Yoga Mat,Sports,1,803.4,0.15,UPI,Pune,Maharashtra,29.0,Female,682.89,2024-08,2024
ORD000767,CUST0593,2024-08-14,Jeans,Fashion,2,5513.95,0.15,Cash on Delivery,Thiruvananthapuram,Kerala,42.0,Male,9373.72,2024-08,2024
ORD004497,CUST0010,2024-02-01,Cricket Bat,Sports,2,9630.54,0.05,UPI,Kochi,Kerala,25.0,Female,18298.03,2024-02,2024
ORD004219,CUST0012,2024-01-20,Moisturizer,Beauty,2,3254.52,0.1,Credit Card,Salem,Tamil Nadu,28.0,Male,5858.14,2024-01,2024
ORD003256,CUST0463,2024-07-20,Data Analytics Book,Books,3,1413.87,0.1,Credit Card,New Delhi,Delhi,39.0,Female,3817.45,2024-07,2024
ORD000203,CUST0982,2025-12-25,Football,Sports,1,2778.8,0.0,UPI,New Delhi,Delhi,35.0,Female,2778.8,2025-12,2025
ORD003511,CUST1102,2025-11-13,Sunscreen,Beauty,2,1175.76,0.15,UPI,Chennai,Tamil Nadu,27.0,Male,1998.79,2025-11,2025
ORD004932,CUST0613,2025-09-09,Sneakers,Fashion,1,3981.38,0.0,Debit Card,New Delhi,Delhi,39.0,Female,3981.38,2025-09,2025
ORD005536,CUST0887,2025-11-05,Cookware Set,Home & Kitchen,1,10542.94,0.15,Net Banking,Mysuru,Karnataka,,Male,8961.5,2025-11,2025
ORD001734,CUST0816,2024-12-09,Smart Watch,Electronics,4,15478.81,0.1,UPI,New Delhi,Delhi,26.0,Male,55723.72,2024-12,2024
ORD002778,CUST0611,2025-10-18,Bluetooth Speaker,Electronics,2,78882.93,0.05,Net Banking,Hyderabad,Telangana,,Female,149877.57,2025-10,2025
ORD001708,CUST0363,2024-12-21,Python Programming,Books,2,666.02,0.05,Debit Card,Thiruvananthapuram,Kerala,36.0,Female,1265.44,2024-12,2024
ORD005173,CUST0224,2024-07-11,Laptop Stand,Electronics,3,29372.69,0.2,Debit Card,Hyderabad,Telangana,37.0,Male,70494.46,2024-07,2024
ORD005250,CUST0295,2025-10-31,Bedsheet,Home & Kitchen,1,14181.77,0.0,UPI,Mysuru,Karnataka,53.0,Male,14181.77,2025-10,2025
ORD005758,CUST0996,2025-11-01,Face Wash,Beauty,2,3855.03,0.1,Debit Card,Warangal,Telangana,32.0,Male,6939.05,2025-11,2025
ORD003475,CUST0510,2025-11-22,T-Shirt,Fashion,2,4249.72,0.05,Credit Card,Kochi,Kerala,26.0,Male,8074.47,2025-11,2025
ORD000855,CUST0525,2025-09-18,Power Bank,Electronics,3,38893.64,0.0,Cash on Delivery,Chennai,Tamil Nadu,29.0,Female,116680.92,2025-09,2025
ORD005686,CUST1067,2024-07-04,Business Analytics,Books,1,1778.36,0.05,UPI,Mysuru,Karnataka,34.0,Female,1689.44,2024-07,2024
ORD004738,CUST0024,2024-03-11,Perfume,Beauty,3,2918.93,0.15,Debit Card,New Delhi,Delhi,38.0,Male,7443.27,2024-03,2024
ORD004098,CUST0595,2025-11-23,Running Shoes,Sports,3,4824.08,0.1,Credit Card,Chennai,Tamil Nadu,21.0,Female,13025.02,2025-11,2025
ORD002161,CUST0035,2024-01-19,Bluetooth Speaker,Electronics,4,79135.8,0.0,Credit Card,Madurai,Tamil Nadu,18.0,Female,316543.2,2024-01,2024
ORD000699,CUST0512,2025-07-19,Coffee Maker,Home & Kitchen,1,3968.56,0.15,UPI,Warangal,Telangana,33.0,Female,3373.28,2025-07,2025
ORD005937,CUST0602,2024-09-15,Moisturizer,Beauty,2,814.52,0.2,Debit Card,New Delhi,Delhi,47.0,Male,1303.23,2024-09,2024
ORD003000,CUST0397,2025-12-05,Face Wash,Beauty,2,1812.96,0.15,Net Banking,Mangaluru,Karnataka,18.0,Female,3082.03,2025-12,2025
ORD003697,CUST0541,2025-02-10,Jacket,Fashion,2,1329.23,0.2,Net Banking,Mysuru,Karnataka,40.0,Female,2126.77,2025-02,2025
ORD001637,CUST0647,2025-05-27,Face Wash,Beauty,3,3552.48,0.05,UPI,Pune,Maharashtra,18.0,Male,10124.57,2025-05,2025
ORD003458,CUST0528,2025-06-10,Cricket Bat,Sports,1,9964.34,0.0,Debit Card,Hyderabad,Telangana,39.0,Male,9964.34,2025-06,2025
ORD003582,CUST0485,2024-04-01,Football,Sports,2,7332.49,0.1,UPI,New Delhi,Delhi,46.0,Male,13198.48,2024-04,2024
ORD001292,CUST1107,2024-05-14,Yoga Mat,Sports,2,2298.8,0.05,Cash on Delivery,Kochi,Kerala,33.0,Male,4367.72,2024-05,2024
ORD004660,CUST0985,2025-10-21,Yoga Mat,Sports,4,6464.29,,Credit Card,Hyderabad,Telangana,38.0,Female,25857.16,2025-10,2025
ORD005617,CUST0951,2024-06-16,Bedsheet,Home & Kitchen,1,9712.1,0.0,Debit Card,Trichy,Tamil Nadu,39.0,Female,9712.1,2024-06,2024
ORD001854,CUST0862,2025-06-11,Cookware Set,Home & Kitchen,1,7842.96,0.15,UPI,Salem,Tamil Nadu,31.0,Other,6666.52,2025-06,2025
ORD005233,CUST0209,2025-10-16,Bedsheet,Home & Kitchen,1,13778.94,0.05,Net Banking,Mangaluru,Karnataka,41.0,Male,13089.99,2025-10,2025
ORD003764,CUST0809,2024-03-07,Bluetooth Speaker,Electronics,1,14165.02,0.15,UPI,Thiruvananthapuram,Kerala,30.0,Male,12040.27,2024-03,2024
ORD003305,CUST0885,2025-08-26,Coffee Maker,Home & Kitchen,1,11025.59,0.1,UPI,Nagpur,Maharashtra,29.0,Female,9923.03,2025-08,2025
ORD005897,CUST0673,2024-01-19,Power Bank,Electronics,1,50264.5,0.1,UPI,Thiruvananthapuram,Kerala,24.0,Male,45238.05,2024-01,2024
ORD005728,CUST0591,2025-11-25,Yoga Mat,Sports,4,5088.82,0.1,Debit Card,Mangaluru,Karnataka,42.0,Male,18319.75,2025-11,2025
ORD003744,CUST0068,2025-07-01,Face Wash,Beauty,1,883.68,0.2,UPI,Salem,Tamil Nadu,33.0,Male,706.94,2025-07,2025
ORD003446,CUST0857,2024-08-07,Perfume,Beauty,3,1785.24,0.1,UPI,Mysuru,Karnataka,35.0,Male,4820.15,2024-08,2024
ORD001999,CUST0277,2025-02-10,Python Programming,Books,4,2302.56,0.0,Credit Card,Kochi,Kerala,22.0,Male,9210.24,2025-02,2025
ORD000664,CUST0839,2025-04-10,Python Programming,Books,5,1906.57,0.15,Debit Card,Mumbai,Maharashtra,,Male,8102.92,2025-04,2025
ORD004780,CUST0304,2024-10-10,Bluetooth Speaker,Electronics,4,18831.29,0.2,UPI,Mysuru,Karnataka,23.0,Female,60260.13,2024-10,2024
ORD005354,CUST0830,2025-07-06,Jeans,Fashion,2,596.75,0.1,Credit Card,Hyderabad,Telangana,28.0,Female,1074.15,2025-07,2025
ORD003749,CUST0271,2024-04-08,Jacket,Fashion,2,1482.29,0.0,UPI,Hyderabad,Telangana,20.0,Male,2964.58,2024-04,2024
ORD004414,CUST1068,2025-06-05,Jacket,Fashion,1,3810.63,0.05,UPI,Thiruvananthapuram,Kerala,41.0,Female,3620.1,2025-06,2025
ORD004745,CUST0443,2024-08-27,Wireless Headphones,Electronics,3,14822.66,0.15,Debit Card,Kochi,Kerala,25.0,Female,37797.78,2024-08,2024
ORD005531,CUST0693,2024-12-11,Sneakers,Fashion,1,2384.16,0.05,Cash on Delivery,New Delhi,Delhi,25.0,Male,2264.95,2024-12,2024
ORD005576,CUST0268,2025-02-25,Bluetooth Speaker,Electronics,2,65534.16,0.05,Cash on Delivery,Mumbai,Maharashtra,31.0,Male,124514.9,2025-02,2025
ORD000710,CUST0722,2025-05-03,SQL Guide,Books,1,2463.09,0.1,UPI,Hyderabad,Telangana,40.0,Female,2216.78,2025-05,2025
ORD001283,CUST0976,2024-01-25,Data Analytics Book,Books,1,469.83,0.1,Debit Card,Nagpur,Maharashtra,18.0,Male,422.85,2024-01,2024
ORD005069,CUST1032,2025-02-07,Jeans,Fashion,2,1545.87,0.05,UPI,New Delhi,Delhi,33.0,Male,2937.15,2025-02,2025
ORD002676,CUST0850,2024-06-21,Jeans,Fashion,3,1608.99,0.1,Credit Card,New Delhi,Delhi,21.0,Male,4344.27,2024-06,2024
ORD004030,CUST1104,2025-03-30,Bluetooth Speaker,Electronics,4,40193.78,0.2,Credit Card,Mysuru,Karnataka,19.0,Female,128620.1,2025-03,2025
ORD001307,CUST0949,2025-12-20,Data Analytics Book,Books,1,2141.11,0.15,Debit Card,Mumbai,Maharashtra,27.0,Female,1819.94,2025-12,2025
ORD005497,CUST0743,2025-08-12,Machine Learning Book,Books,5,318.56,0.0,UPI,Hyderabad,Telangana,27.0,Male,1592.8,2025-08,2025
ORD005505,CUST0744,2024-02-26,Laptop Stand,Electronics,2,76406.76,0.2,Cash on Delivery,Trichy,Tamil Nadu,39.0,Female,122250.82,2024-02,2024
ORD002238,CUST0368,2024-04-01,SQL Guide,Books,1,1475.92,0.1,Cash on Delivery,Mysuru,Karnataka,21.0,Female,1328.33,2024-04,2024
ORD003303,CUST0395,2025-08-25,Coffee Maker,Home & Kitchen,2,546.55,0.05,Cash on Delivery,Thiruvananthapuram,Kerala,39.0,Male,1038.44,2025-08,2025
ORD005593,CUST0599,2024-07-22,Data Analytics Book,Books,1,1430.8,0.15,Debit Card,Warangal,Telangana,31.0,Female,1216.18,2024-07,2024
ORD002039,CUST0447,2024-03-10,Dumbbells,Sports,3,1865.54,0.0,UPI,Bengaluru,Karnataka,43.0,Male,5596.62,2024-03,2024
ORD001530,CUST0306,2025-08-21,Wireless Headphones,Electronics,4,58273.71,0.0,Credit Card,Mumbai,Maharashtra,26.0,Female,233094.84,2025-08,2025
ORD001664,CUST0639,2025-06-16,Coffee Maker,Home & Kitchen,5,5672.97,0.0,Credit Card,Hyderabad,Telangana,43.0,Male,28364.85,2025-06,2025
ORD005451,CUST0154,2025-12-11,Jacket,Fashion,2,5337.82,0.2,Debit Card,Thiruvananthapuram,Kerala,27.0,Male,8540.51,2025-12,2025
ORD005922,CUST0773,2024-11-12,Laptop Stand,Electronics,4,29779.73,0.1,Credit Card,Warangal,Telangana,40.0,Male,107207.03,2024-11,2024
ORD005944,CUST0455,2025-05-19,Face Wash,Beauty,4,2277.54,,Credit Card,Mangaluru,Karnataka,41.0,Male,7288.13,2025-05,2025
ORD003628,CUST0262,2024-02-07,Jeans,Fashion,4,4399.67,0.1,Credit Card,Mangaluru,Karnataka,25.0,Male,15838.81,2024-02,2024
ORD005740,CUST0313,2025-01-22,Cookware Set,Home & Kitchen,1,696.71,0.0,Debit Card,New Delhi,Delhi,33.0,Male,696.71,2025-01,2025
ORD005148,CUST0923,2024-05-29,Cookware Set,Home & Kitchen,2,5323.21,0.1,Debit Card,Mangaluru,Karnataka,31.0,Female,9581.78,2024-05,2024
ORD004892,CUST0381,2024-09-20,Table Lamp,Home & Kitchen,4,10447.79,0.0,Net Banking,Mangaluru,Karnataka,26.0,Male,41791.16,2024-09,2024
ORD002694,CUST0319,2025-09-07,T-Shirt,Fashion,1,3145.17,0.0,Cash on Delivery,Mangaluru,Karnataka,26.0,Female,3145.17,2025-09,2025
ORD003061,CUST0938,2024-06-20,Cricket Bat,Sports,3,8272.33,0.05,UPI,Salem,Tamil Nadu,32.0,Other,23576.14,2024-06,2024
ORD001598,CUST0352,2025-11-01,Dumbbells,Sports,2,7393.82,0.1,UPI,Madurai,Tamil Nadu,30.0,Male,13308.88,2025-11,2025
ORD002730,CUST0750,2024-02-05,Bluetooth Speaker,Electronics,3,48069.47,0.1,Debit Card,Mumbai,Maharashtra,18.0,Male,129787.57,2024-02,2024
ORD002626,CUST0669,2025-01-21,Moisturizer,Beauty,1,1505.66,0.0,Net Banking,Thiruvananthapuram,Kerala,25.0,Male,1505.66,2025-01,2025
ORD003158,CUST0505,2025-02-06,Coffee Maker,Home & Kitchen,2,12349.35,0.15,UPI,Nagpur,Maharashtra,27.0,Female,20993.9,2025-02,2025
ORD003315,CUST0697,2025-01-10,Cricket Bat,Sports,2,9577.14,0.0,UPI,Warangal,Telangana,26.0,Female,19154.28,2025-01,2025
ORD001723,CUST1114,2024-02-05,Mixer Grinder,Home & Kitchen,4,930.77,0.05,UPI,Bengaluru,Karnataka,29.0,Female,3536.93,2024-02,2024
ORD005280,CUST0355,2024-04-21,Cricket Bat,Sports,2,7576.8,0.05,Credit Card,New Delhi,Delhi,39.0,Male,14395.92,2024-04,2024
ORD001060,CUST0209,2024-02-08,Bedsheet,Home & Kitchen,1,12995.72,0.0,Debit Card,Kochi,Kerala,39.0,Male,12995.72,2024-02,2024
ORD004637,CUST0141,2025-08-10,Smart Watch,Electronics,1,69053.66,0.1,Debit Card,Madurai,Tamil Nadu,38.0,Female,62148.29,2025-08,2025
ORD003243,CUST0051,2024-12-20,Bluetooth Speaker,Electronics,1,16769.21,0.0,Credit Card,Mumbai,Maharashtra,26.0,Female,16769.21,2024-12,2024
ORD001679,CUST0167,2024-06-22,Running Shoes,Sports,1,4611.41,0.1,Credit Card,Hyderabad,Telangana,42.0,Male,4150.27,2024-06,2024
ORD001758,CUST0042,2025-12-18,SQL Guide,Books,1,254.68,0.2,Credit Card,Thiruvananthapuram,Kerala,25.0,Female,203.74,2025-12,2025
ORD004192,CUST1131,2024-01-28,Dumbbells,Sports,2,2252.79,0.1,Credit Card,Warangal,Telangana,27.0,Female,4055.02,2024-01,2024
ORD005117,CUST0214,2025-11-06,Cookware Set,Home & Kitchen,3,5967.42,0.0,UPI,Thiruvananthapuram,Kerala,24.0,Male,17902.26,2025-11,2025
ORD000564,CUST0401,2024-06-01,Bedsheet,Home & Kitchen,1,12798.95,0.05,Credit Card,Madurai,Tamil Nadu,21.0,Female,12159.0,2024-06,2024
ORD002791,CUST0420,2024-06-23,Sneakers,Fashion,1,1419.33,0.05,,Warangal,Telangana,41.0,Male,1348.36,2024-06,2024
ORD000864,CUST1072,2025-09-24,Football,Sports,2,6451.61,0.15,Net Banking,Thiruvananthapuram,Kerala,18.0,Female,10967.74,2025-09,2025
ORD001485,CUST1085,2024-01-26,Mixer Grinder,Home & Kitchen,5,13195.57,0.15,UPI,Pune,Maharashtra,30.0,Female,56081.17,2024-01,2024
ORD005135,CUST1022,2024-07-24,T-Shirt,Fashion,1,1464.52,0.15,Cash on Delivery,Mangaluru,Karnataka,25.0,Male,1244.84,2024-07,2024
ORD000207,CUST0210,2024-07-25,Shampoo,Beauty,1,1681.04,,Credit Card,Nagpur,Maharashtra,27.0,Male,1681.04,2024-07,2024
ORD004489,CUST0915,2025-04-19,Bluetooth Speaker,Electronics,1,48225.8,0.15,Credit Card,New Delhi,Delhi,28.0,Male,40991.93,2025-04,2025
ORD000871,CUST0025,2025-12-23,Backpack,Fashion,2,2881.81,0.1,Cash on Delivery,Hyderabad,Telangana,35.0,Male,5187.26,2025-12,2025
ORD004494,CUST0506,2024-04-28,Table Lamp,Home & Kitchen,3,2697.16,0.0,Debit Card,Mumbai,Maharashtra,42.0,Male,8091.48,2024-04,2024
ORD000503,CUST0167,2024-01-04,Data Analytics Book,Books,1,768.22,0.0,Cash on Delivery,Warangal,Telangana,27.0,Male,768.22,2024-01,2024
ORD001029,CUST0783,2025-03-26,Backpack,Fashion,1,5299.94,0.15,UPI,New Delhi,Delhi,35.0,Other,4504.95,2025-03,2025
ORD003841,CUST0539,2024-11-17,Yoga Mat,Sports,3,7364.53,0.0,Debit Card,Kochi,Kerala,28.0,Male,22093.59,2024-11,2024
ORD002691,CUST0723,2024-06-04,Backpack,Fashion,1,2905.0,0.05,Net Banking,Warangal,Telangana,32.0,Female,2759.75,2024-06,2024
ORD005582,CUST0072,2024-12-03,Sunscreen,Beauty,2,3479.42,0.05,UPI,New Delhi,Delhi,19.0,Female,6610.9,2024-12,2024
ORD005057,CUST1143,2025-01-26,Power Bank,Electronics,1,77184.19,0.15,Debit Card,New Delhi,Delhi,27.0,Male,65606.56,2025-01,2025
ORD001571,CUST0436,2024-05-17,Bluetooth Speaker,Electronics,3,35522.02,0.05,Net Banking,Mysuru,Karnataka,29.0,Female,101237.76,2024-05,2024
ORD002774,CUST0513,2024-01-04,Coffee Maker,Home & Kitchen,2,5239.65,0.0,UPI,Kochi,Kerala,18.0,Female,10479.3,2024-01,2024
ORD002732,CUST0139,2024-04-30,Perfume,Beauty,1,3327.89,0.05,Cash on Delivery,New Delhi,Delhi,50.0,Female,3161.5,2024-04,2024
ORD000805,CUST1025,2025-12-11,Perfume,Beauty,2,3613.73,0.05,Net Banking,Kochi,Kerala,21.0,Male,6866.09,2025-12,2025
ORD005848,CUST1037,2025-05-19,Jeans,Fashion,5,1052.04,0.05,UPI,Chennai,Tamil Nadu,24.0,Male,4997.19,2025-05,2025
ORD003646,CUST0079,2025-09-03,Dumbbells,Sports,2,3306.03,0.05,Credit Card,Warangal,Telangana,45.0,Female,6281.46,2025-09,2025
ORD002455,CUST0749,2025-01-04,Football,Sports,3,705.96,0.1,UPI,Mangaluru,Karnataka,21.0,Female,1906.09,2025-01,2025
ORD004599,CUST1126,2024-06-04,Laptop Stand,Electronics,1,18508.61,0.1,UPI,Mysuru,Karnataka,27.0,Male,16657.75,2024-06,2024
ORD003105,CUST0217,2025-02-15,Dumbbells,Sports,2,6214.19,0.1,UPI,Pune,Maharashtra,29.0,Female,11185.54,2025-02,2025
ORD004876,CUST0121,2024-01-01,Business Analytics,Books,3,315.35,0.15,UPI,New Delhi,Delhi,28.0,Male,804.14,2024-01,2024
ORD000201,CUST0924,2024-06-10,Cricket Bat,Sports,4,1254.36,0.1,UPI,Mumbai,Maharashtra,41.0,Female,4515.7,2024-06,2024
ORD003100,CUST0259,2024-03-11,Smart Watch,Electronics,1,1510.05,0.2,UPI,Warangal,Telangana,26.0,Male,1208.04,2024-03,2024
ORD002279,CUST0011,2024-04-28,Python Programming,Books,1,1895.21,0.05,Cash on Delivery,Mumbai,Maharashtra,39.0,Female,1800.45,2024-04,2024
ORD003562,CUST1054,2025-12-08,Shampoo,Beauty,1,2036.61,0.1,Credit Card,Nagpur,Maharashtra,34.0,Female,1832.95,2025-12,2025
ORD004475,CUST0885,2024-12-17,Wireless Headphones,Electronics,4,19191.1,0.0,Net Banking,Pune,Maharashtra,27.0,Female,76764.4,2024-12,2024
ORD004515,CUST0906,2024-01-16,Jeans,Fashion,4,485.7,0.2,Cash on Delivery,Thiruvananthapuram,Kerala,29.0,Male,1554.24,2024-01,2024
ORD005795,CUST0547,2024-04-24,Laptop Stand,Electronics,2,17010.75,0.15,Cash on Delivery,Mysuru,Karnataka,44.0,Female,28918.28,2024-04,2024
ORD000392,CUST1044,2024-05-16,Shampoo,Beauty,1,2641.65,0.15,UPI,Hyderabad,Telangana,24.0,Female,2245.4,2024-05,2024
ORD005619,CUST1102,2025-01-20,Coffee Maker,Home & Kitchen,3,4899.5,0.0,Credit Card,Madurai,Tamil Nadu,36.0,Male,14698.5,2025-01,2025
ORD005259,CUST0293,2024-06-10,Dumbbells,Sports,1,9932.84,0.05,Credit Card,Salem,Tamil Nadu,33.0,Female,9436.2,2024-06,2024
ORD001496,CUST0070,2025-09-25,Football,Sports,4,6874.62,0.1,Credit Card,Kochi,Kerala,36.0,Male,24748.63,2025-09,2025
ORD002696,CUST0232,2025-10-22,Sneakers,Fashion,3,5887.89,0.0,Cash on Delivery,Hyderabad,Telangana,53.0,Male,17663.67,2025-10,2025
ORD002028,CUST0529,2025-11-02,Backpack,Fashion,2,5129.8,0.2,Net Banking,Bengaluru,Karnataka,24.0,Female,8207.68,2025-11,2025
ORD005249,CUST0238,2025-07-28,Python Programming,Books,2,611.03,0.05,UPI,New Delhi,Delhi,45.0,Female,1160.96,2025-07,2025
ORD005464,CUST0102,2025-04-19,Face Wash,Beauty,4,2406.4,0.05,UPI,Pune,Maharashtra,42.0,Female,9144.32,2025-04,2025
ORD002569,CUST1023,2024-06-05,Cricket Bat,Sports,2,7450.32,0.0,Credit Card,Trichy,Tamil Nadu,42.0,Female,14900.64,2024-06,2024
ORD000065,CUST1050,2025-12-15,Backpack,Fashion,3,4699.57,0.0,Credit Card,Thiruvananthapuram,Kerala,36.0,Female,14098.71,2025-12,2025
ORD003885,CUST1023,2024-03-18,T-Shirt,Fashion,4,5419.91,0.0,UPI,Mangaluru,Karnataka,53.0,Female,21679.64,2024-03,2024
ORD002063,CUST0639,2024-07-21,Running Shoes,Sports,5,6412.05,0.0,Credit Card,Chennai,Tamil Nadu,42.0,Male,32060.25,2024-07,2024
ORD005277,CUST0100,2025-06-11,Running Shoes,Sports,3,5664.28,0.1,UPI,Hyderabad,Telangana,33.0,Female,15293.56,2025-06,2025
ORD000493,CUST0479,2025-11-27,Sneakers,Fashion,2,2579.57,0.15,Cash on Delivery,Pune,Maharashtra,29.0,Female,4385.27,2025-11,2025
ORD000380,CUST0554,2025-01-08,Jacket,Fashion,3,1035.27,0.2,UPI,New Delhi,Delhi,27.0,Male,2484.65,2025-01,2025
ORD004860,CUST1025,2025-12-02,Jacket,Fashion,2,3934.72,0.15,,Thiruvananthapuram,Kerala,18.0,Female,6689.02,2025-12,2025
ORD003994,CUST1185,2024-04-30,Wireless Headphones,Electronics,3,39244.02,0.05,Credit Card,Salem,Tamil Nadu,28.0,Male,111845.46,2024-04,2024
ORD004888,CUST0678,2024-02-27,Sunscreen,Beauty,2,2328.1,0.05,UPI,Nagpur,Maharashtra,31.0,Male,4423.39,2024-02,2024
ORD001077,CUST0412,2024-10-14,Jeans,Fashion,3,4288.63,0.15,Cash on Delivery,Mangaluru,Karnataka,34.0,Male,10936.01,2024-10,2024
ORD000879,CUST1174,2024-06-16,Backpack,Fashion,5,824.77,0.1,Credit Card,Thiruvananthapuram,Kerala,39.0,Male,3711.47,2024-06,2024
ORD000338,CUST0906,2024-07-24,Sneakers,Fashion,2,2290.84,0.2,UPI,Hyderabad,Telangana,27.0,Female,3665.34,2024-07,2024
ORD001017,CUST0194,2024-08-15,Sneakers,Fashion,1,4441.45,0.0,Credit Card,Thiruvananthapuram,Kerala,20.0,Female,4441.45,2024-08,2024
ORD001276,CUST0420,2024-01-09,Business Analytics,Books,2,570.84,0.0,Cash on Delivery,Thiruvananthapuram,Kerala,38.0,Male,1141.68,2024-01,2024
ORD003799,CUST0687,2024-11-13,Smart Watch,Electronics,1,30625.88,0.05,Credit Card,Mysuru,Karnataka,33.0,Male,29094.59,2024-11,2024
ORD004552,CUST0243,2025-05-14,Bedsheet,Home & Kitchen,2,8071.33,0.0,Cash on Delivery,Thiruvananthapuram,Kerala,38.0,Female,16142.66,2025-05,2025
ORD003343,CUST0696,2024-12-19,Bedsheet,Home & Kitchen,1,14300.22,0.0,UPI,Thiruvananthapuram,Kerala,41.0,Female,14300.22,2024-12,2024
ORD004912,CUST0604,2024-02-07,Jacket,Fashion,5,770.91,0.0,Credit Card,Kochi,Kerala,38.0,Male,3854.55,2024-02,2024
ORD000996,CUST0289,2024-07-11,Coffee Maker,Home & Kitchen,2,5780.93,0.0,Debit Card,Thiruvananthapuram,Kerala,28.0,Female,11561.86,2024-07,2024
ORD001982,CUST0788,2024-09-18,Jacket,Fashion,2,2411.88,0.05,UPI,Trichy,Tamil Nadu,21.0,Female,4582.57,2024-09,2024
ORD004298,CUST0734,2024-11-15,Perfume,Beauty,1,3824.11,0.2,Debit Card,Mangaluru,Karnataka,31.0,Female,3059.29,2024-11,2024
ORD000162,CUST0642,2024-12-10,Mixer Grinder,Home & Kitchen,5,3968.11,0.0,UPI,Kochi,Kerala,36.0,Female,19840.55,2024-12,2024
ORD005676,CUST1155,2025-07-17,Jeans,Fashion,5,5420.43,0.0,Cash on Delivery,Hyderabad,Telangana,27.0,Male,27102.15,2025-07,2025
ORD004799,CUST1132,2025-05-24,Wireless Headphones,Electronics,3,5819.69,0.0,UPI,Warangal,Telangana,20.0,Female,17459.07,2025-05,2025
ORD001501,CUST0004,2025-08-05,Perfume,Beauty,2,3546.06,0.2,Cash on Delivery,New Delhi,Delhi,23.0,Female,5673.7,2025-08,2025
ORD003844,CUST0530,2025-01-20,Table Lamp,Home & Kitchen,3,4162.55,0.05,UPI,Warangal,Telangana,,Male,11863.27,2025-01,2025
ORD005226,CUST0387,2025-04-14,T-Shirt,Fashion,1,4295.95,0.05,Credit Card,Mangaluru,Karnataka,29.0,Male,4081.15,2025-04,2025
ORD002614,CUST0917,2024-02-04,Laptop Stand,Electronics,1,38372.27,0.05,Debit Card,Bengaluru,Karnataka,28.0,Female,36453.66,2024-02,2024
ORD003462,CUST0535,2024-11-13,Bedsheet,Home & Kitchen,1,2751.68,0.1,UPI,Mysuru,Karnataka,43.0,Male,2476.51,2024-11,2024
ORD001022,CUST0013,2025-06-24,Python Programming,Books,3,326.44,0.15,Credit Card,Warangal,Telangana,28.0,Male,832.42,2025-06,2025
ORD003074,CUST0159,2025-01-11,Yoga Mat,Sports,2,7007.45,0.1,Debit Card,Thiruvananthapuram,Kerala,28.0,Male,12613.41,2025-01,2025
ORD003944,CUST0193,2024-04-17,Backpack,Fashion,1,4820.19,0.05,UPI,Warangal,Telangana,25.0,Male,4579.18,2024-04,2024
ORD001586,CUST0665,2025-02-17,Smart Watch,Electronics,3,22249.91,,UPI,New Delhi,Delhi,26.0,Female,63412.24,2025-02,2025
ORD001956,CUST0071,2025-02-12,Business Analytics,Books,2,1515.68,0.1,Net Banking,Thiruvananthapuram,Kerala,27.0,Male,2728.22,2025-02,2025
ORD003153,CUST0813,2024-12-08,Perfume,Beauty,3,1042.93,,Credit Card,Coimbatore,Tamil Nadu,22.0,Female,2659.47,2024-12,2024
ORD000035,CUST0776,2024-03-30,Jeans,Fashion,2,3922.08,0.15,Debit Card,Mysuru,Karnataka,25.0,Male,6667.54,2024-03,2024
ORD004015,CUST0641,2025-07-10,Jacket,Fashion,2,5138.85,0.2,UPI,Hyderabad,Telangana,25.0,Male,8222.16,2025-07,2025
ORD000776,CUST0341,2025-06-12,Cricket Bat,Sports,2,9696.69,0.15,Cash on Delivery,Hyderabad,Telangana,19.0,Male,16484.37,2025-06,2025
ORD002557,CUST0488,2024-07-11,Wireless Headphones,Electronics,1,30151.63,0.0,Net Banking,Nagpur,Maharashtra,46.0,Male,30151.63,2024-07,2024
ORD001479,CUST0323,2025-11-19,Smart Watch,Electronics,1,63807.19,0.05,Cash on Delivery,New Delhi,Delhi,18.0,Male,60616.83,2025-11,2025
ORD005487,CUST0133,2025-05-18,Bedsheet,Home & Kitchen,1,12918.8,0.05,Cash on Delivery,New Delhi,Delhi,20.0,Female,12272.86,2025-05,2025
ORD001364,CUST0640,2024-11-21,Mixer Grinder,Home & Kitchen,2,13320.82,0.0,Credit Card,Salem,Tamil Nadu,32.0,Male,26641.64,2024-11,2024
ORD002613,CUST1014,2024-02-18,Cookware Set,Home & Kitchen,5,13539.73,0.05,Credit Card,Madurai,Tamil Nadu,21.0,Female,64313.72,2024-02,2024
ORD002825,CUST0376,2025-06-19,Laptop Stand,Electronics,4,51691.7,0.15,UPI,New Delhi,Delhi,49.0,Male,175751.78,2025-06,2025
ORD002042,CUST0498,2025-04-03,Bluetooth Speaker,Electronics,2,76545.43,0.0,Credit Card,Thiruvananthapuram,Kerala,27.0,Female,153090.86,2025-04,2025
ORD000242,CUST0660,2025-04-28,Moisturizer,Beauty,3,2321.88,0.1,UPI,Warangal,Telangana,18.0,Female,6269.08,2025-04,2025
ORD002062,CUST1043,2024-02-05,Sneakers,Fashion,1,4840.72,0.05,Debit Card,Bengaluru,Karnataka,34.0,Female,4598.68,2024-02,2024
ORD002364,CUST0650,2025-03-15,Coffee Maker,Home & Kitchen,2,9264.18,0.0,Cash on Delivery,New Delhi,Delhi,23.0,Male,18528.36,2025-03,2025
ORD000601,CUST0788,2025-06-03,Power Bank,Electronics,2,67414.82,0.2,Credit Card,Mysuru,Karnataka,30.0,Male,107863.71,2025-06,2025
ORD002436,CUST0853,2024-09-30,Laptop Stand,Electronics,4,72315.9,0.0,UPI,Madurai,Tamil Nadu,47.0,Male,289263.6,2024-09,2024
ORD005394,CUST0493,2024-08-16,Laptop Stand,Electronics,2,15921.31,0.05,Cash on Delivery,New Delhi,Delhi,24.0,Male,30250.49,2024-08,2024
ORD002889,CUST0304,2025-07-22,Perfume,Beauty,1,3763.86,0.05,Debit Card,Chennai,Tamil Nadu,23.0,Male,3575.67,2025-07,2025
ORD000647,CUST0142,2025-12-13,Perfume,Beauty,1,2005.53,0.15,Debit Card,Chennai,Tamil Nadu,24.0,Female,1704.7,2025-12,2025
ORD003891,CUST0067,2024-01-02,Business Analytics,Books,3,1147.43,0.1,Debit Card,Mumbai,Maharashtra,24.0,Female,3098.06,2024-01,2024
ORD003557,CUST0141,2024-11-17,Wireless Headphones,Electronics,2,13850.11,0.2,Credit Card,Coimbatore,Tamil Nadu,33.0,Female,22160.18,2024-11,2024
ORD003203,CUST0664,2024-07-09,Coffee Maker,Home & Kitchen,1,3381.07,0.0,Credit Card,Madurai,Tamil Nadu,28.0,Male,3381.07,2024-07,2024
ORD001529,CUST0530,2024-11-22,Cookware Set,Home & Kitchen,5,5838.44,0.1,Cash on Delivery,New Delhi,Delhi,18.0,Male,26272.98,2024-11,2024
ORD001268,CUST0301,2024-06-18,Sneakers,Fashion,2,4797.36,0.1,Debit Card,New Delhi,Delhi,35.0,Male,8635.25,2024-06,2024
ORD001900,CUST0153,2024-02-24,Cookware Set,Home & Kitchen,2,6589.04,0.0,Credit Card,Mysuru,Karnataka,30.0,Male,13178.08,2024-02,2024
ORD004659,CUST0002,2025-05-23,Laptop Stand,Electronics,2,57397.77,0.05,Credit Card,Thiruvananthapuram,Kerala,42.0,Other,109055.76,2025-05,2025
ORD003006,CUST0120,2024-12-08,Laptop Stand,Electronics,1,33463.51,0.1,Credit Card,Warangal,Telangana,38.0,Male,30117.16,2024-12,2024
ORD002735,CUST0403,2024-07-27,Perfume,Beauty,2,3837.48,0.1,UPI,Kochi,Kerala,48.0,Male,6907.46,2024-07,2024
ORD000190,CUST0596,2024-08-15,Bedsheet,Home & Kitchen,2,5536.48,0.15,UPI,Salem,Tamil Nadu,24.0,Female,9412.02,2024-08,2024
ORD001807,CUST0379,2025-08-17,Smart Watch,Electronics,3,48078.55,0.0,,Thiruvananthapuram,Kerala,18.0,Female,144235.65,2025-08,2025
ORD000976,CUST1023,2024-07-02,Smart Watch,Electronics,2,39934.76,0.1,Credit Card,Salem,Tamil Nadu,41.0,Male,71882.57,2024-07,2024
ORD002748,CUST0435,2024-04-03,Face Wash,Beauty,2,3674.41,0.1,Debit Card,New Delhi,Delhi,47.0,Male,6613.94,2024-04,2024
ORD002048,CUST0578,2024-08-13,Smart Watch,Electronics,1,30233.4,0.1,Debit Card,Mumbai,Maharashtra,27.0,Male,27210.06,2024-08,2024
ORD002559,CUST0937,2025-11-27,Bluetooth Speaker,Electronics,2,22830.25,0.1,Credit Card,Bengaluru,Karnataka,21.0,Female,41094.45,2025-11,2025
ORD001083,CUST0983,2025-10-10,Sneakers,Fashion,1,1230.96,0.1,Net Banking,Hyderabad,Telangana,30.0,Male,1107.86,2025-10,2025
ORD000475,CUST0622,2025-02-05,Jacket,Fashion,5,5832.42,0.15,Credit Card,New Delhi,Delhi,23.0,Female,24787.78,2025-02,2025
ORD002905,CUST0985,2024-10-12,Wireless Headphones,Electronics,2,41366.64,0.05,Cash on Delivery,Warangal,Telangana,30.0,Female,78596.62,2024-10,2024
ORD004844,CUST0626,2025-03-27,T-Shirt,Fashion,4,4022.05,0.15,UPI,Chennai,Tamil Nadu,28.0,Female,13674.97,2025-03,2025
ORD004118,CUST0725,2025-10-02,Mixer Grinder,Home & Kitchen,1,6657.27,0.1,Debit Card,Hyderabad,Telangana,32.0,Female,5991.54,2025-10,2025
ORD003386,CUST0606,2024-02-28,Sneakers,Fashion,5,435.19,,UPI,Kochi,Kerala,29.0,Female,1958.35,2024-02,2024
ORD004556,CUST0557,2024-04-07,Cricket Bat,Sports,1,4200.96,0.15,UPI,New Delhi,Delhi,22.0,Female,3570.82,2024-04,2024
ORD001185,CUST0726,2025-11-28,Laptop Stand,Electronics,1,55298.34,0.2,Credit Card,Mangaluru,Karnataka,20.0,Female,44238.67,2025-11,2025
ORD005052,CUST0924,2024-07-04,Jacket,Fashion,2,3267.35,0.1,Debit Card,Trichy,Tamil Nadu,37.0,Male,5881.23,2024-07,2024
ORD005312,CUST0017,2024-08-17,Bedsheet,Home & Kitchen,2,4797.41,0.1,UPI,Mumbai,Maharashtra,44.0,Female,8635.34,2024-08,2024
ORD002434,CUST0964,2024-02-06,Jacket,Fashion,2,4601.4,0.05,Debit Card,Warangal,Telangana,18.0,Female,8742.66,2024-02,2024
ORD005612,CUST0019,2024-11-14,Running Shoes,Sports,4,1533.73,0.1,Credit Card,Kochi,Kerala,31.0,Female,5521.43,2024-11,2024
ORD002392,CUST1053,2025-04-01,Moisturizer,Beauty,1,3781.7,0.2,Cash on Delivery,Mangaluru,Karnataka,26.0,Female,3025.36,2025-04,2025
ORD000770,CUST0714,2024-01-29,Football,Sports,1,6283.58,0.0,UPI,Mangaluru,Karnataka,44.0,Male,6283.58,2024-01,2024
ORD001686,CUST0071,2024-01-31,Running Shoes,Sports,1,5826.24,0.0,UPI,Madurai,Tamil Nadu,30.0,Female,5826.24,2024-01,2024
ORD000131,CUST0318,2025-07-06,Power Bank,Electronics,1,31773.66,0.2,UPI,New Delhi,Delhi,18.0,Female,25418.93,2025-07,2025
ORD002920,CUST1196,2025-02-22,Business Analytics,Books,3,2300.62,0.0,UPI,Kochi,Kerala,35.0,Male,6901.86,2025-02,2025
ORD003172,CUST0991,2025-12-20,Table Lamp,Home & Kitchen,3,13039.29,0.15,UPI,Hyderabad,Telangana,30.0,Male,33250.19,2025-12,2025
ORD003445,CUST0749,2025-06-01,Bedsheet,Home & Kitchen,5,7115.06,0.0,Credit Card,Thiruvananthapuram,Kerala,40.0,Female,35575.3,2025-06,2025
ORD005579,CUST0785,2024-07-24,Cookware Set,Home & Kitchen,3,3627.08,0.05,UPI,Trichy,Tamil Nadu,25.0,Female,10337.18,2024-07,2024
ORD004427,CUST0065,2024-04-18,T-Shirt,Fashion,1,1187.33,0.15,UPI,Bengaluru,Karnataka,,Female,1009.23,2024-04,2024
ORD005335,CUST0795,2024-05-25,Mixer Grinder,Home & Kitchen,2,1738.81,0.15,UPI,Nagpur,Maharashtra,52.0,Male,2955.98,2024-05,2024
ORD000467,CUST0581,2025-01-12,Sunscreen,Beauty,1,2349.04,0.15,Debit Card,Coimbatore,Tamil Nadu,25.0,Male,1996.68,2025-01,2025
ORD005735,CUST0552,2025-07-25,Bedsheet,Home & Kitchen,2,8909.8,0.1,Cash on Delivery,Chennai,Tamil Nadu,26.0,Male,16037.64,2025-07,2025
ORD003093,CUST0340,2024-01-18,Laptop Stand,Electronics,3,43840.87,0.0,UPI,Bengaluru,Karnataka,36.0,Male,131522.61,2024-01,2024
ORD003773,CUST0869,2025-03-20,Wireless Headphones,Electronics,2,70619.82,0.1,Net Banking,New Delhi,Delhi,18.0,Female,127115.68,2025-03,2025
ORD005192,CUST0453,2024-12-31,Mixer Grinder,Home & Kitchen,2,3408.85,0.1,Cash on Delivery,Trichy,Tamil Nadu,34.0,Female,6135.93,2024-12,2024
ORD005227,CUST0786,2024-12-26,Table Lamp,Home & Kitchen,2,7907.81,0.15,UPI,Trichy,Tamil Nadu,18.0,Male,13443.28,2024-12,2024
ORD005391,CUST0111,2024-12-03,SQL Guide,Books,5,1566.64,0.0,Debit Card,Kochi,Kerala,25.0,Male,7833.2,2024-12,2024
ORD000861,CUST0279,2025-09-27,Backpack,Fashion,5,1870.41,0.05,Debit Card,Kochi,Kerala,36.0,Male,8884.45,2025-09,2025
